year,course_code,name,teacher,faculty,term,schedule,classroom,summary_excerpt,p_key,subtitle,summary,goal,study_outside,schedule_plan,textbook,reference,grading_method,notes_url,course_code_full,major_field,middle_field,minor_field,level,subject_category,year_assignment,credits,language,method_type
2026,HSSS103S,スポーツ教養演習II　01,林　直亨／堀田　文郎,スポーツ,秋学期,水２時限,01:１００-１１５ 01:１００-２１２ 01:所沢野球場 01:スポーツホール実習室１A 01:スポーツホール実習室１B,スポーツ界や社会が抱える問題を自分事として捉え，また，書籍の読み方を理解し......,2000001115012026200000111520,,"スポーツ界や社会が抱える問題を自分事として捉え，また，書籍の読み方を理解して，批評眼を持つために，書評の執筆を行う．学修したスポーツ科学の基礎の情報交換を通して，教養演習１よりも専門的な対話を実践し，専門知を交換する．
そこで，この授業は、スポーツ教養演習Ⅰに引き続き、以下の目的で実施する。授業はすべての回を担当教員全員で担当する。
・スポーツに関する様々な話題や基礎理論を幅広く学ぶ。
・アカデミック・ライティング、ピアレビューを通して、学術的な文章の書き方の技法を学修するとともに、その実践を行う。
・２年時からのコース選択に必要な情報を得る。",【コンテンツ】書籍を読み，筆者の主張を深く理解する．基礎的なスポーツ科学の学修内容に基づいて，ピアレビューを通して学生相互に専門知を交換し，基礎知識の理解を強固なものにする．演習科目で扱う内容を把握し，大学での学びの目標を考える．留学制度について知る．,各回の予習・復習には約90分～120分かかると想定されます。,"1:
第１回
オリエンテーション，ホームグループ設定，書評課題提示
2:
第２回
スポーツ実習
3:
第３回
ライティングスキルの解説（全体構成）
4:
第４回
ライティングスキルとピアレビューの基礎，書評の書き方指示
5:
第５回
ビブリオバトル１
6:
第６回
ピアレビュー実践
7:
第７回
対話，アウトラインとパラグラフライティング
8:
第８回
一文一義の解説，ピアレビュー実践
9:
第９回
ビブリオバトル２
10:
第10回
対話，ピアレビュー実践
11:
第11回
ピアレビュー実践
12:
第12回
コース内容に関する説明会
13:
第13回
スポーツ科学に関する講義⑦（担当・副担当専門領域）　ピアレビュー実践
14:
第14回
最終プレゼンテーションとまとめ",コピペと言われないレポートの書き方教室: 3つのステップ（著：山口裕之、出版社：新曜社）,必要に応じて、授業中に指示する。,"割合
評価基準
レポート:
50％
レポートによる評価
平常点評価:
50％
平常点による評価（ピアレビューの実施や振り返りの提出など）",【授業計画の進行順序は教養演習Ⅱのクラスによって異なります．進行順序については各クラスの担当教員の指示にしたがってください．】,HSSS103S,健康／スポーツ科学,スポーツ科学,スポーツ科学,初級レベル（入門・導入）,スポーツ教養演習,１年以上,1,日本語,【対面】
2026,HSSS103S,スポーツ教養演習II　02,成瀬　正俊／濱田　勇志／前田　慶明／林　直亨,スポーツ,秋学期,水２時限,１００-２１１,スポーツ界や社会が抱える問題を自分事として捉え，また，書籍の読み方を理解し......,2000001115022026200000111520,,"スポーツ界や社会が抱える問題を自分事として捉え，また，書籍の読み方を理解して，批評眼を持つために，書評の執筆を行う．学修したスポーツ科学の基礎の情報交換を通して，教養演習１よりも専門的な対話を実践し，専門知を交換する．
そこで，この授業は、スポーツ教養演習Ⅰに引き続き、以下の目的で実施する。授業はすべての回を担当教員全員で担当する。
・スポーツに関する様々な話題や基礎理論を幅広く学ぶ。
・アカデミック・ライティング、ピアレビューを通して、学術的な文章の書き方の技法を学修するとともに、その実践を行う。
・２年時からのコース選択に必要な情報を得る。",【コンテンツ】書籍を読み，筆者の主張を深く理解する．基礎的なスポーツ科学の学修内容に基づいて，ピアレビューを通して学生相互に専門知を交換し，基礎知識の理解を強固なものにする．演習科目で扱う内容を把握し，大学での学びの目標を考える．留学制度について知る．,各回の予習・復習には約90分～120分かかると想定されます。,"1:
第１回
オリエンテーション，ホームグループ設定，書評課題提示
2:
第２回
スポーツ実習
3:
第３回
ライティングスキルの解説（全体構成）
4:
第４回
ライティングスキルとピアレビューの基礎，書評の書き方指示
5:
第５回
ビブリオバトル１
6:
第６回
ピアレビュー実践
7:
第７回
対話，アウトラインとパラグラフライティング
8:
第８回
一文一義の解説，ピアレビュー実践
9:
第９回
ビブリオバトル２
10:
第10回
対話，ピアレビュー実践
11:
第11回
ピアレビュー実践
12:
第12回
コース内容に関する説明会
13:
第13回
スポーツ科学に関する講義⑦（担当・副担当専門領域）　ピアレビュー実践
14:
第14回
最終プレゼンテーションとまとめ",コピペと言われないレポートの書き方教室: 3つのステップ（著：山口裕之、出版社：新曜社）,必要に応じて、授業中に指示する。,"割合
評価基準
レポート:
50％
レポートによる評価
平常点評価:
50％
平常点による評価（ピアレビューの実施や振り返りの提出など）",【授業計画の進行順序は教養演習Ⅱのクラスによって異なります．進行順序については各クラスの担当教員の指示にしたがってください．】,HSSS103S,健康／スポーツ科学,スポーツ科学,スポーツ科学,初級レベル（入門・導入）,スポーツ教養演習,１年以上,1,日本語,【対面】
2026,HSSS103S,スポーツ教養演習II　03,佐々木　究／初雁　晶子／林　直亨,スポーツ,秋学期,水２時限,１００-４１０,スポーツ界や社会が抱える問題を自分事として捉え，また，書籍の読み方を理解し......,2000001115032026200000111520,,"スポーツ界や社会が抱える問題を自分事として捉え，また，書籍の読み方を理解して，批評眼を持つために，書評の執筆を行う．学修したスポーツ科学の基礎の情報交換を通して，教養演習１よりも専門的な対話を実践し，専門知を交換する．
そこで，この授業は、スポーツ教養演習Ⅰに引き続き、以下の目的で実施する。授業はすべての回を担当教員全員で担当する。
・スポーツに関する様々な話題や基礎理論を幅広く学ぶ。
・アカデミック・ライティング、ピアレビューを通して、学術的な文章の書き方の技法を学修するとともに、その実践を行う。
・２年時からのコース選択に必要な情報を得る。",【コンテンツ】書籍を読み，筆者の主張を深く理解する．基礎的なスポーツ科学の学修内容に基づいて，ピアレビューを通して学生相互に専門知を交換し，基礎知識の理解を強固なものにする．演習科目で扱う内容を把握し，大学での学びの目標を考える．留学制度について知る．,各回の予習・復習には約90分～120分かかると想定されます。,"1:
第１回
オリエンテーション，ホームグループ設定，書評課題提示
2:
第２回
スポーツ実習
3:
第３回
ライティングスキルの解説（全体構成）
4:
第４回
ライティングスキルとピアレビューの基礎，書評の書き方指示
5:
第５回
ビブリオバトル１
6:
第６回
ピアレビュー実践
7:
第７回
対話，アウトラインとパラグラフライティング
8:
第８回
一文一義の解説，ピアレビュー実践
9:
第９回
ビブリオバトル２
10:
第10回
対話，ピアレビュー実践
11:
第11回
ピアレビュー実践
12:
第12回
コース内容に関する説明会
13:
第13回
スポーツ科学に関する講義⑦（担当・副担当専門領域）　ピアレビュー実践
14:
第14回
最終プレゼンテーションとまとめ",コピペと言われないレポートの書き方教室: 3つのステップ（著：山口裕之、出版社：新曜社）,必要に応じて、授業中に指示する。,"割合
評価基準
レポート:
50％
レポートによる評価
平常点評価:
50％
平常点による評価（ピアレビューの実施や振り返りの提出など）",【授業計画の進行順序は教養演習Ⅱのクラスによって異なります．進行順序については各クラスの担当教員の指示にしたがってください．】,HSSS103S,健康／スポーツ科学,スポーツ科学,スポーツ科学,初級レベル（入門・導入）,スポーツ教養演習,１年以上,1,日本語,【対面】
2026,HSSS103S,スポーツ教養演習II　04,岡田　千あき／大島　惇史／村上　宏樹／林　直亨,スポーツ,秋学期,水２時限,１００-１１４,スポーツ界や社会が抱える問題を自分事として捉え，また，書籍の読み方を理解し......,2000001115042026200000111520,,"スポーツ界や社会が抱える問題を自分事として捉え，また，書籍の読み方を理解して，批評眼を持つために，書評の執筆を行う．学修したスポーツ科学の基礎の情報交換を通して，教養演習１よりも専門的な対話を実践し，専門知を交換する．
そこで，この授業は、スポーツ教養演習Ⅰに引き続き、以下の目的で実施する。授業はすべての回を担当教員全員で担当する。
・スポーツに関する様々な話題や基礎理論を幅広く学ぶ。
・アカデミック・ライティング、ピアレビューを通して、学術的な文章の書き方の技法を学修するとともに、その実践を行う。
・２年時からのコース選択に必要な情報を得る。",【コンテンツ】書籍を読み，筆者の主張を深く理解する．基礎的なスポーツ科学の学修内容に基づいて，ピアレビューを通して学生相互に専門知を交換し，基礎知識の理解を強固なものにする．演習科目で扱う内容を把握し，大学での学びの目標を考える．留学制度について知る．,各回の予習・復習には約90分～120分かかると想定されます。,"1:
第１回
オリエンテーション，ホームグループ設定，書評課題提示
2:
第２回
スポーツ実習
3:
第３回
ライティングスキルの解説（全体構成）
4:
第４回
ライティングスキルとピアレビューの基礎，書評の書き方指示
5:
第５回
ビブリオバトル１
6:
第６回
ピアレビュー実践
7:
第７回
対話，アウトラインとパラグラフライティング
8:
第８回
一文一義の解説，ピアレビュー実践
9:
第９回
ビブリオバトル２
10:
第10回
対話，ピアレビュー実践
11:
第11回
ピアレビュー実践
12:
第12回
コース内容に関する説明会
13:
第13回
スポーツ科学に関する講義⑦（担当・副担当専門領域）　ピアレビュー実践
14:
第14回
最終プレゼンテーションとまとめ",コピペと言われないレポートの書き方教室: 3つのステップ（著：山口裕之、出版社：新曜社）,必要に応じて、授業中に指示する。,"割合
評価基準
レポート:
50％
レポートによる評価
平常点評価:
50％
平常点による評価（ピアレビューの実施や振り返りの提出など）",【授業計画の進行順序は教養演習Ⅱのクラスによって異なります．進行順序については各クラスの担当教員の指示にしたがってください．】,HSSS103S,健康／スポーツ科学,スポーツ科学,スポーツ科学,初級レベル（入門・導入）,スポーツ教養演習,１年以上,1,日本語,【対面】
2026,HSSS103S,スポーツ教養演習II　05,松藤　貴秋／金子　萌子／古屋　良祐／林　直亨,スポーツ,秋学期,水２時限,１００-５０５,スポーツ界や社会が抱える問題を自分事として捉え，また，書籍の読み方を理解し......,2000001115052026200000111520,,"スポーツ界や社会が抱える問題を自分事として捉え，また，書籍の読み方を理解して，批評眼を持つために，書評の執筆を行う．学修したスポーツ科学の基礎の情報交換を通して，教養演習１よりも専門的な対話を実践し，専門知を交換する．
そこで，この授業は、スポーツ教養演習Ⅰに引き続き、以下の目的で実施する。授業はすべての回を担当教員全員で担当する。
・スポーツに関する様々な話題や基礎理論を幅広く学ぶ。
・アカデミック・ライティング、ピアレビューを通して、学術的な文章の書き方の技法を学修するとともに、その実践を行う。
・２年時からのコース選択に必要な情報を得る。",【コンテンツ】書籍を読み，筆者の主張を深く理解する．基礎的なスポーツ科学の学修内容に基づいて，ピアレビューを通して学生相互に専門知を交換し，基礎知識の理解を強固なものにする．演習科目で扱う内容を把握し，大学での学びの目標を考える．留学制度について知る．,各回の予習・復習には約90分～120分かかると想定されます。,"1:
第１回
オリエンテーション，ホームグループ設定，書評課題提示
2:
第２回
スポーツ実習
3:
第３回
ライティングスキルの解説（全体構成）
4:
第４回
ライティングスキルとピアレビューの基礎，書評の書き方指示
5:
第５回
ビブリオバトル１
6:
第６回
ピアレビュー実践
7:
第７回
対話，アウトラインとパラグラフライティング
8:
第８回
一文一義の解説，ピアレビュー実践
9:
第９回
ビブリオバトル２
10:
第10回
対話，ピアレビュー実践
11:
第11回
ピアレビュー実践
12:
第12回
コース内容に関する説明会
13:
第13回
スポーツ科学に関する講義⑦（担当・副担当専門領域）　ピアレビュー実践
14:
第14回
最終プレゼンテーションとまとめ",コピペと言われないレポートの書き方教室: 3つのステップ（著：山口裕之、出版社：新曜社）,必要に応じて、授業中に指示する。,"割合
評価基準
レポート:
50％
レポートによる評価
平常点評価:
50％
平常点による評価（ピアレビューの実施や振り返りの提出など）",【授業計画の進行順序は教養演習Ⅱのクラスによって異なります．進行順序については各クラスの担当教員の指示にしたがってください．】,HSSS103S,健康／スポーツ科学,スポーツ科学,スポーツ科学,初級レベル（入門・導入）,スポーツ教養演習,１年以上,1,日本語,【対面】
2026,HSSS103S,スポーツ教養演習II　06,中村　宣博／妙圓園　香苗／林　直亨,スポーツ,秋学期,水２時限,１００-４０２,スポーツ界や社会が抱える問題を自分事として捉え，また，書籍の読み方を理解し......,2000001115062026200000111520,,"スポーツ界や社会が抱える問題を自分事として捉え，また，書籍の読み方を理解して，批評眼を持つために，書評の執筆を行う．学修したスポーツ科学の基礎の情報交換を通して，教養演習１よりも専門的な対話を実践し，専門知を交換する．
そこで，この授業は、スポーツ教養演習Ⅰに引き続き、以下の目的で実施する。授業はすべての回を担当教員全員で担当する。
・スポーツに関する様々な話題や基礎理論を幅広く学ぶ。
・アカデミック・ライティング、ピアレビューを通して、学術的な文章の書き方の技法を学修するとともに、その実践を行う。
・２年時からのコース選択に必要な情報を得る。",【コンテンツ】書籍を読み，筆者の主張を深く理解する．基礎的なスポーツ科学の学修内容に基づいて，ピアレビューを通して学生相互に専門知を交換し，基礎知識の理解を強固なものにする．演習科目で扱う内容を把握し，大学での学びの目標を考える．留学制度について知る．,各回の予習・復習には約90分～120分かかると想定されます。,"1:
第１回
オリエンテーション，ホームグループ設定，書評課題提示
2:
第２回
スポーツ実習
3:
第３回
ライティングスキルの解説（全体構成）
4:
第４回
ライティングスキルとピアレビューの基礎，書評の書き方指示
5:
第５回
ビブリオバトル１
6:
第６回
ピアレビュー実践
7:
第７回
対話，アウトラインとパラグラフライティング
8:
第８回
一文一義の解説，ピアレビュー実践
9:
第９回
ビブリオバトル２
10:
第10回
対話，ピアレビュー実践
11:
第11回
ピアレビュー実践
12:
第12回
コース内容に関する説明会
13:
第13回
スポーツ科学に関する講義⑦（担当・副担当専門領域）　ピアレビュー実践
14:
第14回
最終プレゼンテーションとまとめ",コピペと言われないレポートの書き方教室: 3つのステップ（著：山口裕之、出版社：新曜社）,必要に応じて、授業中に指示する。,"割合
評価基準
レポート:
50％
レポートによる評価
平常点評価:
50％
平常点による評価（ピアレビューの実施や振り返りの提出など）",【授業計画の進行順序は教養演習Ⅱのクラスによって異なります．進行順序については各クラスの担当教員の指示にしたがってください．】,HSSS103S,健康／スポーツ科学,スポーツ科学,スポーツ科学,初級レベル（入門・導入）,スポーツ教養演習,１年以上,1,日本語,【対面】
2026,HSSS103S,スポーツ教養演習II　07,川間　羅聖／水田　良実／林　直亨,スポーツ,秋学期,水２時限,１００-１１６,スポーツ界や社会が抱える問題を自分事として捉え，また，書籍の読み方を理解し......,2000001115072026200000111520,,"スポーツ界や社会が抱える問題を自分事として捉え，また，書籍の読み方を理解して，批評眼を持つために，書評の執筆を行う．学修したスポーツ科学の基礎の情報交換を通して，教養演習１よりも専門的な対話を実践し，専門知を交換する．
そこで，この授業は、スポーツ教養演習Ⅰに引き続き、以下の目的で実施する。授業はすべての回を担当教員全員で担当する。
・スポーツに関する様々な話題や基礎理論を幅広く学ぶ。
・アカデミック・ライティング、ピアレビューを通して、学術的な文章の書き方の技法を学修するとともに、その実践を行う。
・２年時からのコース選択に必要な情報を得る。",【コンテンツ】書籍を読み，筆者の主張を深く理解する．基礎的なスポーツ科学の学修内容に基づいて，ピアレビューを通して学生相互に専門知を交換し，基礎知識の理解を強固なものにする．演習科目で扱う内容を把握し，大学での学びの目標を考える．留学制度について知る．,各回の予習・復習には約90分～120分かかると想定されます。,"1:
第１回
オリエンテーション，ホームグループ設定，書評課題提示
2:
第２回
スポーツ実習
3:
第３回
ライティングスキルの解説（全体構成）
4:
第４回
ライティングスキルとピアレビューの基礎，書評の書き方指示
5:
第５回
ビブリオバトル１
6:
第６回
ピアレビュー実践
7:
第７回
対話，アウトラインとパラグラフライティング
8:
第８回
一文一義の解説，ピアレビュー実践
9:
第９回
ビブリオバトル２
10:
第10回
対話，ピアレビュー実践
11:
第11回
ピアレビュー実践
12:
第12回
コース内容に関する説明会
13:
第13回
スポーツ科学に関する講義⑦（担当・副担当専門領域）　ピアレビュー実践
14:
第14回
最終プレゼンテーションとまとめ",コピペと言われないレポートの書き方教室: 3つのステップ（著：山口裕之、出版社：新曜社）,必要に応じて、授業中に指示する。,"割合
評価基準
レポート:
50％
レポートによる評価
平常点評価:
50％
平常点による評価（ピアレビューの実施や振り返りの提出など）",【授業計画の進行順序は教養演習Ⅱのクラスによって異なります．進行順序については各クラスの担当教員の指示にしたがってください．】,HSSS103S,健康／スポーツ科学,スポーツ科学,スポーツ科学,初級レベル（入門・導入）,スポーツ教養演習,１年以上,1,日本語,【対面】
2026,HSSS103S,スポーツ教養演習II　08,安永　太地／泉　主馬／林　直亨,スポーツ,秋学期,水２時限,１００-２１０,スポーツ界や社会が抱える問題を自分事として捉え，また，書籍の読み方を理解し......,2000001115082026200000111520,,"スポーツ界や社会が抱える問題を自分事として捉え，また，書籍の読み方を理解して，批評眼を持つために，書評の執筆を行う．学修したスポーツ科学の基礎の情報交換を通して，教養演習１よりも専門的な対話を実践し，専門知を交換する．
そこで，この授業は、スポーツ教養演習Ⅰに引き続き、以下の目的で実施する。授業はすべての回を担当教員全員で担当する。
・スポーツに関する様々な話題や基礎理論を幅広く学ぶ。
・アカデミック・ライティング、ピアレビューを通して、学術的な文章の書き方の技法を学修するとともに、その実践を行う。
・２年時からのコース選択に必要な情報を得る。",【コンテンツ】書籍を読み，筆者の主張を深く理解する．基礎的なスポーツ科学の学修内容に基づいて，ピアレビューを通して学生相互に専門知を交換し，基礎知識の理解を強固なものにする．演習科目で扱う内容を把握し，大学での学びの目標を考える．留学制度について知る．,各回の予習・復習には約90分～120分かかると想定されます。,"1:
第１回
オリエンテーション，ホームグループ設定，書評課題提示
2:
第２回
スポーツ実習
3:
第３回
ライティングスキルの解説（全体構成）
4:
第４回
ライティングスキルとピアレビューの基礎，書評の書き方指示
5:
第５回
ビブリオバトル１
6:
第６回
ピアレビュー実践
7:
第７回
対話，アウトラインとパラグラフライティング
8:
第８回
一文一義の解説，ピアレビュー実践
9:
第９回
ビブリオバトル２
10:
第10回
対話，ピアレビュー実践
11:
第11回
ピアレビュー実践
12:
第12回
コース内容に関する説明会
13:
第13回
スポーツ科学に関する講義⑦（担当・副担当専門領域）　ピアレビュー実践
14:
第14回
最終プレゼンテーションとまとめ",コピペと言われないレポートの書き方教室: 3つのステップ（著：山口裕之、出版社：新曜社）,必要に応じて、授業中に指示する。,"割合
評価基準
レポート:
50％
レポートによる評価
平常点評価:
50％
平常点による評価（ピアレビューの実施や振り返りの提出など）",【授業計画の進行順序は教養演習Ⅱのクラスによって異なります．進行順序については各クラスの担当教員の指示にしたがってください．】,HSSS103S,健康／スポーツ科学,スポーツ科学,スポーツ科学,初級レベル（入門・導入）,スポーツ教養演習,１年以上,1,日本語,【対面】
2026,HSSS103S,スポーツ教養演習II　09,前道　俊宏／守下　卓也／林　直亨,スポーツ,秋学期,水２時限,１００-２０５,スポーツ界や社会が抱える問題を自分事として捉え，また，書籍の読み方を理解し......,2000001115092026200000111520,,"スポーツ界や社会が抱える問題を自分事として捉え，また，書籍の読み方を理解して，批評眼を持つために，書評の執筆を行う．学修したスポーツ科学の基礎の情報交換を通して，教養演習１よりも専門的な対話を実践し，専門知を交換する．
そこで，この授業は、スポーツ教養演習Ⅰに引き続き、以下の目的で実施する。授業はすべての回を担当教員全員で担当する。
・スポーツに関する様々な話題や基礎理論を幅広く学ぶ。
・アカデミック・ライティング、ピアレビューを通して、学術的な文章の書き方の技法を学修するとともに、その実践を行う。
・２年時からのコース選択に必要な情報を得る。",【コンテンツ】書籍を読み，筆者の主張を深く理解する．基礎的なスポーツ科学の学修内容に基づいて，ピアレビューを通して学生相互に専門知を交換し，基礎知識の理解を強固なものにする．演習科目で扱う内容を把握し，大学での学びの目標を考える．留学制度について知る．,各回の予習・復習には約90分～120分かかると想定されます。,"1:
第１回
オリエンテーション，ホームグループ設定，書評課題提示
2:
第２回
スポーツ実習
3:
第３回
ライティングスキルの解説（全体構成）
4:
第４回
ライティングスキルとピアレビューの基礎，書評の書き方指示
5:
第５回
ビブリオバトル１
6:
第６回
ピアレビュー実践
7:
第７回
対話，アウトラインとパラグラフライティング
8:
第８回
一文一義の解説，ピアレビュー実践
9:
第９回
ビブリオバトル２
10:
第10回
対話，ピアレビュー実践
11:
第11回
ピアレビュー実践
12:
第12回
コース内容に関する説明会
13:
第13回
スポーツ科学に関する講義⑦（担当・副担当専門領域）　ピアレビュー実践
14:
第14回
最終プレゼンテーションとまとめ",コピペと言われないレポートの書き方教室: 3つのステップ（著：山口裕之、出版社：新曜社）,必要に応じて、授業中に指示する。,"割合
評価基準
レポート:
50％
レポートによる評価
平常点評価:
50％
平常点による評価（ピアレビューの実施や振り返りの提出など）",【授業計画の進行順序は教養演習Ⅱのクラスによって異なります．進行順序については各クラスの担当教員の指示にしたがってください．】,HSSS103S,健康／スポーツ科学,スポーツ科学,スポーツ科学,初級レベル（入門・導入）,スポーツ教養演習,１年以上,1,日本語,【対面】
2026,HSSS103S,スポーツ教養演習II　10,塚本　敏人／藤森　俊秀／林　直亨,スポーツ,秋学期,水２時限,１０１-２０１,スポーツ界や社会が抱える問題を自分事として捉え，また，書籍の読み方を理解し......,2000001115102026200000111520,,"スポーツ界や社会が抱える問題を自分事として捉え，また，書籍の読み方を理解して，批評眼を持つために，書評の執筆を行う．学修したスポーツ科学の基礎の情報交換を通して，教養演習１よりも専門的な対話を実践し，専門知を交換する．
そこで，この授業は、スポーツ教養演習Ⅰに引き続き、以下の目的で実施する。授業はすべての回を担当教員全員で担当する。
・スポーツに関する様々な話題や基礎理論を幅広く学ぶ。
・アカデミック・ライティング、ピアレビューを通して、学術的な文章の書き方の技法を学修するとともに、その実践を行う。
・２年時からのコース選択に必要な情報を得る。",【コンテンツ】書籍を読み，筆者の主張を深く理解する．基礎的なスポーツ科学の学修内容に基づいて，ピアレビューを通して学生相互に専門知を交換し，基礎知識の理解を強固なものにする．演習科目で扱う内容を把握し，大学での学びの目標を考える．留学制度について知る．,各回の予習・復習には約90分～120分かかると想定されます。,"1:
第１回
オリエンテーション，ホームグループ設定，書評課題提示
2:
第２回
スポーツ実習
3:
第３回
ライティングスキルの解説（全体構成）
4:
第４回
ライティングスキルとピアレビューの基礎，書評の書き方指示
5:
第５回
ビブリオバトル１
6:
第６回
ピアレビュー実践
7:
第７回
対話，アウトラインとパラグラフライティング
8:
第８回
一文一義の解説，ピアレビュー実践
9:
第９回
ビブリオバトル２
10:
第10回
対話，ピアレビュー実践
11:
第11回
ピアレビュー実践
12:
第12回
コース内容に関する説明会
13:
第13回
スポーツ科学に関する講義⑦（担当・副担当専門領域）　ピアレビュー実践
14:
第14回
最終プレゼンテーションとまとめ",コピペと言われないレポートの書き方教室: 3つのステップ（著：山口裕之、出版社：新曜社）,必要に応じて、授業中に指示する。,"割合
評価基準
レポート:
50％
レポートによる評価
平常点評価:
50％
平常点による評価（ピアレビューの実施や振り返りの提出など）",【授業計画の進行順序は教養演習Ⅱのクラスによって異なります．進行順序については各クラスの担当教員の指示にしたがってください．】,HSSS103S,健康／スポーツ科学,スポーツ科学,スポーツ科学,初級レベル（入門・導入）,スポーツ教養演習,１年以上,1,日本語,【対面】
2026,HSSS103S,スポーツ教養演習II　11,林　直亨,スポーツ,秋クォーター,金３-４,１００-Ｓ２０１,スポーツ界や社会が抱える問題を自分事として捉え，また，書籍の読み方を理解し......,2000001115112026200000111520,,"スポーツ界や社会が抱える問題を自分事として捉え，また，書籍の読み方を理解して，批評眼を持つために，書評の執筆を行う．学修したスポーツ科学の基礎の情報交換を通して，教養演習１よりも専門的な対話を実践し，専門知を交換する．
そこで，この授業は、スポーツ教養演習Ⅰに引き続き、以下の目的で実施する。授業はすべての回を担当教員全員で担当する。
・スポーツに関する様々な話題や基礎理論を幅広く学ぶ。
・アカデミック・ライティング、ピアレビューを通して、学術的な文章の書き方の技法を学修するとともに、その実践を行う。
・２年時からのコース選択に必要な情報を得る。",【コンテンツ】書籍を読み，筆者の主張を深く理解する．基礎的なスポーツ科学の学修内容に基づいて，ピアレビューを通して学生相互に専門知を交換し，基礎知識の理解を強固なものにする．演習科目で扱う内容を把握し，大学での学びの目標を考える．留学制度について知る．,各回の予習・復習には約90分～120分かかると想定されます。,"1:
第１回
オリエンテーション，ホームグループ設定，書評課題提示
2:
第２回
スポーツ実習
3:
第３回
ライティングスキルの解説（全体構成）
4:
第４回
ライティングスキルとピアレビューの基礎，書評の書き方指示
5:
第５回
ビブリオバトル１
6:
第６回
ピアレビュー実践
7:
第７回
対話，アウトラインとパラグラフライティング
8:
第８回
一文一義の解説，ピアレビュー実践
9:
第９回
ビブリオバトル２
10:
第10回
対話，ピアレビュー実践
11:
第11回
ピアレビュー実践
12:
第12回
コース内容に関する説明会
13:
第13回
スポーツ科学に関する講義⑦（担当・副担当専門領域）　ピアレビュー実践
14:
第14回
最終プレゼンテーションとまとめ",コピペと言われないレポートの書き方教室: 3つのステップ（著：山口裕之、出版社：新曜社）,必要に応じて、授業中に指示する。,"割合
評価基準
レポート:
50％
レポートによる評価
平常点評価:
50％
平常点による評価（ピアレビューの実施や振り返りの提出など）",【授業計画の進行順序は教養演習Ⅱのクラスによって異なります．進行順序については各クラスの担当教員の指示にしたがってください．】,HSSS103S,健康／スポーツ科学,スポーツ科学,スポーツ科学,初級レベル（入門・導入）,スポーツ教養演習,１年以上,1,日本語,【対面】
2026,HSSS101L,スポーツ科学概論　02,林　直亨／谷澤　薫平／前道　俊宏,スポーツ,秋学期,無フルOD,-,この半世紀の間に、スポーツは「科学」としての体裁を整え、そしてスポーツ科学......,2000001130022026200000113020,,"この半世紀の間に、スポーツは「科学」としての体裁を整え、そしてスポーツ科学は「スポーツを対象とする科学」と考えられている。本講義では、「スポーツ科学とはなにか」、「スポーツ科学にはどのような分野があるのか」、「それぞれの分野ではどのようなことを学ぶのか」など、その概要について学ぶ。
講義は、毎回それぞれの分野の専門教員および補助教員が分担し、フルオンデマンド授業の形式で講義を行う。",本授業では、スポーツ科学に関する教養を深めるために、スポーツ医科学、健康スポーツ、アスレティックトレーニング、スポーツコーチング、スポーツ教育、スポーツビジネス、スポーツ文化などに関連する基礎的な知識を身に付けることをねらいとする。,各回の復習としてMoodleで配布する資料を使用して講義内容に関する復習をしてください。この復習には90分～120分かかると想定されます。,"1:
第１回
オリエンテーション／スポーツ医科学を学ぶ（１）：心肺機能・筋・骨格・脳・心について
2:
第２回
スポーツ医科学を学ぶ（２）：栄養・スポーツ動作・免疫・精神活動について
3:
第３回
健康スポーツを学ぶ（１）：健康・身体活動による効果・栄養について
4:
第４回
健康スポーツを学ぶ（２）：遺伝・身体活動・行動変容・マーケティングについて
5:
第５回
アスレティックトレーニングを学ぶ（１）：役割・連携・安全・医学知識について
6:
第６回
アスレティックトレーニングを学ぶ（２）：パフォーマンス・法的責任・歴史について
7:
第７回
スポーツコーチングを学ぶ（１）：役割・技術・戦術・心理・トレーニング計画・日本人選手について
8:
第８回
スポーツコーチングを学ぶ（２）：各競技種目について（柔道・陸上競技・水泳競技・体操競技・レスリング・卓球・バレーボール・バスケットボール・サッカー・芸術スポーツ）
9:
第９回
スポーツ教育を学ぶ：倫理・体育授業・部活動について
10:
第10回
スポーツビジネスを学ぶ（１）：産業・組織・製作・メディア・イベント・ツーリズムについて
11:
第11回
スポーツビジネスを学ぶ（２）：企業・プロスポーツ・法について
12:
第12回
スポーツ文化を学ぶ（１）：文化研究・研究手法・スポーツ史・社会学について
13:
第13回
スポーツ文化を学ぶ（２）：メディア・舞踊・武道・グローバル・部活について
14:
第14回
到達度の確認",指定しません。毎回の授業に関連する資料を配布します。,,"割合
評価基準
試験:
50％
到達度の確認（第14回）
平常点評価:
50％
オンデマンド教材の視聴と、その後の小テストへの参加","本講義はフルオンデマンドで実施する。
フルオンデマンド授業の受講状況については、オンデマンド教材の視聴履歴から判断し、
10
週分以上の視聴を単位認定の必要条件とする。",HSSS101L,健康／スポーツ科学,スポーツ科学,スポーツ科学,初級レベル（入門・導入）,スポーツ科学概論,２年以上,2,日本語,【オンライン】フルオンデマンド
2026,HSSE202S,演習I（身体運動のメカニズム）,川上　泰雄,スポーツ,秋学期,月３時限,１０１-３０１,スポーツ・身体運動の仕組みを理解するために、実験実習を中心とした教育指導......,2000001602012026200000160220,人間の身体と動きを測る,"スポーツ・身体運動の仕組みを理解するために、実験実習を中心とした教育指導を行います。スポーツ・身体運動に対する科学的アプローチの視点を身につけることを目標とします。身体組成や筋機能、身体運動の解析などを予定しており、実験→分析→レポート作成→討議、を繰り返します。物理学、生物学、化学等の知識は前提としませんが、人間の身体の仕組みや身体運動の成り立ちについて、バイオメカニクスや運動生理学、解剖学の観点から学習しますので、関連領域の授業科目の履修を勧めます。
講義／実習は、所沢キャンパス110号館（フロンティアリサーチセンター）もしくはスポーツホールバイオメカニクス実験室での実施となります。シラバス検索で表示される101-301教室は使用しませんので気をつけてください。また、日本科学未来館研究エリア（最下段URL参照）において展開中の、理工学部の学生との共同研究や科学コミュニケーション活動に参加してもらう場合があります。これらの点をあらかじめご了承ください。",人間の身体や運動の仕組みの解明のための実験的アプローチの理解と実践能力の獲得をめざします。,各回の予習・復習には約90分～120分かかると想定されます。,"1:
第１回
授業ガイダンス
2:
第２回
身体組成（講義）
3:
第３回
身体組成（実習）
4:
第４回
発表・討議
5:
第５回
骨格筋の形態的特性（講義）
6:
第６回
骨格筋の形態的特性（実習）
7:
第７回
発表・討議
8:
第８回
骨格筋の機能的特性（筋力）（講義）
9:
第９回
骨格筋の機能的特性（筋力）（実習）
10:
第10回
発表・討議
11:
第11回
骨格筋の機能的特性（筋活動）（講義）
12:
第12回
骨格筋の機能的特性（筋活動）
13:
第13回
発表・討議
14:
第14回
総合討議１",授業時に適宜指示します,授業時に適宜指示します,"割合
評価基準
レポート:
50％
授業期間中に数回のレポートを課します
平常点評価:
50％
研究発表や討議の積極性を評価します","研究室のページを参照してください。
ウェブサイト
https://sites.google.com/view/waseda-biodynamics-lab/
インスタグラム
https://www.instagram.com/kawakami_lab_waseda/
日本科学未来館における理工学術院との共同研究「ヒューマンパフォーマンス研究所」の研究室（卒業研究等実施中）
https://www.miraikan.jst.go.jp/research/facilities/HumanMovementPerformance/",HSSE202S,健康／スポーツ科学,身体運動科学,身体運動科学,中級レベル（発展・応用）,演習I,２年以上,1,日本語,【対面】
2026,HSSE202S,演習I（スポーツ栄養学）,田口　素子,スポーツ,秋学期,水２時限,１００-４０３,基礎的な栄養学の知識を確認しながら、一般人またはスポーツ選手に対する栄養状......,2000001608012026200000160820,,基礎的な栄養学の知識を確認しながら、一般人またはスポーツ選手に対する栄養状態の評価方法について学び、自らの栄養状態についての測定や調査を通して、栄養アセスメントの基礎的な手法について身につける。なお、集計等は手計算でも行う。,"・栄養アセスメントの項目とそれぞれの方法について理解する。
・栄養アセスメントの評価基準について理解し、活用できるようになる。",各回の予習・復習には約90分～120分かかると想定されます。,"1:
第１回
ガイダンス
2:
第２回
栄養状態のアセスメント①　生理・生化学検査
3:
第３回
栄養状態のアセスメント②　身体計測・身体組成
4:
第４回
栄養状態のアセスメント③　食事調査（１）食事記録
5:
第５回
栄養状態のアセスメント③　食事調査（２）食品・料理の内容確認と栄養計算
6:
第６回
栄養状態のアセスメント③　食事調査（３）栄養計算
7:
第７回
栄養状態のアセスメント③　食事摂取基準の活用
8:
第８回
栄養状態のアセスメント④　活動記録とMETsを用いた計算
9:
第９回
栄養状態のアセスメント④　エネルギー消費量の分析
10:
第10回
栄養状態のアセスメント④　運動基準・運動指針について
11:
第11回
栄養状態のアセスメント④　エネルギー消費量の評価
12:
第12回
各自の状況に合わせた栄養摂取基準値の設定方法
13:
第13回
各自の栄養状態の総合評価と評価シートの作成①
14:
第14回
各自の栄養状態の総合評価と評価シートの作成②",「アスリートの栄養アセスメント（第一出版）」を配布する(卒論執筆時まで継続利用する)。また、作業用のプリントを配付する。,"スポーツ栄養学-理論と実際-（市村出版、2022）
日本人の食事摂取基準2025年版、日本食品成分表","割合
評価基準
レポート:
80％
毎回配布する課題（プリント）にしたがって作業し、課題を提出する。
平常点評価:
20％
授業参加の積極性や考察する姿勢態度により評価する。",,HSSE202S,健康／スポーツ科学,身体運動科学,身体運動科学,中級レベル（発展・応用）,演習I,２年以上,1,日本語,【対面】
2026,HSSM163S,演習I（脳と心とスポーツ）,西多　昌規,スポーツ,秋学期,月３時限,１００-Ｓ２０２,「脳と心とスポーツ」は、スポーツに関わるさまざまな精神機能や認知機能などを......,2000001610012026200000161020,眠りと体内リズムで心をからだを整える,"「脳と心とスポーツ」は、スポーツに関わるさまざまな精神機能や認知機能などを、睡眠や体内リズムという切り口で扱います。アスリートだけでなくビジネスパーソンにも必要な、リカバリー、コンディショニングにおける睡眠と生体リズムの重要性について学びます
演習Ⅰでは、まず自分自身の大学などでの活動、日常の睡眠覚醒リズムを発表してもらいます。続いて、広く使われている心理・睡眠評価法によって自己評価（セルフチェック）を行い、身近な関心を持ってもらいます。
研究室で行っている睡眠実験も、体験する機会を持ちます。
後半では、自分が関心を持ったテーマを自由に選んで、発表してもらいます。
睡眠・体内リズムはもちろんですが、脳科学や心理学に関心がある学生も歓迎します。
脳とメンタル、睡眠の正しい知識は、スポーツ領域に限らず、一般社会でも重要性が増してきています。これらの領域に関心のある学生の参加を期待しています。","・「脳と心とスポーツ」の分野がどのようなものであるのかを学ぶ。
・この分野における、自分の興味の方向性を定める。",各回の予習・復習には約90分～120分かかると想定されます。,"1:
第１回
オリエンテーション / 自己紹介、ゼミの年間計画、ゼミの内容紹介など
2:
第２回
発表（1） 自分の活動や睡眠・生活リズムについて
3:
第３回
発表（2） 自分の活動や睡眠・生活リズムについて
4:
第４回
発表（3） 自分の活動や睡眠・生活リズムについて
5:
第５回
発表（4） 自分の活動や睡眠・生活リズムについて
6:
第６回
【ディスカッション】自分の睡眠状態を自己評価する
7:
第７回
【ディスカッション】自分の眠気・覚醒度を自己評価する
8:
第８回
【ディスカッション】自分のクロノタイプ（朝型・夜型）を自己評価する
9:
第９回
【ディスカッション】自分のメンタル（気分、不安、気質など）を自己評価する
10:
第10回
【ディスカッション】実験室見学（フロンティアセンター113号室） 研究室で行っている研究、実験器具の紹介
11:
第11回
【ディスカッション】演習Ⅱで用いる課題図書の選出
12:
第12回
【プレゼンテーションとディスカッション（1）】自分の興味ある分野について
13:
第13回
【プレゼンテーションとディスカッション（2）】自分の興味ある分野について
14:
第14回
【プレゼンテーションとディスカッション（3）】自分の興味ある分野について",特に指定しません。,その都度配布・指定します。,"割合
評価基準
試験:
0％
実施しません。
レポート:
0％
実施しません。
平常点評価:
100％
発表（ゼミ前半、後半で各自2回を予定）を評価します。ゼミにおける積極性やコメント・質問の質・量も評価します。
その他:
0％
その他の評価項目はありません。","・対面が基本ですが、オンライン、オンデマンドなど講義形式は変更される場合があります。
・講義スケジュール、内容についても、変更の可能性があります。
・研究室では大学院生や企業との共同研究の実験も行っていますので、実験参加者として参加してくれる人も歓迎です。実験に参加することでの学びは、座学では得られないものがあります。
・本演習では特に研究に興味のある人、および日々のスポーツ活動から問題を抽出し解決したいアスリートを多く求めています。研究への強い希望があれば、研究室の研究活動に参加し、その中から卒業論文を仕上げていくことができます。また、大学院を希望する人であれば、演習から大学院研究につながるテーマを設定し、そのなかで研究を行い、学部時代であれば卒業論文と同時に学術誌への論文投稿もできるように指導することも可能です。",HSSM163S,健康／スポーツ科学,スポーツ医科学,衛生学,初級レベル（入門・導入）,演習I,２年以上,1,日本語,【対面】ハイブリッド（対面回数半数以上）
2026,HSSC202S,演習I（スポーツ社会学）,中澤　篤史,スポーツ,秋学期,木３時限,研究室,中澤ゼミでは、スポーツ・身体・人間に関連する社会現象を、社会学を中心とし......,2000001611012026200000161120,概念：スポーツ社会学の世界を知る,"中澤ゼミでは、スポーツ・身体・人間に関連する社会現象を、社会学を中心とした社会科学的アプローチから探究します。「なぜ？」と感じる不思議を、社会学的に解き明かすおもしろさを学んでください。
演習Ⅰでは、「概念：スポーツ社会学の世界を知る」というテーマで学習を進めます。具体的には、「社会」「逸脱」「ジェンダー」「格差」「競争」「障害」「資本主義」のキーワードで、文献講読・プレゼンテーション・ディスカッションを行います。
他にも、アクティブ・ラーニング形式でのグループワークやディベート、レポート作成やゼミ生相互のインタラクション、ゲストスピーカーを招いた特別企画も行います。
中澤ゼミのモットーは、「たくさん読む・たくさん話す・たくさん書く」。細かい専門性にとらわれることなく、幅広く思考を広げる学習を支援します。意欲あふれる学生の参加をお待ちしています。",演習Ⅰのねらいは、スポーツ社会学の世界を知る、です。,各回の予習・復習には約90分～120分かかると想定されます。,"1:
第１回
ガイダンス
2:
第２回
「大学」の「ゼミ」のアクティブ・ラーニング
3:
第３回
文献講読と討議（１）社会
4:
第４回
文献講読と討議（２）逸脱
5:
第５回
グループワーク：「スポーツ」を「社会学」する
6:
第６回
文献講読と討議（３）ジェンダー
7:
第７回
ディベート：スポ科は、このままで良いのか
8:
第８回
文献講読と討議（４）格差
9:
第９回
文献講読と討議（５）競争
10:
第10回
文献講読と討議（６）障害
11:
第11回
グループワーク：あなたの不思議を「問い」にする
12:
第12回
文献講読と討議（７）資本主義
13:
第13回
学習＆進路相談：先輩ゼミ生の話を聞いてみよう
14:
第14回
English Discussion（ゲストスピーカー）",適宜、授業内で知らせます。,,"割合
評価基準
平常点評価:
100％
スポーツ社会学の理論および方法の理解度",,HSSC202S,健康／スポーツ科学,スポーツ文化,スポーツ文化,中級レベル（発展・応用）,演習I,２年以上,1,日本語,【対面】
2026,HSSA202S,演習I（スポーツ運動学）,土屋　純,スポーツ,秋学期,月２時限,１００-３０７,スポーツなど身体運動の教育や指導の場では、運動に対する理解、評価、修正が......,2000001612012026200000161220,,スポーツなど身体運動の教育や指導の場では、運動に対する理解、評価、修正が要求される。運動の理解には、その運動はどのような意味をもつのか、その運動の運動課題や運動構造、運動技術は何か、運動の良し悪しを判断するためにはどこを見ればよいのか、といったことを明らかにしておくことが必要となる。運動の評価には、その運動のもつ意味がゆがめられていないか、理想像とのずれ（欠点）がどこにあるのかを明確にすることが求められる。また、運動の修正には、行われた運動の欠点ひとつひとつに対して修正方法を提示することが要求される。本演習では、履修者が具体的な運動を取り上げて、その指導書を作成する過程をたどりながら、スポーツ運動学において取り扱われる運動技術論、運動質論、運動の学習位相論といった各論を、「指導書」を作成する手順を踏みながら学ぶ。そこでは、運動技術、運動技能、局面構造、運動質把握のカテゴリー、運動共感、運動観察、自己観察、他者観察、運動発達、運動の習得・習熟といった運動学的なトピックが扱われる。,特定のスポーツの指導書の作成を通して、スポーツ運動学からみた運動把握の視点とその方法について修得し、あわせてそのスポーツの特性、トレーニング内容、一貫指導の方法について理解を深める。,各回の予習・復習には約90分～120分かかると想定されます。,"1:
第１回
ガイダンス
2:
第２回
テーマ：運動の分類、内容：指導書目次の作成
3:
第３回
テーマ：運動課題、内容：運動課題の明文化
4:
第４回
テーマ：運動の局面構造（１）、内容：運動の連続写真作成
5:
第５回
テーマ：運動の局面構造（２）、内容：局面構造の提示
6:
第６回
テーマ：運動技術、内容：各局面における運動技術の明文化
7:
第７回
テーマ：運動の練習方法（１）、内容：運動技術習得のための練習方法の明文化
8:
第８回
テーマ：運動の練習方法（２）、内容：運動技術習得のための練習方法の明文化
9:
第９回
テーマ：運動の修正（１）、内容：陥りやすい欠点とその修正方法の明文化
10:
第10回
テーマ：運動の修正（２）、内容：陥りやすい欠点とその修正方法の明文化
11:
第11回
テーマ：運動の発達（１）、内容：一貫指導システムの考案
12:
第12回
テーマ：運動の発達（２）、内容：一貫指導システムの考案
13:
第13回
テーマ：指導書提示（１）、内容：課題発表とディスカッション
14:
第14回
テーマ：指導書提示（２）、内容：課題発表とディスカッション",なし,"「マイネルスポーツ運動学」（K.マイネル著、金子明友訳、大修館書店、4,300円）
「運動学講義」（金子明友・朝岡正雄編著、大修館書店、2,000円）
「選手とコーチのためのスポーツ技術のトレーニング」（M.グロッサー・A.ノイマイヤー著、朝岡正雄・佐野淳・渡辺良夫訳、大修館書店、2,000円）
「教師のための運動学」（金子明友監修、大修館書店、2,060円）","割合
評価基準
レポート:
40％
最終授業時に提示する。演習で扱われた内容を深く理解しているかどうかを評価する。
平常点評価:
60％
毎回の授業で提示される課題に対する考察の内容について評価する。",,HSSA202S,健康／スポーツ科学,トレーナー,トレーナー,中級レベル（発展・応用）,演習I,２年以上,1,日本語,【対面】
2026,HSSA202S,演習I（ストレングス＆コンディショニング）,岡田　純一,スポーツ,秋学期,金１時限,79-702演習室,競技力向上を目指すスポーツ選手にばかりではなく、一般人の健康・体力づくり......,2000001613012026200000161320,,競技力向上を目指すスポーツ選手にばかりではなく、一般人の健康・体力づくりを目的として人々の筋力トレーニングに対するニーズが高まり、トレーニングを総合的にコーディネートし指導する専門家が活躍している。そこで要求されることは、科学的根拠に基づいた指導をしていくことである。本演習が掲げるコンディショニングとは障害予防、健康増進あるいは競技力向上のために筋力トレーニングを基盤として、筋力、パワー、スピード、柔軟性、全身持久力も含めた体力諸要素を高めようとすることである。科学的知識を活用し目的に応じたコンディショニングプログラムを立案するための素養を修得することが目的である。,"ストレングス＆コンディショニングに関する基礎知識を修得する。
基礎知識に基づきトレーニング計画を策定する。",各回の予習・復習には約90分～120分かかると想定されます。,"1:
第１回
ストレングス＆コンディショニング概論
2:
第２回
体力の概念とトレーニングの原理・原則
3:
第３回
神経－筋系とトレーニング
4:
第４回
レジスタンストレーニングのバイオメカニクス
5:
第５回
レジスタンストレーニングのプログラムデザイン
6:
第６回
呼吸循環系、エネルギー供給系とトレーニング
7:
第７回
有酸素性／無酸素性トレーニングのプログラムデザイン
8:
第８回
Periodization（期分け）トレーニング、トレーニング機器と施設
9:
第９回
プライオメトリクスとストレッチング
10:
第10回
一般人／高齢者／子供のプログラム作成における留意点
11:
第11回
コンディショニングの実践
12:
第12回
テストと評価、統計処理
13:
第13回
情報、文献検索とReference
14:
第14回
トレーニング計画の作成",ストレングス＆コンディショニングⅠ［理論編］（大修館書店）,ストレングストレーニング＆コンディショニング第４版（ブックハウスHD）,"割合
評価基準
レポート:
50％
レポートによる評価
平常点評価:
50％
口頭試問および課題討論における質疑応答",,HSSA202S,健康／スポーツ科学,トレーナー,トレーナー,中級レベル（発展・応用）,演習I,２年以上,1,日本語,【対面】
2026,HSSA202S,演習I（スポーツ生理学）,前田　清司,スポーツ,秋学期,水２時限,１００-３０１,本演習は、スポーツや食習慣改善などが身体に与える影響や競技スポーツにおける......,2000001616012026200000161620,,本演習は、スポーツや食習慣改善などが身体に与える影響や競技スポーツにおけるコンディショニングについて、スポーツ生理学の観点から学ぶ。授業では、これらに関係する研究トッピクスについての紹介や討論、さらには関連の実習を行い、健康の維持・増進や生活習慣病の予防・改善および競技力向上に役立てる基礎的な知識を学修する。,"・スポーツや食習慣改善などが身体に与える生理学的影響について基礎知識を深める。
・競技スポーツにおけるコンディショニングについて生理学的な基礎知識を深める。",各回の予習・復習には約90分～120分かかると想定されます。,"1:
第１回
演習の概要と進め方
2:
第２回
スポーツと血管年齢（1）：有酸素性運動
3:
第３回
スポーツと血管年齢（2）：筋力トレーニング
4:
第４回
生活習慣と血管年齢
5:
第５回
スポーツパフォーマンスと睡眠
6:
第６回
スポーツパフォーマンスとサプリメント
7:
第７回
スポーツと認知機能
8:
第８回
生活習慣と認知機能
9:
第９回
スポーツパフォーマンスと月経
10:
第10回
スポーツパフォーマンスとウォーミングアップ
11:
第11回
スポーツと肥満
12:
第12回
生活習慣と肥満
13:
第13回
興味のあるスポーツ科学の発表と討論（
1
）
14:
第14回
興味のあるスポーツ科学の発表と討論（
2
）",特になし。適宜、資料を配布する。,必要に応じて適宜紹介する。,"割合
評価基準
平常点評価:
100％
出席状況、発表内容、討論の積極性で評価する。",スポーツによる健康の維持・増進や生活習慣病の予防・改善、または競技力向上のためのコンディショニングに関心があり、スポーツ生理学の視点から一緒に「スポーツ」を科学（サイエンス）することに興味のある人を歓迎します。,HSSA202S,健康／スポーツ科学,トレーナー,トレーナー,中級レベル（発展・応用）,演習I,２年以上,1,日本語,【対面】
2026,HSSM202S,演習I（バイオメカニクス）,小沼　憲吾／加藤　真未子,スポーツ,秋学期,木１時限,１００-５０５,スポーツパフォーマンスにおける「身体運動」を計測する方法を学び、実践しま......,2000001617012026200000161720,,スポーツパフォーマンスにおける「身体運動」を計測する方法を学び、実践します。収集したデータを力学原理に基づいて解析する方法を学ぶことにより、スポーツパフォーマンスを構成する身体運動について考察します。,"１．バイオメカニクス研究で用いられる実験手法の1つについて、計測原理と使用方法を理解する。
２．この手法を用いてデータ収集ができるようになる。
３．収集したデータを解析するソフトを作成することができるようになる。","各回の予習・復習には約90分～120分かかると想定されます。
数値データの分析に数値計算ソフト『MatLab』を用いますので、各自PCを用意しておくことを勧めます。
実験やデータ処理によって授業が長引く可能性があるので、木曜日の１・２限目はゼミのために空けておいてください。","1:
第１回（担当：小沼憲吾）
オリエンテーション
2:
第２回（担当：小沼憲吾）
バイオメカニクスで用いられる実験手法１
3:
第３回（担当：小沼憲吾）
バイオメカニクスで用いられる実験手法２
4:
第４回（担当：小沼憲吾）
バイオメカニクスで用いられる実験手法３
5:
第５回（担当：小沼憲吾）
実験手法の活用１
6:
第６回（担当：小沼憲吾）
実験手法の活用２
7:
第７回（担当：小沼憲吾）
実験手法の活用３
8:
第８回（担当：加藤真未子）
ゼミ生の得意種目のデータ分析１
9:
第９回（担当：加藤真未子）
ゼミ生の得意種目のデータ分析２
10:
第10回（担当：加藤真未子）
４年生による卒業論文発表会への出席
11:
第11回（担当：加藤真未子）
ゼミ生の得意種目のデータ分析３
12:
第12回（担当：加藤真未子）
ゼミ生の得意種目のデータ分析４
13:
第13回（担当：加藤真未子）
分析結果の取りまとめ１
14:
第14回（担当：加藤真未子）
分析結果の取りまとめ２",教科書はとくに定めないでテーマに沿った論文や配布資料を参考に行う。,,"割合
評価基準
平常点評価:
50％
出席：30%、討議への参加：20%
その他:
50％
研究発表（プレゼンテーションと報告書作成）を2度行い、その内容を評価（25%×２）",,HSSM202S,健康／スポーツ科学,スポーツ医科学,スポーツ医科学,中級レベル（発展・応用）,演習I,２年以上,1,日本語,【対面】
2026,HSSE202S,演習I（スポーツ心理学）,正木　宏明,スポーツ,秋学期,木２時限,１００-３０７,アスリートの「こころ」の測定法と鍛え方にはどのようなものがあるのか、アス......,2000001618012026200000161820,,"アスリートの「こころ」の測定法と鍛え方にはどのようなものがあるのか、アスリートの巧みな動作はどのようにして生み出されるのか、などについて実験・調査を通して探求する演習です。演習Ⅰではスポーツ心理学に関する基礎知識を体験的に学習します。心理テスト、生理指標（心拍数、発汗、脳波、機能的MRIなど）、行動指標（反応時間、遂行成績など）の測定技術を習得し、アスリートの「こころ」のプロセスを探る方法論についての理解を深めます。主なテーマは、パーソナリティ（性格）、あがり（競技不安）、動機づけ、反応時間、運動学習、情動・認知機能などです。
なお本研究室ではここ数年、アスリートのあがりの神経メカニズムを解明し、あがりを簡便に防止する方法の開発に取り組んでいます。具体的には、視線停留、脳の右半球賦活化、プレパフォーマンスルーティーンなどを包括的に利用しています。また、巧みな動作を生み出す脳機能の解明や、運動実践に伴う認知機能向上のメカニズムについても研究しています。こうしたテーマに関心のある学生アスリートにとって有意義な知見を得る演習となっています。","１．スポーツ科学に適用できる心理テストを知る。
２．情動と動機づけの役割を理解する。
３．運動学習に重要な結果の知識（KR）、効率の良い練習法を理解する。
４．反応時間には何が反映されているかを理解する。",各回の予習・復習には約90分～120分かかると想定されます。,"1:
第１回
演習の進め方　　　　イントロダクション
2:
第２回
性格の測定法１　　　社会心理学的実験
3:
第３回
性格の測定法２　　　前回データ解釈とYG性格検査
4:
第４回
性格の測定法３　　　Neo-FFI、MPI、DIPCA、POMSなどの心理テストを用いたアスリートの性格測定
5:
第５回
性格心理学の理解　　パーソナリティ、情動、あがり、に関する研究法の理解
6:
第６回
情動とストレス　　　資料に基づく解説
7:
第７回
運動学習実習１　　　鏡映描写を用いた実験
8:
第８回
運動学習実習２　　　フィードバック実験
9:
第９回
運動学習実習３　　　集中練習と分散練習
10:
第10回
統計の基礎　　　t検定の理解と実践
11:
第11回
反応時間の測定１　　　データ収集（単純反応課題と選択反応課題）
12:
第12回
反応時間の測定２　　　データ収集（刺激－反応コンパチビリティ課題）
13:
第13回
反応時間の理解　　　測定データの解釈と解説
14:
第14回
生体信号の測定　　　生体信号（皮膚電位反応）の測定法",なし。プリントを配布する。,"上田雅夫 監『スポーツ心理学ハンドブック』実務教育出版、2000。
山崎勝男 監『スポーツ精神生理学』西村書店、2012。","割合
評価基準
レポート:
20％
期日までに、実験データを正しく測定し、評価できたか。
平常点評価:
80％
遅刻せずに出席したか。実習には積極的な態度で臨んだか。",,HSSE202S,健康／スポーツ科学,身体運動科学,身体運動科学,中級レベル（発展・応用）,演習I,２年以上,1,日本語,【対面】
2026,HSSC202S,演習I（国際スポーツ文化論）,石井　昌幸,スポーツ,秋学期,木３時限,79-703演習室,スポーツはいまや、地球規模で展開する文化事象である。その背景に、「ヒト・......,2000001621012026200000162120,,スポーツはいまや、地球規模で展開する文化事象である。その背景に、「ヒト・モノ・カネ・情報」が国境を越えて世界規模で流動する現代社会の状況があることは言うまでもない。スポーツ界はいまや、選手の国際的移籍、スポーツ用品企業の多国籍化、巨大メディアのスポーツ中継への参入など、さまざまな面においてグローバル化、ボーダレス化を進めている。このような現代の状況に対応するためには、諸外国や異文化に対する表面的な理解では不十分である。そこで本演習では、人文・社会科学的なアプローチをもって、このような国際スポーツの諸状況について考察する。本演習では特に、歴史学的な方法論を基本とするが、比較文化、文化人類学、社会学、現代思想、カルチュラル・スタディーズなどの関連諸領域をも視野に入れ、現代スポーツに関する複合的な文化研究を試みる。,演習Ⅰでは、スポーツの文化論的研究に必要な基本的方法と知識を習得することを目標とする。まず、近年の「新しい歴史学」、カルチュラル・スタディーズ、文化人類学、現代思想などの諸領域の成果を概観しながら、それらをスポーツ研究に応用する方法の基礎を習得する。そのために授業の後半では、各自が発表する時間を設け、じっさいにスポーツの文化論的研究に取り組み始める。,各回の予習・復習には約90分～120分かかると想定されます。,"1:
第１回
演習の概要と進め方
2:
第２回
スポーツ文化研究の諸様式①歴史学的アプローチとその成果
3:
第３回
スポーツ文化研究の諸様式②社会学的アプローチとその成果
4:
第４回
スポーツ文化研究の諸様式③文化人類学的アプローチとその成果
5:
第５回
スポーツ文化研究の諸様式④カルチュラル・スタディーズ的アプローチとその成果
6:
第６回
スポーツ文化研究の諸様式⑤現代思想的アプローチとその成果
7:
第７回
文献資料収集の方法とその演習①
8:
第８回
文献資料収集の方法とその演習②
9:
第９回
問題設定の方法と資料分析の方法①
10:
第10回
問題設定の方法と資料分析の方法②
11:
第11回
個人研究発表演習①
12:
第12回
個人研究発表演習②
13:
第13回
個人研究発表演習③
14:
第14回
個人研究発表演習④",研究室で独自に作成している研究指導用冊子を配布。,"多木浩二、『スポーツを考える』、ちくま新書、1995年。
菊池暁（編）、『身体論のすすめ』、丸善株式会社、2005年。
望田幸男（他著）、『新しい史学概論』、昭和堂、1991年。","割合
評価基準
試験:
実施しません。
レポート:
30％
個人研究発表で行った内容についてのレポートを課します。
平常点評価:
70％
個人研究発表の内容について評価します。他の人の発表に対しての質問やディスカッションの力・積極性を評価します。授業で説明した内容の理解度について、適宜小テストを行います。",国立国会図書館にて、資料収集の実習を行います。,HSSC202S,健康／スポーツ科学,スポーツ文化,スポーツ文化,中級レベル（発展・応用）,演習I,２年以上,1,日本語,【対面】
2026,HSSA202S,演習I（走りのコーチング科学）,礒　繁雄,スポーツ,秋学期,月４時限,１００-３０６,演習Ⅰは、スポーツ・動作を数値化するための容易な手法を基に、得られた数値......,2000001622012026200000162220,,"演習Ⅰは、スポーツ・動作を数値化するための容易な手法を基に、得られた数値を集計し発表する手法を学ぶ。また、「走り」の理論の学習と共に実践を伴い実技を加えて、走りの基礎知識を身につける。具体的には、運動課題に対する実践成果を数値化する視点を学ぶと共にゼミ生共同でデータの集計やチェック方法を学び発表方法と実践まで実行する。また、「走り」の理論を学習し実践することで身体の強化部位や個々の実践・注目しているスポーツ競技等動きの改善を考える。解析方法は、動作撮影やトレーニングの効果などを記録法、また、スポーツの状況を把握するための社会調査などの手法を学習する。
なおここでの走りは、スポーツ全般で行なわれている移動技術と循環運動としてとらえているため、陸上競技種目に特化したものではない。",走の理論とスポーツ種目間の共通点等をデータを基準に理解すると共に具体的コーチングプランが出来る様になることを目標とする。,データ収集や分析、発表のためのエクセル操作やパワーポイントの基礎知識は取得しておいた方がいい。また、個人が考えている「走り」の理念やトレーニング方法はまとめておいてほしい。,"1:
第１回
演習概要の説明と進め方
2:
第２回
個々のスポーツに関する興味と明らかにしたい内容の発表する。
3:
第３回
運動課題を説明し実践する。また、実践結果を数値化する手法を学びデータ化する。
4:
第４回
得られたデータは、基本的な統計法を学び個々またはグループでまとめる。
5:
第５回
前週の課題のまとめをもう一度行い、発表のための手法を学び個々またはグループで作成する。
6:
第６回
発表会を行い、全体の構成や個別の課題を明らかにする（１）
7:
第７回
発表会を行い、全体の構成や個別の課題を明らかにする（２）
8:
第８回
走りの理論的な視点とそのコーチングを学ぶ。
9:
第９回
走りの実践を課題に伴い各自実施し、これまでの感覚と実践の相違点を発表する。
10:
第10回
短距離走のトレーニング視点を学び実践すると共に、強化法を学ぶ。
11:
第11回
「走り」に対する個人の課題をまとめ実践計画やコーチング等のそれぞれの視点で発表する。
12:
第12回
動作撮影及び解析法を学ぶ
13:
第13回
各測定機器または社会調査法の基礎を学ぶ
14:
第14回
半期のまとめ、演習Ⅱへの提案",随時指示します。,随時指示します。,"割合
評価基準
レポート:
40％
課題設定
平常点評価:
60％
出席等",,HSSA202S,健康／スポーツ科学,トレーナー,トレーナー,中級レベル（発展・応用）,演習I,２年以上,1,日本語,【対面】
2026,HSSB202S,演習I（スポーツ組織論）,作野　誠一,スポーツ,秋学期,木２時限,79-609演習室,演習Ⅰ（スポーツ組織論）では、経営組織論の展開について概観し、その中で組......,2000001623012026200000162320,,演習Ⅰ（スポーツ組織論）では、経営組織論の展開について概観し、その中で組織現象の説明として有力な理論について理解する。授業の進行は基本的な発表技法を学んだ後に、毎授業の担当者が関係書籍や論文等の資料を論読し、質疑応答やディスカッションを通じて履修学生の知識の蓄積をしていく。,本授業では、論文輪読を通じて経営組織論を蓄積する。各回の担当者が報告するテーマは多岐にわたるが、各自の経験と情報収集力を動員しながら、スポーツ場面に即した説明および解釈が求められる。このような活動を通じて、スポーツ諸事象を組織マネジメントの観点から捉えることのできる能力の涵養を図る。,各回の予習・復習には約90分～120分かかると想定されます。,"1:
第１回
授業ガイダンス
2:
第２回
発表の技法
3:
第３回
文献輪読（１）　組織観と人間観
4:
第４回
文献輪読（２）　モチベーション
5:
第５回
文献輪読（３）　個人と組織
6:
第６回
文献輪読（４）　集団の機能
7:
第７回
文献輪読（５）　リーダーシップ
8:
第８回
文献輪読（６）　組織文化
9:
第９回
文献輪読（７）　組織デザイン
10:
第10回
文献輪読（８）　組織変革
11:
第11回
文献輪読（９）　組織全体の方向づけと働く個人
12:
第12回
ディスカッション（１）
13:
第13回
ディスカッション（２）
14:
第14回
まとめ",適宜、紹介する。,適宜、紹介する。,"割合
評価基準
レポート:
50％
課題は15回目の授業で提示します。与えられた課題を演習内容の視点と絡めて深く考察できるかどうかを評価します。
平常点評価:
50％
各個人に割り当てられたテーマに関する発表内容についてと、他の人の発表に対する質問やディスカッションへの参加度合いを総合的に評価します。",,HSSB202S,健康／スポーツ科学,スポーツビジネス,スポーツビジネス,中級レベル（発展・応用）,演習I,２年以上,1,日本語,【対面】
2026,HSSA202S,演習I（コーチングとこころの科学）,堀野　博幸,スポーツ,秋学期,月４時限,79-403室（ラーニングコモンズ室),Key words：コーチング，スポーツ心理学，チームビルディング，データ処理 本......,2000001626012026200000162620,,"Key words
：コーチング，スポーツ心理学，チームビルディング，データ処理
本演習では，育成年代からトップレベルまでを対象とし，アスリートの成長に関係する課題に関し「コーチング科学」と「スポーツ心理学」の観点から研究を進める．研究では，アスリートやコーチの直面する「心理的課題」や「パフォーマンス向上に関する課題（ゲーム・戦術戦略分析など）」について取り扱う．
授業では，スポーツ現場における具体的課題を取り上げ，実習やプレゼンテーション＆ディスカッションを通してその課題の本質を考察し，課題解決の研究法の習得を目指す．また実習を通じて，実際のチームビルディングについても考察していく．
国内または海外での調査あるいは実験に関するグループワークを必須とし，常にスポーツフィールドを視野に入れながら，問題解決の方向性を検討する．研究テーマにより，海外での現地調査を必須とする．",・ 　 チームビルディングの理論と実践を理解する,"事前・事後学習には，各１時間程度が必要になります．それぞれの内容は下記になります．
事前学習（各回共通／授業前）
・ 次回扱うテーマに関する情報収集と予習（30〜60分）
・ 専門用語・基本概念の整理
・ 必要に応じ，関連情報の収集
・ 事前課題（ミニレポート提出など）
事後学習（各回共通／授業後）
・ 授業内容の要点と疑問点の整理（30〜60分）
・ 配布資料・スライドの復習
・ 授業内で扱った理論・事例についての追跡調査
・ 課題（レポート・プレゼン資料等）の作成
・ 次回授業に向けた疑問点の整理と情報収集","1:
テーマ１
ガイダンス
2:
テーマ２
リーダーシップ＆フォロワーシップ
3:
テーマ３
チームビルディング実習①
4:
テーマ４
グループワーク＆研究法①
5:
テーマ５
グループワーク
6:
テーマ６
プレゼン＆ディスカッション
7:
テーマ７
合同アクティビティ
8:
テーマ８
チームビルディング
9:
テーマ９
チームビルディング実習②
10:
テーマ１０
グループワーク＆研究法②
11:
テーマ１１
グループワーク
12:
テーマ１２
グループワーク
13:
テーマ１３
プレゼン＆ディスカッション
14:
テーマ１４
コーチングに関する諸課題（招聘講師）・まとめ",なし,"・ 日本スポーツ協会（2021）リファレンスブック（第４版）．日本スポーツ協会．
・ パーマー・ワイブラウ ；堀正 監訳（2011）コーチング心理学ハンドブック ．金子書房．
・ ジョセフ・オコナー(著), アンドレア・ラゲス(著), 杉井要一郎(訳)（2012）コーチングのすべて――その成り立ち・流派・理論から実践の指針まで．英治出版．
・ 堀野博幸（2016）こころを強くする夢ノート．ブックマン社．
・ 松山博明・堀野博幸ほか（2024）サッカー選手・指導者のためのメンタルガイド．大修館書店．","割合
評価基準
レポート:
50％
課題レポートを評価する
平常点評価:
50％
授業への取り組みと出席状況（欠席は原則として３回未満）","・
「スポーツ心理学」，「コーチング心理学」，「スポーツコーチング学」，「基礎統計学」を履修すること．
・
授業に関する連絡は，
Waseda Moodle
を通じて行いますので，定期的に
Waseda Moodle
を確認してください．
・
２月上旬に実施するゼミ合宿への参加を必須
としています．研究内容により，国内・海外現地調査を必須となります．
・
月曜日の３，４時限は他学年やゼミ全体のアクティビティーを予定しています．そのため，他の授業科目を登録しないように協力をお願いします．",HSSA202S,健康／スポーツ科学,トレーナー,トレーナー,中級レベル（発展・応用）,演習I,２年以上,1,日本語,【対面】
2026,HSSA202S,演習I（コーチング論）,奥野　景介,スポーツ,秋学期,木３時限,79-303講義室,本演習では、スポーツコーチングを通じて、社会に貢献する人材を養成することを......,2000001627012026200000162720,,"本演習では、スポーツコーチングを通じて、社会に貢献する人材を養成することを目指します。
コーチングの現場では、プレーヤーの主体的な学びを発達段階にあわせて支援していくことが重要です。また、それぞれのコーチはより良い社会の形成に寄与するコーチング文化を構築していく一員であることを自覚し、自らの能力開発や成長に対して積極的に取り組んでいく必要があります。
また、対象のレベルは初心者からハイパフォーマンスのアスリートまで、年齢はジュニアからシニア、目的はグラスルーツ、スポーツ及び競技スポーツを考えていきます。",• 自らのコーチングの置かれた背景や環境を適切に描写・分析し、その特徴を明確に述べることができるようになる。,各回の予習・復習には約90分～120分かかると想定されます。,"1:
第１回
ガイダンス、授業計画
2:
第２回
コーチングの理念・哲学
3:
第３回
多様なコーチング文脈
4:
第４回
コーチに求められるもの
5:
第５回
コーチの学び
6:
第６回
プレゼン１
7:
第７回
コーチのセルフコントロール
8:
第８回
コーチのコミュニケーション
9:
第９回
コーチングとリーダーシップ
10:
第10回
プレゼン２
11:
第11回
多様な思考法に基づくコーチング
12:
第12回
運動部員の進路・キャリアデザイン
13:
第13回
プレゼン３
14:
第14回
到達度の確認及び講評",グッドコーチになるためのココロエ（培風館 ）,,"割合
評価基準
レポート:
50％
課題の出来によって評価する。
平常点評価:
50％
２／３以上の出席を要する。","スポーツコーチング学等の履修を勧める。場合によっては、ネットワークを利用して遠隔授業で行うこともある。
競技力を向上させたい、コーチングを学びたい、上級生になった時に団体の運営や指導方法を知っておきたい、日本代表を狙っていきたい等、ゼミを通じてディスカッションおよびアドバイスをします。
連絡先：okunok@waseda.jp",HSSA202S,健康／スポーツ科学,トレーナー,トレーナー,中級レベル（発展・応用）,演習I,２年以上,1,日本語,【対面】
2026,HSSE202S,演習I（脳科学からみる運動生理学）,宝田　雄大,スポーツ,秋学期,水１時限,１００-Ｓ１０２,本演習Ⅰでは、身体運動やスポーツに関連した「各自の興味あるテーマ」を探索し......,2000001628012026200000162820,,"本演習Ⅰでは、身体運動やスポーツに関連した「各自の興味あるテーマ」を探索し、研究の基礎となる分析的アプローチを身につけることを目的とする。最大筋力の変動、無意識的動機づけ、加圧トレーニングの生理学・神経科学など、身体運動を支える脳・神経・筋のメカニズムを題材に、身体運動を一つのシステムとして統合的に理解する視点を養う。
本演習には、医科学コースに限らず、身体運動に関わる幅広い分野に興味を持つ学生が参加する。
そのため、テーマ設定は分野を限定せず、学生が関心を持つ領域から自由に選択できるようにする。
一方で、本研究室の専門性である生理学・神経科学に触れる機会として、教員が適宜用意する体験型実験実習に被験者として参加することで、専門的視点を無理なく体験できる構造とする。
授業は、
- 個別面談（対面）
- 体験型実験実習（対面・個別面談直後に適宜実施）
- 課題提示型オンデマンド（Moodle）
を組み合わせて実施する。
毎回決まった時限に集合する形式ではなく、学生の進捗に応じて面談および実験実習の日時を個別に調整する。課題は授業初回から Moodle 上で提示され、締切日までに提出する形式で進める。
学生は、興味あるテーマについて調査・レポート作成に取り組み、必要に応じてレジメ（A4 1〜2枚）を作成し発表を行う。また、身体運動に関連した生理学・神経科学の基礎について輪読を行う場合がある。","- 身体運動やスポーツに関連した興味あるテーマを探索し、研究の基礎となる問いを立てられるようになる。
- 身体運動を脳・神経・筋の統合システムとして理解する視点を身につける。
- 文献調査・要約・レポート作成など、研究基礎スキルを習得する。
- DP（学位授与方針）に対応する論理的思考力・分析力を養う。","各回の Moodle 掲載内容の読解、文献調査、レポート作成、面談準備などに 90〜120分程度 を要する。
研究テーマに応じて学修内容は変動する。","1:
第１回
オリエンテーション（本講義の目的と概要） ／ 本講義の目的と概要について説明します。
※演習は学生の進捗に応じて内容を調整するため、以下は標準的な進行例である。
※個別面談および体験型実験実習は、学生の進捗に応じて 対面で適宜実施する。
2:
第２回
“身体運動の興味あるテーマ”の調査Ⅰ（１）
3:
第３回
“身体運動の興味あるテーマ”のレポート作成Ⅰ（１）
4:
第４回
“身体運動の興味あるテーマ”の調査Ⅰ（２）
5:
第５回
“身体運動の興味あるテーマ”のレポート作成Ⅰ（２）
6:
第６回
“身体運動の興味あるテーマ”の調査Ⅰ（３）
7:
第７回
“身体運動の興味あるテーマ”のレポート作成Ⅰ（３）
8:
第８回
“身体運動の興味あるテーマ”の調査Ⅰ（４）
9:
第９回
“身体運動の興味あるテーマ”のレポート作成Ⅰ（４）
10:
第10回
“身体運動の興味あるテーマ”の調査Ⅰ（５）
11:
第11回
“身体運動の興味あるテーマ”のレポート作成Ⅰ（５）
12:
第12回
“身体運動の興味あるテーマ”の発表Ⅰ（１）（適宜）
13:
第13回
“身体運動の興味あるテーマ”の発表Ⅰ（２）（適宜）
14:
第14回
“身体運動の興味あるテーマ”の発表Ⅰ（３）（適宜）",必要に応じ、適宜、紹介する。,標準生理学（医学書院）、カールソン神経科学テキスト　脳と行動（丸善）、脳と運動（共立出版）、脳のしくみ（池田書店）、タッチ（医学書院）、意識の探求　－神経科学からのアプローチ（岩波書店）、筋肉研究最前線（エヌ・ティー・エス）,"割合
評価基準
レポート:
50％
興味あるテーマに基づく調査内容を、演習の視点と関連づけて論理的に考察しているかを評価する。
平常点評価:
50％
個別面談での取り組み姿勢、指摘への対応、体験型実験実習への参加状況、課題への取り組みを総合的に評価する。","・本演習では自主性・独創性を重視する。目的意識を持たない学生には履修を勧めない。
・履修者数や理解度、進捗状況に応じて授業計画や開講形態を変更する場合がある。
・個別面談および体験型実験実習は
対面で実施
する。
・課題は Moodle 上で提示され、締切日までに提出する。
・資料は標準形式で提供する。資料形式の大幅な変更には限界があるため、必要な合理的配慮については履修前に障がい学生支援室へ相談すること。合理的配慮は大学の手続きに基づき検討される。
担当教員について
https://researchmap.jp/Yt_read210422
http://scholar.google.co.jp/citations?user=8JwZqCIAAAAJ&hl=ja",HSSE202S,健康／スポーツ科学,身体運動科学,身体運動科学,中級レベル（発展・応用）,演習I,２年以上,1,日本語,【対面】
2026,HSSC202S,演習I（ダンサー論）,杉山　千鶴,スポーツ,秋学期,月３時限,１００-３０７,本演習は〈舞踊〉〈ダンス〉を対象の主とするが、これに限らず、広く身体を用い......,2000001629012026200000162920,,"本演習は〈舞踊〉〈ダンス〉を対象の主とするが、これに限らず、広く身体を用いる活動の実践者／パフォーマーにまつわる様々な問題を多様な視点から見つめ、各方面からのアプローチを試みるものである。主に履修者自身に最も近しいジャンルを対象として理解を深め、かくあるべしとの実践者／パフォーマー観の確立を目指す。その際には、自らの体験に依拠することもある。またその一助として、当該の活動のありようを、歴史・政治・経済・社会等々の側面から見つめ、問題意識を持って対峙することもある。
演習Ⅰでは、履修者が関心のあるところについて関連する文献や論考を講読・発表する作業を繰り返しながら、関心の対象やその周辺に詳しくなると共に、関心を絞り込み、可能であれば特定する。
なお冬季ならびに春季休業中には、興味・関心のある文献を読んでレポートを作成する。冬季休業中のレポートは1月に発表する。",自身の関心を絞り込む。,"事前学習：自身の関心に基づく文献・論考を読み、概要とそれに対する自身の考えをまとめてレジュメを作成する（90～120分）
事後学習：ディスカッションを通して得た知見をまとめ、新たに生じた関心に基づく文献・論文を読む（60～90分）","1:
第１回：ガイダンス
顔合わせ。ダンサー論ゼミならびに本科目の概要と授業計画の説明。
発表の方法、論考の検索、レジュメの作成についての説明。
また実際に論考を検索する。
2:
第２回：発表０
発表の具体的事例を示し、発表内容、そしてその内容をいかに活かすかを説明する。
3:
第３回：自身の関心についての発表（その１）
身体を用いる活動の実践者／パフォーマーにまつわる様々な問題について、各自にとって最も身近な、或いは関心のあるものに関する文献・論考を読み、その内容と自身の考えを報告する。これを受けてディスカッションをおこなう。
4:
第４回：自身の関心についての発表（その２）
身体を用いる活動の実践者／パフォーマーにまつわる様々な問題について、各自にとって最も身近な、或いは関心のあるものに関する文献・論考を読み、その内容と自身の考えを報告する。これを受けてディスカッションをおこなう。
5:
第５回：関心に基づいた論考の検討とディスカッション①-1
第３・４回目の発表を受けて、関連する事柄、或いは深化させた内容の文献・論考を読み、その内容と自身の考えを報告する。これを受けてディスカッンをおこなう。
6:
第６回：関心に基づいた論考の検討とディスカッション①-２
第３・４回目の発表を受けて、関連する事柄、或いは深化させた内容の文献・論考を読み、その内容と自身の考えを報告する。これを受けてディスカッンをおこなう。
7:
第７回：関心に基づいた論考の検討とディスカッション①-３
第３・４回目の発表を受けて、関連する事柄、或いは深化させた内容の文献・論考を読み、その内容と自身の考えを報告する。これを受けてディスカッションをおこなう。
8:
第８回：関心に基づいた論考の検討とディスカッション①-４
第３・４回目の発表を受けて、関連する事柄、或いは深化させた内容の文献・論考を読み、その内容と自身の考えを報告する。これを受けてディスカッションをおこなう。
9:
第９回：関心に基づいた論考の検討とディスカッション②-１、冬休みの課題の説明
第５～８回目の発表を経て、漠然と定まった関心の方向にそった、或いは深化させた内容の文献・論考を読み、その内容と自身の考えを報告する。これを受けてディスカッションをおこなう。
冬休みの課題について説明する。
10:
第10回：関心に基づいた論考の検討とディスカッション②-2、冬休み課題の文献の検討❶
第５～８回目の発表を経て、漠然と定まった関心の方向にそった、或いは深化させた内容の文献・論考を読み、その内容と自身の考えを報告する。これを受けてディスカッションをおこなう。
冬休みの課題で用いる文献の検討も行う。
11:
第11回：関心に基づいた論考の検討とディスカッション②-3、冬休み課題の文献の検討❷
第５～８回目の発表を経て、漠然と定まった関心の方向にそった、或いは深化させた内容の文献・論考を読み、その内容と自身の考えを報告する。これを受けてディスカッションをおこなう。
冬休みの課題で用いる文献の検討も行う。
12:
第12回：関心に基づいた論考の検討とディスカッション②-4、春休みの課題の検討
第５～８回目の発表を経て、漠然と定まった関心の方向にそった、或いは深化させた内容の文献・論考を読み、その内容と自身の考えを報告する。これを受けてディスカッションをおこなう。
春休みの課題について、また用いる文献について説明する。
13:
第13回：冬季休業中の課題の発表①、春休み課題の文献の検討
冬季休業中の課題として、読んだ文献について、そして今後の関心の方向性について発表する。
春休みの課題で用いる文献の検討も行う。
14:
第14回：冬季休業中の課題の発表②と総括
冬季休業中の課題として、読んだ文献について、そして今後の関心の方向性について発表する。
演習Ⅱに向けて、関心の方向性を確認する。",随時教場で紹介する。,随時教場で紹介する。,"割合
評価基準
試験:
実施しない
レポート:
15％
冬季休業中のレポートと報告
平常点評価:
50％
毎回の授業への参加状況と積極的な取組み姿勢
その他:
35％
個人発表の内容","状況により、授業計画は変更することがある。
また、随時Wased Moodleを通じて連絡する。必ずチェックされたい。
ダンサー、舞踊／ダンスについてより広く知識を得、理解を深め、認識を強めるために「舞踊文化論」、「スポーツ技術・戦術論（ダンス）」の履修を望む。",HSSC202S,健康／スポーツ科学,スポーツ文化,スポーツ文化,中級レベル（発展・応用）,演習I,２年以上,1,日本語,【対面】
2026,HSSA202S,演習I（バレーボールの技術論とパフォーマンス研究）,伊東　克明,スポーツ,秋学期,金２時限,79-302講義室,本演習ではバレーボール競技を取り上げ、コーチング領域を研究するために必要......,2000001630012026200000163020,,本演習ではバレーボール競技を取り上げ、コーチング領域を研究するために必要な基礎力を養うことを目的とする。競技力を向上させるためにはどのような研究領域があるかを多面的に捉え、各自の課題を解決する手だてを発見させる。また、客観的に競技を把握する力を養うことを目的にこれらの基礎理論を押さえ、はじめの取り組みとして、「自らのパフォーマンスを向上させるためには…」を題材として、研究の導入をおこなう。ゲームアナリシス的見地からの分析も視野に入れ、ゲームの構造を解明し、国内外の最新の技術・戦術の動向を積極的に収集し、パフォーマンスをより発展させる高度な技術・戦術の新たな開発も視野に入れて授業を進めたい。,「研究」とは何か。コーチングの研究領域とはどのようなものがあるかを理解すること。その両者を理解する手立てとして「自らのパフォーマンスを向上させるためには…」を題材とし、その課題解決に向けた積極的な態度を身につけること。,各回の予習・復習には約90分～120分かかると想定されます。,"1:
第１回
オリエンテーション
2:
第２回
バレーボールを科学するⅠ（概論）
3:
第３回
バレーボールを科学するⅡ（研究の種類）
4:
第４回
バレーボールを科学するⅢ（パフォーマンス研究）
5:
第５回
バレーボールを科学するⅣ（ゲームアナリシス研究）
6:
第６回
ルールの変遷と技術・戦術
7:
第７回
世界の戦術の動向Ⅰ
8:
第８回
世界の戦術の動向Ⅱ
9:
第９回
自らのパフォーマンスを考えるⅠ
10:
第10回
自らのパフォーマンスを考えるⅡ
11:
第11回
発育・発達段階に伴う技術力
12:
第12回
近年の研究動向Ⅰ
13:
第13回
近年の研究動向Ⅱ
14:
第14回
各自でテーマを決めてプレゼンテーション",授業内で指示をする。,必要に応じて資料を配布。指定文献を適宜指示する。,"割合
評価基準
レポート:
40％
課題に対して独自の視点で考察がなされている
平常点評価:
40％
授業時における意欲・関心・態度が積極的である
その他:
20％
プレゼンテーションにおいて工夫がある",スポーツ方法実習Ⅰを履修することが望ましい。,HSSA202S,健康／スポーツ科学,トレーナー,トレーナー,中級レベル（発展・応用）,演習I,２年以上,1,日本語,【対面】
2026,HSSA202S,演習I（戦術戦略（情報管理））,松藤　貴秋,スポーツ,秋学期,月３時限,79-608演習室,スポーツが高度化するとともに不可欠なことは、データの収集、分析、反映であ......,2000001641012026200000164120,,スポーツが高度化するとともに不可欠なことは、データの収集、分析、反映である。本演習ではスポーツ、特にトップパフォーマンスにおけるデータの収集、収集方法、データの分析、PCのソフトを使った分析、分析の考え方、データの反映などを中心に演習を行う。アナリスト等に関する重要な問題であり、実際のゲーム等で体験して学ぶ。,スポーツ情報の把握、分析ソフトを使っての分析ができる。,各回の予習・復習には約90分～120分かかると想定されます。,"1:
第１回
オリエンテーション、演習Ⅰの進め方   講義の目的、概要
2:
第２回
戦術戦略について１　　　　　　　　戦術戦略、兵法、五輪書
3:
第３回
戦術戦略について２　　　　　　　　戦術戦略、戦争論、
4:
第４回
戦術戦略について３　　　　戦術戦略、実践例
5:
第５回
発育発達に合致したトレーニングについて、諸外国の実情例など
6:
第６回
一貫指導と日本の現状
7:
第７回
発育発達と指導現場について
8:
第８回
ゲーム分析について１（教育現場、およびアンダーカテゴリー）
9:
第９回
ゲーム分析について２（プロ、諸外国とのゲーム）
10:
第10回
プロリーグなどの実践例（アナリスト、コーチたちのデータの取り扱い）
11:
第11回
情報管理の実戦　　　　　ゲームプラン、プラン作成、ゲーム時
12:
第12回
プレゼンテーション１　　　　プレゼン、パワーポイント
13:
第13回
プレゼンテーション２　　　　プレゼン、ディスカッション
14:
第14回
プレゼンテーション３　　　　プレゼン、ディスカッション",,適宜指示する。,"割合
評価基準
レポート:
40％
レポートによる評価、パワーポイントの作成評価
平常点評価:
60％
平常点による評価",,HSSA202S,健康／スポーツ科学,トレーナー,トレーナー,中級レベル（発展・応用）,演習I,２年以上,1,日本語,【対面】
2026,HSSH202S,演習I（健康スポーツの心理・行動科学）,岡　浩一朗,スポーツ,秋学期,木３時限,１００-５０２,演習Ⅰでは、運動・スポーツによる健康づくりに関連した心理・行動科学の基礎知......,2000001642012026200000164220,,演習Ⅰでは、運動・スポーツによる健康づくりに関連した心理・行動科学の基礎知識について学ぶ。各トピックスについてプレゼンテーションを行い、ディスカッションにより授業を進める。,運動・スポーツによる健康づくりに関するトピックスについて調べ、関連する心理・行動科学の基礎知識を身に付ける。,各回の予習・復習には約90分かかると想定される。,"1:
第１回
演習の概要と進め方
2:
第２回
子どもの発育発達と運動・スポーツ①－身体活動支援環境の整備－
3:
第３回
子どもの発育発達と運動・スポーツ②－スポーツで非認知能力を高める－
4:
第４回
子どもの発育発達と運動・スポーツ③－非認知能力を高める－
5:
第５回
スポーツ選手の健康管理①－スポーツ障害・外傷への心理的アプローチ－
6:
第６回
スポーツ選手の健康管理②－心理的コンディショニングとしてのストレスマネジメント－
7:
第７回
生活習慣病予防のための行動変容支援法①－エンパワメント・アプローチ－
8:
第８回
生活習慣病予防のための行動変容支援法②－セルフ・エフィカシーを高める－
9:
第９回
生活習慣病予防のための行動変容支援法③－行動経済学的アププローチ－
10:
第10回
寝たきり（介護）予防対策の実際①－筋力トレーニングの可能瑛－
11:
第11回
寝たきり（介護）予防対策の実際②－痛みのセルフ・コントロール－
12:
第12回
寝たきり（介護）予防対策の実際③－認知症予防の重要性－
13:
第13回
リハビリテーションにおける心理的支援①－健康関連QOLという考え方－
14:
第14回
リハビリテーションにおける心理的支援②－不安・抑うつのマネジメント－、まとめと講評",特になし。資料は講義中に適宜配布する。,特になし。資料は講義中に適宜配布する。,"割合
評価基準
レポート:
20％
レポート内容
平常点評価:
80％
出席状況50%、発表内容15%、授業中の積極性や勤勉性といった取組姿勢15%",,HSSH202S,健康／スポーツ科学,健康スポーツ,健康スポーツ,中級レベル（発展・応用）,演習I,２年以上,1,日本語,【対面】
2026,HSSP202S,演習I（体育科教育学）,吉永　武史,スポーツ,秋学期,火１時限,１００-４０２,本演習では、スポーツ教育に関連する身近なテーマ（男女共習やインクルーシブ体......,2000001644012026200000164420,,本演習では、スポーツ教育に関連する身近なテーマ（男女共習やインクルーシブ体育、ICTを取り入れた体育授業の在り方、運動部活動の地域移行・連携等）や、教育全体に関連する諸問題（いじめや不登校、教師の労働環境等）を取り上げ、全体討論（ディスカッション）を通して、それらの解決の方向性について検討する。,本演習では、教育に関する基礎的知識を身に付けるとともに、スポーツ教育（体育授業や運動部活動）や教育全体に関連する諸問題の解決に向けた討論を通して、批判的思考力やコミュニケーション能力を高めることをめざす。,各回の予習（事前に配布する資料の精読等）には、約90～120分間を要すると想定されます。,"1:
第１回
オリエンテーション：演習の概要と進め方、自己紹介
【事前・事後の学修】事前にシラバスの内容を確認しておくこと／授業後にリアクションペーパーを作成し、提出すること
2:
第２回
教育の目的とは：知識や技術を教え込むことか、それとも子どもの可能性を引き出すことか
【事前・事後の学修】事前にディスカッションのテーマに関連する情報を調べておくこと／授業後にディスカッションした内容を整理したり、追加の情報を調べたりすること
3:
第３回
これからの社会と学校教育の在り方：AIの進化に伴う産業構造や就業構造の変化と求められるスキル
【事前・事後の学修】事前にディスカッションのテーマに関連する情報を調べておくこと／授業後にディスカッションした内容を整理したり、追加の情報を調べたりすること
4:
第４回
教育の病理現象：いじめや不登校、学級崩壊をなくすためには
【事前・事後の学修】事前にディスカッションのテーマに関連する情報を調べておくこと／授業後にディスカッションした内容を整理したり、追加の情報を調べたりすること
5:
第５回
スポーツ教育とは：スポーツと教育の関係、スポーツの教育的可能性
【事前・事後の学修】事前にディスカッションのテーマに関連する情報を調べておくこと／授業後にディスカッションした内容を整理したり、追加の情報を調べたりすること
6:
第６回
体育の目的とは：技能や体力の向上か、それとも楽しさか
【事前・事後の学修】事前にディスカッションのテーマに関連する情報を調べておくこと／授業後にディスカッションした内容を整理したり、追加の情報を調べたりすること
7:
第７回
共生社会の実現に向けた教育①：男女一緒に体育の授業はできるか（男女共習の実施上の留意点）
【事前・事後の学修】事前にディスカッションのテーマに関連する情報を調べておくこと／授業後にディスカッションした内容を整理したり、追加の情報を調べたりすること
8:
第８回
共生社会の実現に向けた教育②：障がいのある生徒とともに学ぶインクルーシブ体育の取り組み（ボッチャの実技を含む）
【事前・事後の学修】事前にディスカッションのテーマに関連する情報を調べておくこと／授業後にディスカッションした内容を整理したり、追加の情報を調べたりすること
9:
第９回
スポーツの価値教育：体育理論の授業の充実やオリンピック・パラリンピック教育の推進
【事前・事後の学修】事前にディスカッションのテーマに関連する情報を調べておくこと／授業後にディスカッションした内容を整理したり、追加の情報を調べたりすること
10:
第10回
これからの運動部活動の在り方：運動部活動が抱える課題とその解決策（運動部活動の地域移行・連携等）
【事前・事後の学修】事前にディスカッションのテーマに関連する情報を調べておくこと／授業後にディスカッションした内容を整理したり、追加の情報を調べたりすること
11:
第11回
学校における教育の情報化の推進：
GIGAスクール構想により1人1台タブレットPC
の時代へ
【事前・事後の学修】事前にディスカッションのテーマに関連する情報を調べておくこと／授業後にディスカッションした内容を整理したり、追加の情報を調べたりすること
12:
第12回
教師の生きがいとは：教師のワーク・ライフ・バランスを考える
【事前・事後の学修】事前にディスカッションのテーマに関連する情報を調べておくこと／授業後にディスカッションした内容を整理したり、追加の情報を調べたりすること
13:
第13回
スポーツ教育の指導者（主に保健体育教師）に求められる資質・能力
【事前・事後の学修】事前にディスカッションのテーマに関連する情報を調べておくこと／授業後にディスカッションした内容を整理したり、追加の情報を調べたりすること
14:
第14回
総括（レポート課題の提示）
【事前・事後の学修】事前に配布した資料を読んでおくこと／授業後にレポートを作成し、提出すること",必要に応じて関連資料を配付する。,必要に応じて適宜紹介する。,"割合
評価基準
レポート:
25％
第14回に課題を提示する。与えられた課題について演習での論議内容と関連づけながら深く考察しているかどうか等を評価する。
平常点評価:
75％
与えられたテーマについてレジュメを作成し、適切に報告できているかどうかを評価する。また、出席状況やディスカッションを含めた授業への積極性を評価する。",毎回、設定されたテーマに基づいてディスカッションを行います（※履修学生の学習の状況等によって、テーマが一部変更になる場合があります）。また、提出された課題については、Waseda Moodle等を通してフィードバックを行います。,HSSP202S,健康／スポーツ科学,スポーツ教育,スポーツ教育,中級レベル（発展・応用）,演習I,２年以上,1,日本語,【対面】
2026,HSSM202S,演習I（リコンディショニング）,広瀬　統一,スポーツ,秋学期,水２時限,79-702演習室,「リコンディショニング演習」では、本学部のディプロマポリシーである「スポー......,2000001645012026200000164520,,"「リコンディショニング演習」では、本学部のディプロマポリシーである「スポーツニーズ」および「アカデミックニーズ」に応える人材育成の一環として、アスレティックトレーニングに関する知識と技能を習得することを目指します。特に、リコンディショニング処方と指導に必要な知識と技術を身につけることを主目的とし、演習1ではリコンディショニングの全体像の把握と、リコンディショニング処方や実践の原則を理解することを目的とします。
本授業は、アスレティックトレーニングの実務経験を持つ教員が担当し、ペアワークやグループワーク形式での演習を採用し、学生同士や教員、ティーチングアシスタントからのフィードバックを通じて理解を深めます。また、スポーツ現場で活動しているゲストスピーカーの指導を受けることで、実践的な学びをさらに深める構成となっています。","1．スポーツ現場での安全推進
スポーツ現場における安全推進の方策について説明し、実施できること。
2．スポーツ外傷・障害の分析と予防プログラムの立案
スポーツ外傷・障害の病態、受傷機転、受傷要因を分析し、その結果をもとに予防プログラムを立案できること。
3．動作評価と応用の説明
動作評価の方法とその応用について説明できること。",各回の予習・復習にはおよそ90分～120分がかかると想定されます。予習・復習には、授業ノートを活用することが推奨されています。,"1:
ガイダンス
リコンディショニング演習の目的と授業の進め方について説明。
2:
スポーツ現場における安全推進
外傷や事故時の対応準備や環境整備について理解を深める。
3:
スポーツ現場における安全推進の実際
スポーツ現場での安全推進について実例を学習。（ゲストスピーカー）
4:
外傷・障害予防の考え方
病態、メカニズム、要因分析に基づく外傷・障害予防の考え方について学習。
5:
動作の観察と分析
動作観察の意義と方法を、演習を通じて学習。
6:
スポーツ現場での外傷・障害予防プログラムの実際
現場での予防プログラムを実習を交えて学習。（ゲストスピーカー）
7:
前半の振り返り
安全推進と外傷・障害予防について質疑応答形式で理解を深める。
8:
部位別傷害予防プログラム（下肢）
部位別傷害予防の考え方とプログラム立案を演習形式で学習。
9:
部位別傷害予防プログラム（下肢）
部位別傷害予防の考え方とプログラム立案を演習形式で学習。
10:
部位別傷害予防プログラムの実際
部位別傷害予防プログラムの実践について実習。（ゲストスピーカー）
11:
リコンディショニングプログラム概論
リコンディショニング計画立案の基本的な考え方を講義と演習形式で学習。
12:
リコンディショニングプログラムの計画
外傷に基づくリコンディショニング計画を立案し、プレゼンテーションとディスカッションを通じて理解を深める。
13:
スポーツ現場でのリコンディショニングの実際
現場でのリコンディショニングプログラムを実習を交えて学習。（ゲストスピーカー）
14:
まとめ
各種課題と解決策について質疑応答形式で理解を深める。",,,"割合
評価基準
レポート:
50％
外傷・障害分析課題、リコンディショニング計画立案、コンディショニング年間計画立案
平常点評価:
50％
出席状況と授業中のディスカッションへの参加",本演習では主体性と協調性を重んじて授業を展開します。,HSSM202S,健康／スポーツ科学,スポーツ医科学,スポーツ医科学,中級レベル（発展・応用）,演習I,２年以上,1,日本語,【対面】
2026,HSSM202S,演習I（スポーツ障害の診かた）,金岡　恒治,スポーツ,秋学期,木３時限,79-304講義室,スポーツ活動によって発生する整形外科的な外傷や故障（障害）について代表的......,2000001646012026200000164620,,"スポーツ活動によって発生する整形外科的な外傷や故障（障害）について代表的な症例を呈示し、その病態、診断の方法、障害発生の要因を学び、その治療法や予防法について考える。
これらの知識を基に、身近に生じている整形外科的障害に関する研究仮説を模索する
本科目の内容を良く理解するためには、解剖学を履修しておくことが望ましい。",スポーツ障害の病態と発生要因に関連する基礎的な知識を深め、現状の治療方法・予防方法について理解する。,各回の予習・復習には約90分～120分かかると想定されます。,"1:
第１回
オリエンテーション、自己紹介
2:
第２回
整形外科的スポーツ障害の病態理解
3:
第３回
整形外科的スポーツ障害の病態理解
4:
第４回
整形外科的スポーツ障害の診断方法の理解
5:
第５回
整形外科的スポーツ障害の診断方法の理解
6:
第６回
整形外科的スポーツ障害の治療方法と予防方法
7:
第７回
整形外科的スポーツ障害の治療方法と予防方法
8:
第８回
身体機能とスポーツ障害（体幹深部筋の筋機能評価とスポーツ障害）
9:
第９回
身体機能とスポーツ障害（関節可動性と身体柔軟性の評価とスポーツ障害）
10:
第10回
身体機能とスポーツ障害（バランス能力の評価とスポーツ障害）
11:
第11回
身体機能とスポーツ障害（筋活動の評価とスポーツ障害）
12:
第12回
身体機能とスポーツ障害（パフォーマンス評価とスポーツ障害）
13:
第13回
評価結果の解析方法
14:
第14回
評価結果の解析方法",スポーツ医学の成書（特に定めない）,,"割合
評価基準
平常点評価:
100％
受講態度、発言内容、出席状況、課題到達度から総合的に判定する。",整形外科的知識を必要とするため、基礎解剖学やスポーツ医学B等を履修しておくことが望ましい。,HSSM202S,健康／スポーツ科学,スポーツ医科学,スポーツ医科学,中級レベル（発展・応用）,演習I,２年以上,1,日本語,【対面】
2026,HSSM202S,演習I（予防医学）,鈴木　克彦,スポーツ,秋学期,金４時限,研究室,疾病の診断・治療を目的とする「臨床医学」に対し、疾病の原因を除去し発症・......,2000001648012026200000164820,,疾病の診断・治療を目的とする「臨床医学」に対し、疾病の原因を除去し発症・増悪を防ぐ理論・対策を「予防医学」という。しかし一次予防（健康増進・自己管理）に対して、二次予防（早期発見・早期治療）、三次予防（特定疾患の悪化防止・リハビリテーション）はおもに医療機関で行われており、「臨床医学」とも不可分であり、現場の問題をある程度把握した上でなければ、実際に有効な予防策を講ずることはできない。予防医学的問題の実態把握や原因究明には、分子・細胞レベル（生化学、免疫学等）、個体レベル（生理学、診断学等）や集団レベル（疫学等）などのさまざまなアプローチが必要となる。そこで、まず演習Ⅰでは人体の仕組みや診断学に関する理解を深め、その予防医学的応用として健康事象の分析・評価・介入のあり方を学ぶ。また、人口の高齢化に対応して、老化予防・介護予防についても幅広く学習する。予習としてオンディマンドコンテンツの受講を求めます。,人体の仕組みや診断学に関する理解を深め、その予防医学的応用として健康事象の分析・評価・介入のあり方を学ぶ。,各回の予習・復習には約90分～120分かかることが想定されます。,"1:
第１回
受講ガイダンス・人体の構造と機能
2:
第２回
健康増進と栄養学
3:
第３回
健康診断・臨床検査
4:
第４回
メタボリックシンドローム
5:
第５回
運動習慣と疾病予防
6:
第６回
疫学・老化研究
7:
第７回
健康寿命と老人保健
8:
第８回
高齢者医療・介護予防
9:
第９回
運動と免疫
10:
第10回
激運動と生体防御
11:
第11回
健康づくり政策
12:
第12回
介護予防と地域福祉活動
13:
第13回
実験の基礎
14:
第14回
血球観察",特に指定しない。,各講義に関連する資料を逐次紹介する。,"割合
評価基準
試験:
行わない。
レポート:
50％
指示に従って作成すること。
平常点評価:
50％
受講状況を考慮する。","内容が前後したり変更することもある。実験室や学内外の設備、施設の見学を行うこともある。
「基礎栄養学」、「生理・運動生理学」、「基礎統計学」は履修済みであることが望ましい。「生化学」、「健康スポーツ論」、「スポーツ栄養学」等の並行履修を推奨する。
関連URL：
http://www.f.waseda.jp/katsu.suzu/",HSSM202S,健康／スポーツ科学,スポーツ医科学,スポーツ医科学,中級レベル（発展・応用）,演習I,２年以上,1,日本語,【対面】
2026,HSSB202S,演習I（スポーツビジネスマーケティング）,松岡　宏高,スポーツ,秋学期,木２時限,79-602演習室,本演習では、スポーツビジネスの現場で起こっているさまざまな事象を知り、ス......,2000001649012026200000164920,,本演習では、スポーツビジネスの現場で起こっているさまざまな事象を知り、スポーツビジネスのマーケティング、マネジメントについて専門的に学ぶために必要な基礎的スキルを身につける。,"演習を通しての到達目標を次のように設定する。
１．スポーツビジネスに関する文献、資料やデータを検索することができる。
２．スポーツビジネスに関する文献、資料やデータを読み、理解することができる。
３．スポーツビジネスに関する情報をまとめて報告することができる。",各回の予習・復習には約90分～120分かかると想定されます。授業での発表準備も必要です。,"1:
第１回
オリエンテーション
2:
第２回
スポーツビジネスの領域の捉え方１
3:
第３回
スポーツビジネスゲーム１
4:
第４回
スポーツビジネスゲーム２
5:
第５回
スポーツビジネスゲーム３
6:
第６回
スポーツビジネスの現場の事例を調べる１
7:
第７回
スポーツビジネスの現場の事例を調べる２
8:
第８回
スポーツビジネスに関する資料・データを読み取る１
9:
第９回
スポーツビジネスに関する資料・データを読み取る２
10:
第10回
スポーツビジネスに関する情報をまとめる
11:
第11回
スポーツビジネスに関する情報を報告する：発表と議論１
12:
第12回
スポーツビジネスに関する情報を報告する：発表と議論２
13:
第13回
スポーツビジネスに関する情報を報告する：発表と議論３
14:
第14回
スポーツビジネスに関する情報を報告する：発表と議論４",,"原田宗彦編著、藤本淳也・松岡宏高著「スポーツマーケティング」大修館書店、2018年
山下秋二・中西純司・松岡宏高編著「新しいスポーツマネジメント」大修館書店、2016年","割合
評価基準
平常点評価:
100％
出席・参加、プレゼンテーション、ディスカッション、小レポートによる評価。",,HSSB202S,健康／スポーツ科学,スポーツビジネス,スポーツビジネス,中級レベル（発展・応用）,演習I,２年以上,1,日本語,【対面】
2026,HSSB202S,演習I（トップスポーツビジネス）,平田　竹男,スポーツ,秋学期,金３時限,３-７０１,平田竹男ゼミでは、将来のスポーツ界のみならず政財界、メディア界など、スポ......,2000001650012026200000165020,,"平田竹男ゼミでは、将来のスポーツ界のみならず政財界、メディア界など、スポーツの枠を超えた分野でトップの人材を輩出する事を目指し、スポーツを材料として本物の思考能力を養うことを目的とする。そのため各自毎回プレゼンを行い、考える力とプレゼン能力を培う。
プレゼン発表では「beyond　スポ科」をテーマに、国内外の経済問題や政治、エネルギー資源、企業など、スポーツを超えた分野の発表討論にも取り組み、広い視座を身につける。その上でスポーツビジネスとは何か、どんな課題が存在するのか、そしてその課題をどうやって解決するのかという実践的な問題発見とその解決能力を養成する。プレゼン発表後には学生による順位投票、フィードバックが行われ、学生間で相互に評価をし合い、プレゼン技法を習得する。
また、学びの場は教室にとどまらず、スポーツ観戦、国内外問わず時代のトップを走る企業や大学、人物を訪問する他、授業運営のサポートを通してスポーツビジネスへの理解を深める。
なお、プロ選手を目指す者には、特別の配慮を行う。",・自身が関心を持ったテーマについて適切に分析・検証する能力を身につけること。,各回ともプレゼンの準備が必要です。,"1:
第１回
講義：学生による発表討論「自己紹介」
2:
第２回
演習：学生による発表討論「メジャーリーグラグビーについて」
3:
第３回
演習：学生による発表討論「アメリカの州名・州都名・地理」
4:
第４回
演習：学生による発表討論「ウクライナ・中東地域について」
5:
第５回
演習：学生による発表討論「自身の専門競技及び分野について」
6:
第６回
演習：「エクセル講習会」
7:
第７回
講義：学生による発表討論「中国の省名・省都名・位置関係」
8:
第８回
演習：学生による発表討論「『資源エネルギーと地球環境問題を考える』についての意見交換」
9:
第９回
演習：学生による発表討論「4年生の卒論発表会」合同演習
10:
第10回
演習：学生による発表討論「アメリカの自動車産業について」
11:
第11回
演習：学生による発表討論「4年生の卒論最終発表会」合同演習
12:
第12回
演習：学生による発表討論「資源エネルギーについて」
13:
第13回
演習：学生による発表討論「新年の抱負」
14:
第14回
講義：「スポーツ科学部に入った自分はいかなる能力で社会に貢献するのか」",「世界資源エネルギー入門」　平田竹男　（東洋経済新報社）,「サッカーという名の戦争」　平田竹男　（新潮社）,"割合
評価基準
平常点評価:
100％
プレゼン内容、平常点による評価","・金曜日３・４限を通して早稲田キャンパスで行う。
・長期休みに全学年合同ゼミ合宿を行う。
2024年度はパリ、ヒューストンを訪問。
2025年度は米国・シリコンバレーを訪問。
・特に熱心な学生は、社会人学生との議論や修士ゼミへの参加を認める。
・関連科目：「トップスポーツビジネス概論」「トップスポーツビジネス入門」「資源エネルギーと地球環境問題を考える」",HSSB202S,健康／スポーツ科学,スポーツビジネス,スポーツビジネス,中級レベル（発展・応用）,演習I,２年以上,1,日本語,【対面】
2026,HSSP202S,演習I（スポーツ教育学）,深見　英一郎,スポーツ,秋学期,火１時限,１００-３０３,スポーツ教育学では、体育・スポーツの指導にかかわる基礎的知識を修得すること......,2000001651012026200000165120,,スポーツ教育学では、体育・スポーツの指導にかかわる基礎的知識を修得することを主なねらいとする。運動・スポーツの指導者に求められる能力としては、学習者の発達段階や能力レベルに応じた指導計画の立案及び教材開発力、目標実現に向けた指導実践力、指導実践の観察・分析力、学習集団の組織運営やマネジメント力があげられる。本演習では、体育・スポーツの指導の目標・内容を明確にして、どうすれば学習者が体育・スポーツを心から楽しめ、運動技術を効果的に習得できるかを検討する。,本演習では、学習者の発達段階や能力レベルに応じた指導計画の立案を中心としたスポーツ教育学に関する基礎的な知識を習得することを主なねらいとする。,各回の予習・復習には約90分～120分かかると想定されます。,"1:
第１回
オリエンテーション
2:
第２回
体育・スポーツの指導に関する基礎的知識（１）
3:
第３回
体育・スポーツの指導に関する基礎的知識（２）
4:
第４回
体育・スポーツの目標と内容（１）
5:
第５回
体育・スポーツの目標と内容（２）
6:
第６回
よい体育授業の条件
7:
第７回
体育・スポーツの教材・教具論
8:
第８回
体育・スポーツの学習指導論
9:
第９回
体育・スポーツの評価論
10:
第10回
モニタリングと相互作用
11:
第11回
マネジメント方略とインストラクション方略
12:
第12回
スポーツ教育学の研究と発表（１）
13:
第13回
スポーツ教育学の研究と発表（２）
14:
第14回
総括ならびにレポート課題","友添秀則・岡出美則編著「新版教養としての体育原理：現代の体育・スポーツを考えるために」大修館書店、2016年
岡出美則ほか編著「体育科教育学入門【三訂版】」大修館書店、2021年","中村敏雄・高橋健夫・寒川恒夫・友添秀則「21世紀スポーツ大事典」大修館書店、2015年
シーデントップ著、高橋健夫他訳「体育の教授技術」大修館書店、1988年
友添秀則・岡出美則編「教養としての体育原理 新版:現代の体育・スポーツを考えるために」大修館書店、2016年
佐良土茂樹「コーチングの哲学: スポーツと美徳」青土社、2021年
坂本拓弥「体育がきらい」ちくまプリマー新書、2023年","割合
評価基準
レポート:
30％
期末レポート。与えられた課題を講義内容と絡めて深く考察しているかどうかを評価する。
内容理解、論理構成、表現力の視点から評価する。
平常点評価:
70％
スポーツ教育学に関するプレゼンテーションの出来栄えを評価する。ディスカッションを含めた授業の中での積極性や勤勉性といった履修態度を評価する。","但し、出席状況については全授業回数の
2
／
3
以上の出席を単位認定の条件とする。試合や病気・ケガなどで欠席する場合には、試合参加証明書や医師の診断書などを必ず提出すること。",HSSP202S,健康／スポーツ科学,スポーツ教育,スポーツ教育,中級レベル（発展・応用）,演習I,２年以上,1,日本語,【対面】
2026,HSSM103S,演習I（筋生物学）,竹村　英子,スポーツ,秋学期,水４時限,１００-４０５,本講義では，骨格筋の生物学，生理学に関する研究成果を受講者自身が調査し，......,2000001652012026200000165220,,本講義では，骨格筋の生物学，生理学に関する研究成果を受講者自身が調査し，理解し，発表して，他の受講者と討論する事で，骨格筋に関する基礎的知識を整理する．この過程を通じて，将来の個人の研究テーマを明確にする．また理解を助けるため，必要に応じて実験実習を行う．,"・骨格筋生物学の基礎的知識（生理学，生化学，分子生物学）を整理して，理解する．
・授業を通じて，個人の研究テーマを明確にする．",英文総説の輪読および，文献調査，発表資料の作成．,"1:
第１回
オリエンテーション（本講義の目的と概要） ／ 本講義の目的と概要について説明する　輪読分担決定
2:
第２回
骨格筋の構造と機能担当者の発表および全員の討論
3:
第３回
筋生物学研究の動向（招聘講師を予定）
4:
第４回
骨格筋の分化　担当者の発表および全員の討論
5:
第５回
骨格筋収縮のメカニズム（興奮収縮連関）担当者の発表および全員の討論
6:
第６回
骨格筋収縮のメカニズム（ミオシンモータータンパク質）担当者の発表および全員の討論
7:
第７回
骨格筋の代謝（エネルギー代謝）担当者の発表および全員の討論
8:
第８回
骨格筋の代謝（骨格筋の構造と代謝）担当者の発表および全員の討論
9:
第９回
骨格筋の種間差　担当者の発表および全員の討論
10:
第10回
骨格筋の発生と再生　担当者の発表および全員の討論
11:
第11回
骨格筋の可塑性　担当者の発表および全員の討論
12:
第12回
骨格筋可塑性を調節する細胞内シグナル１　担当者の発表および全員の討論
13:
第13回
骨格筋可塑性を調節する細胞内シグナル２　担当者の発表および全員の討論
14:
第14回
骨格筋可塑性を調節する細胞内シグナル３　担当者の発表および全員の討論",なし,"Schiaffino & Reggiani. Physiol Rev, 91, 1447-1531, 2011","割合
評価基準
平常点評価:
100％
出席状況，各個人に割り当てられたテーマに関する発表内容，および討論における発言の積極性と内容について，評価する．",,HSSM103S,健康／スポーツ科学,スポーツ医科学,スポーツ医科学,初級レベル（入門・導入）,演習I,２年以上,1,日本語,【対面】
2026,HSST103S,演習I（武道のコーチング）,射手矢　岬,スポーツ,秋学期,月２時限,１００-１１４,対人の格闘技には組み討ち系、打撃系、それらをミックスした総合的な徒手格闘技......,2000001653012026200000165320,,"対人の格闘技には組み討ち系、打撃系、それらをミックスした総合的な徒手格闘技がある。
日本発祥の柔道や相撲を中心に、世界各国の組み討ち系の格闘技を紹介し、国際的な比較からその相違点や類似点について解説する。
武道に関する文献（研究論文、新聞記事、インターネット記事など）検索の方法、まとめ方、プレゼンテーションの方法を解説する。","武道の技や身体操法について理解を深めると共に諸外国の格闘技についての知識も備える。
文献検索の方法を身につけ、武道に関する研究論文を読み、まとめることができるようになる。",各回の予習・復習には約90分～120分かかると想定されます。,"1:
第１回
オリエンテーション（本講義の目的と概要）
2:
第２回
柔道，相撲，合気道の歴史
3:
第３回
柔道，相撲，合気道の技術構造について
4:
第４回
武道のトレーニング方法について
5:
第５回
外国の組み討ち系格闘技の歴史について
6:
第６回
外国の組み討ち系格闘技のトレーニング方法について
7:
第７回
格闘技に関する文献検索（１）インターネット記事の検索とまとめ方
8:
第８回
グループ討議と発表（１）
9:
第９回
格闘技に関する文献検索（２）雑誌・新聞記事の検索とまとめ方
10:
第10回
グループ討議と発表（２）
11:
第11回
格闘技に関する文献検索（３）研究論文の検索とまとめ方
12:
第12回
グループ討議と発表（３）
13:
第13回
研究論文、発表抄録、雑誌の特集記事、インターネット記事などの取り扱い
著作権について
14:
第14回
全体のまとめ",授業時に資料を配付,適宜紹介する,"割合
評価基準
レポート:
30％
プレゼンテーションの修正原稿を提出します。
平常点評価:
70％
グループワークにおける貢献度、討議や発表における積極性を評価します。",,HSST103S,健康／スポーツ科学,スポーツコーチング,スポーツコーチング,初級レベル（入門・導入）,演習I,２年以上,1,日本語,【対面】
2026,HSSS103S,演習I（スポーツ法）,松本　泰介,スポーツ,秋学期,木２時限,79-302講義室,スポーツ法をめぐる諸問題について、具体的な事例研究を通じて、基本的な法律知......,2000001654012026200000165420,,スポーツ法をめぐる諸問題について、具体的な事例研究を通じて、基本的な法律知識と問題点の理解を深める。,スポーツ法に関する基本的知識とバランス感覚のある法的思考力を適切にアウトプットする基礎を身につける。,講義内容の復習。各回の予習には約30分～60分かかると想定されます。,"1:
第１回
スポーツと法（オリエンテーション）
2:
第２回
法学とアウトプット
3:
第３回
（事例研究）スポーツとアンチ・ドーピング
4:
第４回
（事例研究）スポーツと暴力・セクハラ
5:
第５回
（事例研究）スポーツと懲戒処分
6:
第６回
（事例研究）スポーツと知的財産
7:
第７回
（事例研究）スポーツと契約実務①スポーツビジネス
8:
第８回
（事例研究）スポーツと契約実務②選手契約、移籍契約
9:
第９回
（事例研究）アマチュアスポーツをめぐる問題
10:
第10回
（事例研究）スポーツ事故①指導者の責任
11:
第11回
（事例研究）スポーツ事故②主催者、施設管理者の責任
12:
第12回
（事例研究）スポーツと紛争解決
13:
第13回
（事例研究）スポーツと組織運営
14:
第14回
（事例研究）スポーツガバナンス","松本泰介著、「スポーツビジネスロー」、大修館書店
日本スポーツ法学会編、「スポーツ法標準テキスト」、エイデル研究所",必要に応じて適宜配布,"割合
評価基準
レポート:
70％
各自の発表内容、発言内容による
平常点評価:
30％
出席点",,HSSS103S,健康／スポーツ科学,スポーツ科学,スポーツ科学,初級レベル（入門・導入）,演習I,２年以上,1,日本語,【対面】
2026,HSSH103S,演習I（運動と健康の生理学）,宮下　政司,スポーツ,秋学期,月３時限,１００-５０２,自らが積極的に卒業研究課題に興味を示すために運動が身体へ及ぼす生理的影響に......,2000001655012026200000165520,,自らが積極的に卒業研究課題に興味を示すために運動が身体へ及ぼす生理的影響についての概要を学び、さらにデータを採取するにあたり正しい測定・評価方法を身につける。,"・運動をとおした健康づくりの概要を把握し、身体へ及ぼす生理的影響に関する基礎的知識が習得できるようになる。
・運動と健康に関連した生理的変化について実習をとおし理解し、基礎的測定・評価法が習得できるようになる。",予習および復習として、各回に連絡する参考資料の確認を求めます。予習および復習には30分から60分かかると想定されます。,"1:
第１回
受講ガイダンス：「運動と健康の生理学」の概要
2:
第２回
健康づくりの必要性・社会的背景と健康の捉え方（講義）
3:
第３回
生活習慣病とその危険因子（講義）
4:
第４回
身体活動量の評価方法（実習）
5:
第５回
運動による糖尿病の予防と生理的変化（講義）
6:
第６回
運動による糖尿病の予防と生理的変化（実習）
7:
第７回
運動による肥満症の予防と生理的変化（講義）
8:
第８回
運動による肥満症の予防と生理的変化（実習）
9:
第９回
運動による高血圧の予防と生理的変化（講義）
10:
第10回
運動による高血圧の予防と生理的変化（実習）
11:
第11回
運動によるロコモティブシンドローム予防と生理的変化（講義）
12:
第12回
運動によるロコモティブシンドローム予防と生理的変化（実習）
13:
第13回
発表・討議1
14:
第14回
発表・討議2",特に指定しない。,各演習に関連する資料を逐次紹介する。,"割合
評価基準
レポート:
50％
演習内で適宜、課題を提示する。与えられた課題を演習内容の視点と絡めて深く考察しているかどうかを評価する。
平常点評価:
50％
研究発表や討議の積極性を評価する。また、出席状況等を考慮し評価する。",内容が前後したり変更することもある。実験室や学内外の設備、施設の見学を行うこともある。,HSSH103S,健康／スポーツ科学,健康スポーツ,健康スポーツ,初級レベル（入門・導入）,演習I,２年以上,1,日本語,【対面】
2026,HSSH103S,演習I（運動器スポーツ外傷・障害学）,熊井　司,スポーツ,秋学期,火２時限,１００-Ｓ２０２,スポーツ選手にとって運動器に発生する外傷・障害は克服すべき重要な課題とな......,2000001656012026200000165620,,"スポーツ選手にとって運動器に発生する外傷・障害は克服すべき重要な課題となる。運動器の異常を理解するためには、正常な身体機能解剖についての知識が必須であり、病態把握、治療・予防法を考える上で大いに役立つ。
演習Ⅰでは、主として局所機能解剖の徹底的な理解を目的として、学生間相互での実習形式での学習や各種画像評価を取り入れた知識習得を目指す。",運動器の機能解剖に関する知識を用い、スポーツ外傷・障害の病態、治療、予防法について理解できること。演習Ⅰでは、卒業研究に向けた運動器の基本的な機能解剖の知識習得を目標とする。,各回の予習・復習には約90分かかると想定されます。,"1:
第１回　オリエンテーション
オリエンテーション（本講義の目的と概要） ／ 本講義の目的と概要について説明します。　【担当：熊井および前道講師、TA】
2:
第２回　自己紹介と興味あるテーマ１
自己紹介とともに、卒業研究に向けた興味あるテーマについてプレゼンテーションしてもらいます。【担当：熊井および前道講師、TA】
3:
第３回　自己紹介と興味あるテーマ２
自己紹介とともに、卒業研究に向けた興味あるテーマについてプレゼンテーションしてもらいます。【担当：熊井および前道講師、TA】
4:
第４回　運動器機能解剖の基礎
運動器機能解剖の基礎：体表からの観察と触診（肩関節、肩甲帯、上腕、肘関節、前腕、手関節、手指）　【担当：熊井および前道講師、TA】
5:
第５回　運動器機能解剖の基礎
運動器機能解剖の基礎：体表からの観察と触診（体幹）　【担当：熊井および前道講師、TA】
6:
第６回　運動器機能解剖の基礎
運動器機能解剖の基礎：体表からの観察と触診（股関節、大腿、膝関節）　【担当：熊井および前道講師、TA】
7:
第７回　運動器機能解剖の基礎
運動器機能解剖の基礎：体表からの観察と触診（下腿、足関節、足部）　【担当：熊井および前道講師、TA】
8:
第８回　運動器スポーツ外傷・障害の症例検討
運動器スポーツ外傷・障害の実例１（各ゼミ生の興味あるテーマに関連した外傷・障害の実例について解説）　【担当：熊井および前道講師、TA】
9:
第９回　運動器スポーツ外傷・障害の症例検討
運動器スポーツ外傷・障害の実例２（各ゼミ生の興味あるテーマに関連した外傷・障害の実例について解説）　【担当：熊井および前道講師、TA】
10:
第10回　運動器スポーツ外傷・障害の症例検討
運動器スポーツ外傷・障害の実例３（各ゼミ生の興味あるテーマに関連した外傷・障害の実例について解説）　【担当：熊井および前道講師、TA】
11:
第11回　運動器スポーツ外傷・障害の症例検討
運動器スポーツ外傷・障害の実例４（各ゼミ生の興味あるテーマに関連した外傷・障害の実例について解説）　【担当：熊井および前道講師、TA】
12:
第12回　研究テーマ立案に向けた考察
卒業研究テーマ立案に受けた先行研究の抄読１
各ゼミ生の研究テーマ・研究計画作成のために参考となる先行研究の選択と抄読を進める　【担当：熊井および前道講師、TA】
13:
第13回　研究テーマ立案に向けた考察
卒業研究テーマ立案に受けた先行研究の抄読２
各ゼミ生の研究テーマ・研究計画作成のために参考となる先行研究の選択と抄読を進める　【担当：熊井および前道講師、TA】
14:
第14回　演習IIに向けた総括
演習IIに受けた総括を行う　【担当：熊井および前道講師、TA】",解剖学の成書,,"割合
評価基準
平常点評価:
100％
受講態度、出席状況、課題到達度を考慮",,HSSH103S,健康／スポーツ科学,健康スポーツ,健康スポーツ,初級レベル（入門・導入）,演習I,２年以上,1,日本語,【対面】
2026,HSSH103S,演習I（健康スポーツの発育発達・健康教育学）,石井　香織,スポーツ,秋学期,木３時限,１００-４０６,運動・スポーツによる健康づくりに関連した発育発達・健康教育学の基礎知識に......,2000001657012026200000165720,,運動・スポーツによる健康づくりに関連した発育発達・健康教育学の基礎知識について学ぶ。各テーマについて、講義とディスカッションにより授業を進める。,運動・スポーツによる健康づくりに必要な発育発達・健康教育学の基礎知識を身に付ける。,各回の予習・復習には約90分～120分かかると想定されます。,"1:
第１回
演習の概要と進め方
2:
第２回
発育発達における諸理論
3:
第３回
子ども・青少年期の発育発達
4:
第４回
青年期の発育発達
5:
第５回
成人期の発育発達
6:
第６回
高齢期の発育発達
7:
第７回
各ライフステージにおける運動・スポーツの発育発達
8:
第８回
健康教育における諸理論
9:
第９回
子ども・青少年期における健康教育
10:
第10回
青年期における健康教育
11:
第11回
成人期における健康教育
12:
第12回
高齢期における健康教育
13:
第13回
各ライフステージにおける運動・スポーツの健康教育
14:
第14回
学校・地域・職域における健康教育
講評とレポート課題",特になし。資料は講義中に適宜配布する。,特になし。資料は講義中に適宜配布する。,"割合
評価基準
レポート:
20％
与えられた課題を講義内容の視点と絡めて深く理解しているかどうかを評価します。
平常点評価:
80％
発表内容40％：各個人に割り当てられたテーマに関する発表内容について評価します。
授業中の積極性や勤勉性といった取組姿勢40％：授業への積極性、グループワークにおける貢献度を評価します。",,HSSH103S,健康／スポーツ科学,健康スポーツ,健康スポーツ,初級レベル（入門・導入）,演習I,２年以上,1,日本語,【対面】
2026,HSSS202S,演習I（スポーツ史学）,川島　浩平,スポーツ,秋学期,水３時限,79-605演習室,現代の日本は、世界の主要国にひけをとらない、スポーツを愛好する国家です。総......,2000001658012026200000165820,,"現代の日本は、世界の主要国にひけをとらない、スポーツを愛好する国家です。総理府による平成二十八年度（二〇一六年度）社会基本調査によれば、過去一年間に数百万の人々が野球、ゴルフ、サッカー、卓球、バドミンドン、テニスなどの競技を、さらにそれを超える数の人々が釣り、登山、サイクリング、ジョギングなどをおこない、数十万の人々が柔道や剣道など武道の稽古で心身を鍛えています。教育では、「部活」というシステムの下で、児童・学童から学生まで数多くの青少年男女が課外活動に汗を流し、一般社会では、新聞やテレビなど総合メディアや、インターネットやケーブルテレビなどスポーツ専門のメディアが、活字や映像を通じて、アスリートの活躍を常時報道しています。国民はその鍛えられた身体とパフォーマンスに熱い視線を送り、スポーツの実践に身を入れるものも少なくありません。このようなスポーツ熱がもたらす効果は、日本人を長寿、健康で肥満の少ない国民とする海外メディアの高い評価に窺うこともできます。
スポーツに関する研究も盛んです。もともと「スポーツ科学」という概念は、一九三〇年代初頭に出版された科学啓蒙雑誌の特集を端緒とするといわれますが、以来、第二次世界大戦という逆境を克服し、一九六四年の東京五輪の開催に弾みを与えられて、スポーツ科学は発展を遂げました。この間、研究者はスポーツという知識と実践へのアプローチを次第に体系化しました。その努力の結実は、今日、大学など高等教育機関のホームページを開けば、目に飛び込んできます。スポーツマネジメント学科やスポーツウエルネス学科などの組織として、あるいはカリキュラムのなかで、スポーツ医科学コース、コーチング科学コース、スポーツ教育コース、スポーツ文化コース、バイオメカニクス、健康体力学、スポーツ疫学などの具体的な領域や方法論として。こうした活動を、自然科学・人文科学・社会科学というカテゴリで整理するとき、その一つの社会科学を担う学問分野に、歴史学、社会学、人類学があります。
この授業では、激動する時代におけるスポーツのあり方について提言できる研究者の育成というアカデミックニーズに応えるべく、上に述べた歴史学、社会学、人類学という学術分野で蓄積された知とその方法論に基づき、スポーツという活動、現象、言説を、文化としての観点から多角的に考察しながら、卒業論文の作成へとつながる基礎固めの作業を演習形式で実施します。地域的な焦点は、担当者の専門とするアメリカ合衆国や、わたしたちが住む日本だけでなく、ヨーロッパ、アフリカ、オセアニア、東アジア、カリブ海諸国、南米など受講者のみなさんが関心をもつ国や地域に設定することを歓迎します。",この授業では、激動する時代におけるスポーツのあり方について提言できる研究者の育成というアカデミックニーズに応えるべく、上に述べた歴史学、社会学、人類学という学術分野で蓄積された知とその方法論に基づき、スポーツという活動、現象、言説を、文化としての観点から多角的に考察しながら、卒業論文の作成へとつながる基礎固めの作業をおこなうことを目標とします。授業は演習形式で実施します。地域的な焦点は、担当者の専門とするアメリカ合衆国や、わたしたちが住む日本だけでなく、ヨーロッパ、アフリカ、オセアニア、東アジア、カリブ海諸国、南米など受講者のみなさんが関心をもつ国や地域に設定することを歓迎します。,各回の予習・復習には約90分～120分かかると想定されます。,"1:
第１回
ガイダンスとオリエンテーション
2:
第２回
ブルームの分類に関する講義、質疑応答、ディスカッション
3:
第３回
発表A（4名を予定）
4:
第４回
発表A（4名を予定）
5:
第５回
4年生による発表（卒論中間報告）および発表A（2名を予定）
6:
第６回
4年生による発表（卒論中間報告）
7:
第７回
4年生による発表（卒論中間報告）および発表A’（2名を予定）
8:
第８回
4年生による発表（卒論中間報告）および発表A’（2名を予定）
9:
第９回
4年生による発表（卒論中間報告）および発表A’
10:
第10回
発表B
11:
第11回
発表B
12:
第12回
発表B
13:
第13回
発表B
14:
第14回
発表B",指導用冊子および講読文献を配布する,"教科書として以下をあげる。特に購入の必要はないが、興味ある人は図書館等で入手して読み進めることを勧める。
坂上康博、石井昌幸他編『スポーツの世界史』一色出版、2018年
寒川恒夫他編『21世紀スポーツ大事典』大修館書店　2015年
アメリカ学会編『アメリカ文化事典』2018年
Gerald R. Gems, et. al., eds., Sports in American History, Human Kinetics, 2nd edition, 2017
E. J. Gorn & W. Goldstein, A Brief History of American Sports, University of Illinois Press, 1993.","割合
評価基準
試験:
実施しません
レポート:
30％
個人またはグループによる研究発表の内容についてのレポート
平常点評価:
70％
個人またはグループによる研究発表の内容を評価する。他人または他グループによる発表に対しての質問や議論の力や積極性を評価する。授業内容や発表内容に関する小テストを適宜行い、その結果を評価の対象とする。",,HSSS202S,健康／スポーツ科学,スポーツ科学,スポーツ科学,中級レベル（発展・応用）,演習I,２年以上,1,日本語,【対面】
2026,HSSS202S,演習I（スポーツ疫学）,澤田　亨,スポーツ,秋学期,木３時限,79-610演習室,「疫学」は「疫学的研究手法」を駆使して、ヒト集団の問題や課題を改善するため......,2000001659012026200000165920,,"「疫学」は「疫学的研究手法」を駆使して、ヒト集団の問題や課題を改善するためのエビデンス（科学的根拠）を提供する実践的な学問です。
そして「スポーツ疫学」はスポーツに関連するヒト集団の問題や課題を取り扱います。
演習
I
では
、
スポーツ疫学研究の基本を学ぶとともに、全員でディスカッションしながら各自の卒論のテーマを決定します。
また、卒論のテーマに関する情報の検索方法や著作権法、あるいはプレゼンテーション技法など、卒業論文（卒論）を執筆したりたり発表するための基本技能を学びます。
そして、
演習全般を通じて科学的根拠や
疫学
的
研究手法
とは何かを理解します。","１．スポーツ疫学研究実施の基本を身に付ける。
２．特定のテーマに関連する情報（科学的根拠）を検索する技術を習得する。
３．プレゼンテーション技法やディスカッション技法を習得する。
４．著作権法を理解するとともに適切なコピペの方法を理解する。
５．科学的根拠や疫学的研究手法とは何かを理解する。",各回の予習・復習には約60分かかると想定されます。,"1:
第１回
スポーツ疫学ゼミの概要説明
2:
第２回
スポーツ疫学ゼミの進め方の説明と演習：その１
3:
第３回
スポーツ疫学ゼミの進め方の説明と演習：その２
4:
第４回
スポーツ疫学ゼミの進め方の説明と演習：その３
5:
第５回
スポーツ疫学研究の紹介と演習：その１
6:
第６回
スポーツ疫学研究の紹介と演習：その２
7:
第７回
スポーツ疫学研究の紹介と演習：その３
8:
第８回
スポーツ疫学研究方法の説明と演習：その１
9:
第９回
スポーツ疫学研究方法の説明と演習：その２
10:
第10回
卒業研究のテーマの検討と演習：その１
11:
第11回
卒業研究のテーマの検討と演習：その２
12:
第12回
卒業研究のテーマの検討と演習：その３
13:
第13回
卒業研究のテーマの検討と演習：その４
14:
第14回
卒業研究のテーマの検討と演習：その５",・特に指定しません。,・基礎から学ぶ楽しい疫学 第4版（ISBN-13：978-4260042277）,"割合
評価基準
平常点評価:
100％
・授業に対する取り組み姿勢を評価します。","・スポーツ疫学研究室ホームページ：
https://sites.google.com/site/sssawadalab/
・履修推奨科目：　公衆衛生学
・履修推奨科目：　健康スポーツ原論C（健康スポーツ疫学）",HSSS202S,健康／スポーツ科学,スポーツ科学,スポーツ科学,中級レベル（発展・応用）,演習I,２年以上,1,日本語,【対面】ハイブリッド（対面回数半数以上）
2026,HSSS202S,演習I（コンディショニング・トレーニング）,平山　邦明,スポーツ,秋学期,金２時限,01:１００-Ｓ１０１ 01:トレーニング室,本演習では、コンディショニングプログラムを立案・実施する際に必要となる運動......,2000001660012026200000166020,,本演習では、コンディショニングプログラムを立案・実施する際に必要となる運動パフォーマンスや体力の測定方法、データの解釈、コンディショニングプログラムへの反映のさせ方などについて学ぶ。また、エビデンス（科学的根拠）に基づいたコンディショニングやトレーニング実践について取り組む初歩として、論文抄読を行う。,"①Evidence-Based Practiceや測定・評価の重要性を理解し説明できる。
②各測定方法について実践し、データを適切に解釈することができる。
③科学論文について、批判的に吟味することができる。",各回の予習・復習には約90分～120分かかると想定されます。,"1:
第１回
オリエンテーション（本講義の目的と概要および、4年間の計画解説）
2:
第２回
Evidence-Based Practiceと測定・評価についての講義
3:
第３回
測定項目の希望調査／プログラムデザインについての講義
4:
第４回
アスレティックパフォーマンスに関わる測定実習（１）
5:
第５回
アスレティックパフォーマンスに関わる測定実習（２）
6:
第６回
データ処理方法についての解説
7:
第７回
データ処理/レポート準備・コンディショニングについてのディスカッション（ゲストスピーカーを予定）
8:
第８回
レポート発表（１）
9:
第９回
レポート発表（２）
10:
第10回
論文検索方法の解説
11:
第11回
論文検索演習
12:
第12回
論文抄読①
13:
第13回
論文抄読②
14:
第14回
まとめ",,NSCA決定版 ストレングストレーニング＆コンディショニング［第4版］,"割合
評価基準
レポート:
30％
レポートおよびプレゼンテーションの出来栄えを評価します。
平常点評価:
70％
出席状況や授業への参加姿勢を評価します。","本演習では、「主体性」や「積極性」を重んじて授業を進めます。また、他者と協力し合える「協調性」を求めます。
受講人数や教場の空き状況によって、授業の順序や内容が変更になる場合があります。",HSSS202S,健康／スポーツ科学,スポーツ科学,スポーツ科学,中級レベル（発展・応用）,演習I,２年以上,1,日本語,【対面】
2026,HSSS202S,演習I（アスレティックトレーニング）,細川　由梨,スポーツ,秋学期,火２時限,１０１-３０５,演習Iでは、アスレティックトレーニングの全体像を把握すると共に、スポーツ現......,2000001661012026200000166120,,"演習
I
では、アスレティックトレーニングの全体像を把握すると共に、スポーツ現場の安全を守るために必要な知識やスキルについて学ぶ。また、スポーツ現場で起こりうる重篤事故の予防および問題解決能力を養うことを目的とする。","（１） アスレティックトレーナーの役割および社会的意義について説明できる。
（２） スポーツ現場の緊急対応プランを作成できる。
（３） スポーツ関連突然死のトップ３である心疾患・頭頸部外傷・労作性熱射病の適切な応急処置を説明することができる。
（４） スポーツにおける重篤事故を未然に防ぐための予防策を立案できる。",各回の予習・復習には約90分～120分かかると想定されます。,"1:
第１回
オリエンテーション
アスレティックトレーナーの役割とスポーツメディスンチームについて
エビデンスに基づいたアスレティックトレーニング
2:
第２回
スポーツセーフティ概論：緊急時対応プラン１
3:
第３回
スポーツセーフティ概論：緊急時対応プラン２
4:
第４回
プレゼンテーション：
スポーツセーフティ
の実践
5:
第５回
スポーツ現場での応急処置：
心疾患１
6:
第６回
スポーツ現場での応急処置：心疾患２
7:
第７回
スポーツ現場での応急処置：脳振盪１
8:
第８回
スポーツ現場での応急処置：脳振盪２
9:
第９回
スポーツ現場での応急処置：熱中症１
10:
第１０回
スポーツ現場での応急処置：熱中症２
11:
第１１回
スポーツ現場での応急処置：頚部損傷１
12:
第１２回
スポーツ現場での応急処置：頚部損傷２
13:
第１３回
総括：スポーツ関連突然死の予防
14:
第１４回
グループプレゼンテーション：スポーツ現場における救急シナリオの
PBL",,,"割合
評価基準
平常点評価:
70％
毎回のディスカッションへの参加姿勢で評価する。
その他:
30％
グループプレゼンテーションで評価する。",,HSSS202S,健康／スポーツ科学,スポーツ科学,スポーツ科学,中級レベル（発展・応用）,演習I,２年以上,1,日本語,【対面】
2026,HSSS202S,演習I（健康スポーツの栄養・生化学）,谷澤　薫平,スポーツ,秋学期,金２時限,１００-１１４,谷澤ゼミでは、身体活動や食事などの生活習慣が健康に及ぼす影響や、そのメカニ......,2000001662012026200000166220,,谷澤ゼミでは、身体活動や食事などの生活習慣が健康に及ぼす影響や、そのメカニズム、さらにはそれらの個人差が生じる理由などについて、運動生理・生化学、栄養学、遺伝学などの視点から学び研究します。演習Ⅰ〜Ⅳを通じて、ヒトを対象とした実験・調査研究を行うために必要なデータ収集、データ分析、論文読解および論文執筆の方法を学び、卒業研究を行うために必要な知識と技術を習得します。演習Ⅰでは、質問票による食事調査やウェアラブルデバイスを用いた睡眠調査の実習を行い、研究におけるデータ収集の方法を学びます。また、研究を行うために必要な研究デザイン・統計学の基礎、文献収集、英語論文の読解方法などをグループワークを通じて学びます。最終的には、これらの知識を応用して簡単な研究を立案・実施することにより、研究とは何かを体験的に学びます。,"・質問票による食事調査やウェアラブルデバイスを用いた睡眠評価を行い、研究におけるデータ収集の方法を理解する。
・研究を行うために必要な研究デザインと統計学の基礎を理解する。
・文献収集の方法と英語論文の読解方法を習得する。
・簡単な研究を考え実施することにより、研究とは何かを理解する。",各回の予習・復習には約90分～120分かかると想定されます。,"1:
第１回
アイスブレイク（自己紹介、他己紹介）
2:
第２回
オリエンテーション
興味がある研究分野・テーマの発表
3:
第３回
自分の生活習慣を知る：食事調査①
4:
第４回
自分の生活習慣を知る：睡眠・生活リズムの調査①
5:
第５回
自分の生活習慣を知る：食事調査②
6:
第６回
食事・睡眠調査の結果の発表
7:
第７回
エビデンスに基づく情報の取捨選択
研究デザインと統計学の基礎①（グループワーク）
8:
第８回
研究デザインと統計学の基礎②（グループワーク）
9:
第９回
英語の学術論文の読み方
英語の学術論文の検索方法
10:
第１０回
興味があるテーマに関するエビデンスの収集・まとめ（グループワーク）
11:
第１１回
興味があるテーマに関するエビデンスの紹介（グループ発表）
12:
第１２回
研究とは？研究を考えてみる（グループワーク）
13:
第１３回
グループ研究の実施、実施状況報告（グループワーク）
14:
第１４回
データ分析、発表資料の作成、研究成果の発表（グループワーク・発表）",,必要に応じて適宜紹介します。,"割合
評価基準
レポート:
40％
課題の提出状況と内容を評価します。課題は以下を予定しています。
平常点評価:
60％
発表の内容、授業中の発言、議論への積極的な参加などを評価します。","・学生による発表と議論、実習を中心に進めます。
・演習履修希望者は、以下の科目を1〜2年次に履修することを推奨します。
- 基礎栄養学
- スポーツ英語D:文献（健康スポーツ）
- 生理・運動生理学
- 健康スポーツの体力・栄養科学
- スポーツ生化学・遺伝学
- 健康スポーツ原論A（健康スポーツ生理・生化学）",HSSS202S,健康／スポーツ科学,スポーツ科学,スポーツ科学,中級レベル（発展・応用）,演習I,２年以上,1,日本語,【対面】
2026,HSSA202S,演習I（測定評価とコーチング）,藤田　善也,スポーツ,秋学期,金３時限,太田・葛西実験室,演習Ⅰでは、様々な競技スポーツ種目の競技特性と運動課題を把握する。さらに実......,2000001663012026200000166320,,演習Ⅰでは、様々な競技スポーツ種目の競技特性と運動課題を把握する。さらに実践を通して運動課題解決のための方策について考え、写真映像を用いて客観的に評価する方法を学ぶことで、コーチングの視点を養う。,"様々なスポーツ種目の競技特性や運動課題を理解できる。
運動技術の分析手法を用いて運動を客観的に評価するコーチングの視点がもてる。",各回の予習・復習には約90分～120分かかると想定されます。,"1:
第１回
オリエンテーション
2:
第２回
スポーツの分類と観察
3:
第３回
スポーツ種目の競技特性
4:
第４回
スポーツ種目の運動課題
5:
第５回
スポーツ種目の運動技術
6:
第６回
運動技術の理解（局面構造）
7:
第７回
運動技術の提示１（連続写真分析）
8:
第８回
運動技術の提示２（ビデオ映像分析）
9:
第９回
練習方法の理解１（練習計画）
10:
第１０回
練習方法の理解２（指導方法）
11:
第１１回
練習方法の修正と段階的指導
12:
第１２回
発達段階を考慮した指導
13:
第１３回
指導メソッドの提示１（練習計画）
14:
第１４回
指導メソッドの提示２（指導方法）",,,"割合
評価基準
平常点評価:
50％
平常点による評価
その他:
50％
論文作成や発表、討議に関する評価",・本授業では、グループワーク（ディスカッション、プレゼンテーション）などを実施します。,HSSA202S,健康／スポーツ科学,トレーナー,トレーナー,中級レベル（発展・応用）,演習I,２年以上,1,日本語,【対面】
2026,HSSA202S,演習I（運動生理学）,林　直亨,スポーツ,秋学期,木２時限,１００-２０３,運動生理学の理解に必要となるスキルを学修するため，前半では研究の方法論を......,2000001664012026200000166420,,"運動生理学の理解に必要となるスキルを学修するため，前半では研究の方法論を学修します．並行して，運動生理学の歴史を紐解き，どのような研究が進められてきたのか，運動生理学の問いや方法論を理解してもらいます．
後半では，運動時の生理的応答を起こす根本であるエネルギー需要の増加や，それに伴う中心循環（心拍数）の応答を，自分自身を対象に実測して，関連する生理学的知見を理解します．",運動生理学の研究スキルの基礎を習得するために，以下を目標にします．すなわち，①レポートを書くためのアカデミックライティングの理解，②運動生理学研究の歴史および課題探索の方法の理解，③研究者倫理の理解，④循環応答の理解，⑤この演習全体を通して解決したい問題の発見，です．,"各回の予習・復習には約90分～120分かかると想定されます。
一部の学修にオンデマンド教材が含まれます。
毎回の授業について200文字程度の振り返りを提出してもらいます。","1:
第１回
オリエンテーション、各自の疑問点の発表と共有（課題：救急処置法オンデマンド視聴）
2:
第２回
運動生理学の歴史と測定法の変遷
3:
第３回
生理学の論文構成とアカデミックライティングの理解（課題１：各自の疑問点のレポート）
4:
第４回
論文ができるまでプロセスの理解．
5:
第５回
第３回の課題をピアレビュー
6:
第６回
実験計画法
7:
第７回
心臓と心電図，心拍数（講義）
8:
第８回
心臓と心電図，心拍数（実習）（課題２　:実習をもとにしたレポート）
9:
第９回
血圧（講義）
10:
第１０回
レポートのピアレビュー（課題２の:プレゼンとピアレビュー）
11:
第１１回
血圧計測実習（課題３：実習をもとにしたレポート）
12:
第１２回
酸素摂取量とは何か（講義）
13:
第１３回
最大酸素摂取量の測定（課題４：測定・推定の結果をもとにしたレポート）
14:
第１４回
レポートのピアレビューと今期の振り返り・まとめ",使用しません。,第1回授業時に紹介します。,"割合
評価基準
レポート:
80％
課題と発表の点数を評価する。
平常点評価:
20％
振り返り（200文字程度）の記入と講義へのコミットメント",実験に加えて，対話や発表を主体とします．自分が参加することで，授業が進むし授業内容が変わるという意識をもって，積極的に参加・発言してください（受け身では何も変わりません）．体育各部等の活動で欠席が見込まれる際は，予定が入った段階で早めに申し出て，別途課題提出などの指示を受けてください．興味関心が自然科学・人文社会いずれかを問わず，実験研究を通して，読み・書き・データ解釈を習得したい学生ならば履修可能です．オフィスアワーは設けないものの，質問などあれば，メイルなどで遠慮なく連絡を取ってください．,HSSA202S,健康／スポーツ科学,トレーナー,トレーナー,中級レベル（発展・応用）,演習I,２年以上,1,日本語,【対面】
2026,HSSA202S,演習I（応用生理学）,宮地　元彦,スポーツ,秋学期,月３時限,１００-４０１,スポーツ・運動・生活活動といった全ての身体活動、食事・栄養摂取、睡眠・休息......,2000001665012026200000166520,社会実装のための生理学,スポーツ・運動・生活活動といった全ての身体活動、食事・栄養摂取、睡眠・休息などの人の生活の中で営まれる様々な行動に対する生体の変化と適応に関する生理学的な基礎知識を、書籍や文献の精読、調査・測定の実習、仲間との討論を通して学びます。また”応用”という言葉にあるように、生理学の知識を実社会に活かす、具体的にはアスリートのコンディショニング、中高齢者の健康づくり、子どもたちの発育・発達に生理学の知識を活かすために必要な基礎知識を身につけます。,"人の生活の中で営まれる様々な行動に関する人体の生理に関する知識を増やし、受講生自身の学生生活やスポーツ活動に活かすことを目指します。そのために以下の項目の学修に取り組みます。
１）教科書の内容を正確に理解し、応用生理学の基礎的知識を身につけることができる
２）内容を整理し、第三者にわかりやすく説明できる
３）提示された情報を科学的なエビデンスに基づき批判的に評価できる
４）巷のスポーツや健康に関する情報を正しく理解し、自身のスポーツ活動や生活習慣の改善などに活用することができる","発表者は教科書の精読、プレゼン資料の作成などで約5時間程度の自学・自習が必要です。
発表者以外の履修生は、各回の予習・復習には教科書の精読や関連情報の収集に100h分程度の自学が必要です。","1:
第１回
オリエンテーション（本演習の目的と概要について説明）とアイスブレイク
2:
第２回
名著購読（１）樋口満名誉教授著「健康寿命と身体の科学 老化を防ぐ、50歳からの「運動・食事・習慣」 (ブルーバックス B 2291)」を精読し、代表学生が内容を発表した後、内容や関連分野に関して対話を交わします。
3:
第３回
名著購読（２）樋口満名誉教授著「健康寿命と身体の科学 老化を防ぐ、50歳からの「運動・食事・習慣」 (ブルーバックス B 2291)」を精読し、代表学生が内容を発表した後、内容や関連分野に関して対話を交わします。
4:
第４回
名著購読（３）樋口満名誉教授著「健康寿命と身体の科学 老化を防ぐ、50歳からの「運動・食事・習慣」 (ブルーバックス B 2291)」を精読し、代表学生が内容を発表した後、内容や関連分野に関して対話を交わします。
5:
第５回
名著購読（４）樋口満名誉教授著「健康寿命と身体の科学 老化を防ぐ、50歳からの「運動・食事・習慣」 (ブルーバックス B 2291)」を精読し、代表学生が内容を発表した後、内容や関連分野に関して対話を交わします。
6:
第６回
名著購読（５）樋口満名誉教授著「健康寿命と身体の科学 老化を防ぐ、50歳からの「運動・食事・習慣」 (ブルーバックス B 2291)」を精読し、代表学生が内容を発表した後、内容や関連分野に関して対話を交わします。
7:
第７回
名著購読（６）樋口満名誉教授著「健康寿命と身体の科学 老化を防ぐ、50歳からの「運動・食事・習慣」 (ブルーバックス B 2291)」を精読し、代表学生が内容を発表した後、内容や関連分野に関して対話を交わします。
8:
第８回
名著購読（７）樋口満名誉教授著「健康寿命と身体の科学 老化を防ぐ、50歳からの「運動・食事・習慣」 (ブルーバックス B 2291)」を精読し、代表学生が内容を発表した後、内容や関連分野に関して対話を交わします。
9:
第９回
名著購読（８）樋口満名誉教授著「健康寿命と身体の科学 老化を防ぐ、50歳からの「運動・食事・習慣」 (ブルーバックス B 2291)」を精読し、代表学生が内容を発表した後、内容や関連分野に関して対話を交わします。
10:
第１０回
名著購読（９）樋口満名誉教授著「健康寿命と身体の科学 老化を防ぐ、50歳からの「運動・食事・習慣」 (ブルーバックス B 2291)」を精読し、代表学生が内容を発表した後、内容や関連分野に関して対話を交わします。
11:
第１１回
名著購読（１０）樋口満名誉教授著「健康寿命と身体の科学 老化を防ぐ、50歳からの「運動・食事・習慣」 (ブルーバックス B 2291)」を精読し、代表学生が内容を発表した後、内容や関連分野に関して対話を交わします。
12:
第１２回
応用生理学に関するデータを見る・まとめる・報告する（１）スポーツに関する科学的な話題や事象に着目し、情報を収集・整理し、プレゼンで伝える演習を行います。
13:
第１３回
応用生理学に関するデータを見る・まとめる・報告する（２）スポーツに関する科学的な話題や事象に着目し、情報を収集・整理し、プレゼンで伝える演習を行います。
14:
第１４回
応用生理学に関するデータを見る・まとめる・報告する（３）スポーツに関する科学的な話題や事象に着目し、情報を収集・整理し、プレゼンで伝える演習を行います。",健康寿命と身体の科学 老化を防ぐ、50歳からの「運動・食事・習慣」 (ブルーバックス B 2291),授業内で適宜お伝えします。,"割合
評価基準
レポート:
50％
授業進行に必要なプレゼン資料の出来栄え、毎回の授業ごとに提出するミニ課題の内容を評価します。
平常点評価:
50％
発表・討議の積極性、傾聴力、発言内容を評価します。",,HSSA202S,健康／スポーツ科学,トレーナー,トレーナー,中級レベル（発展・応用）,演習I,２年以上,1,日本語,【対面】
2026,HSSB202S,演習I（スポーツ＆エンターテインメントマネジメント）,佐藤　晋太郎,スポーツ,秋学期,木２時限,79-702演習室,演習Ⅰでは、スポーツ＆エンターテインメント産業の大きな枠組みを掴むことを目......,2000001666012026200000166620,,"演習
Ⅰ
では、
スポーツ＆エンターテインメント産業の大きな枠組みを掴むことを目指す。具体的には、
ケーススタディを扱いながらスポーツ＆エンターテインメントのプロダクト特性を理解し、スポーツ＆エンターテインメント消費から得られる価値を
消費者の視点から理解する。
幅広い社会科学の知識を身につけるため、ゼミ生全員で行う新書輪読のコンテンツ発表とディスカッションも行う。",スポーツ＆エンターテインメントビジネスを深く理解し、新書が掲げるテーマにもとづいて効果的なプレゼンテーションができるようにする。,各回の予習・復習には約90分～120分かかると想定されます。,"1:
Week 1
演習の概要と進め方
2:
Week 2
スポーツ＆エンターテインメント産業
3:
Week 3
消費者行動データの収集方法
4:
Week 4
新書テーマの選定と決定
5:
Week 5
新書プレゼン
6:
Week 6
新書プレゼン
7:
Week 7
新書プレゼン
8:
Week 8
新書プレゼン
9:
Week 9
新書プレゼン
10:
Week 10
新書プレゼン
11:
Week 11
新書プレゼン
12:
Week 12
新書プレゼン
13:
Week 13
新書プレゼン
14:
Week 14
まとめと振り返り",特に定めず、授業ごとに資料を配布する。,,"割合
評価基準
レポート:
20％
与えられた課題の理解度を評価します。
平常点評価:
30％
ディスカッションやグループワークにおける貢献度を評価します。
その他:
50％
ゼミで取り組むプロジェクト（毎年異なる）への貢献度を評価します。",,HSSB202S,健康／スポーツ科学,スポーツビジネス,スポーツビジネス,中級レベル（発展・応用）,演習I,２年以上,1,日本語,【対面】
2026,HSSC202S,演習I（アジアのスポーツと身体文化）,高嶋　航,スポーツ,秋学期,月３時限,79-606演習室,2000年以降の夏季オリンピック国別メダル数の上位10カ国をみると、2位の中国を......,2000001667012026200000166720,,"2000年以降の夏季オリンピック国別メダル数の上位10カ国をみると、2位の中国を筆頭に日本と韓国がランクインしている。また、2000年以降、中国は夏季と冬季、韓国は冬季、日本は夏季のオリンピックを開催している。国際スポーツ界におけるアジア（とくに東アジア）の存在感はきわめて大きい。一方で、アジア諸国間には深刻な対立があり（日中韓やイスラエル対アラブ諸国）、国際スポーツ界にもさまざまな影響を与えている。こうしたアジアのスポーツの実態はあまり知られていないし、研究も少ない。
本演習ではアジアのスポーツと身体文化を研究するための基礎知識や方法論を学びつつ、課題をみつけ、それを解決していくことを目指す。具体的には、基本文献の読解と個人研究の発表をおこない、卒業論文作成の準備を進める。",アジアのスポーツ、身体文化、歴史を学ぶための基礎的な知識、方法論を習得する。,各回の予習・復習には約90～120分かかると想定されます。,"1:
第１回
ガイダンス
2:
第２回
アジアスポーツ史の基本文献読解（日本編I）
3:
第３回
アジアスポーツ史の基本文献読解（日本編II）
4:
第４回
アジアスポーツ史の基本文献読解（日本編III）
5:
第５回
アジアスポーツ史の基本文献読解（中国編）
6:
第６回
アジアスポーツ史の基本文献読解（韓国・北朝鮮編）
7:
第７回
アジアスポーツ史の基本文献読解（台湾編）
8:
第８回
アジアスポーツ史の基本文献読解（東南アジア編）
9:
第９回
アジアスポーツ史の基本文献読解（南・西アジア編）
10:
第１０回
個人研究発表
11:
第１１回
個人研究発表
12:
第１２回
個人研究発表
13:
第１３回
個人研究発表
14:
第１４回
個人研究発表",授業中に、適宜指示する。,,"割合
評価基準
平常点評価:
100％
授業への取り組みで評価します。",,HSSC202S,健康／スポーツ科学,スポーツ文化,スポーツ文化,中級レベル（発展・応用）,演習I,２年以上,1,日本語,【対面】
2026,HSSB202S,演習I（スポーツプロモーション）,高橋　義雄,スポーツ,秋学期,木２時限,79-608演習室,スポーツ基本法、それを受けたスポーツ基本計画におけるスポーツプロモーション......,2000001668012026200000166820,,"スポーツ基本法、それを受けたスポーツ基本計画におけるスポーツプロモーションの理念と意義を解説する。スポーツプロモーションのための事業実践をケースにして、スポーツプロモーション事業と健康政策、地域形成、現代社会におけるスポーツイベント政策、プロフェッショナルスポーツの発展過程などについて、その歴史社会的な意味や現代的機能を探究する。スポーツプロモーション事業の社会的需要・供給関係を軸にした社会的構造・機能モデルを論議する。基礎的なスポーツプロモーションの研究成果を基に、現代社会におけるスポーツプロモーションに関わる政策の社会的役割を分析する。また、産業化したプロフェッショナルスポーツの発展過程を分析し、スポーツプロモーションにおける産業化の機能について演習する。
備考",スポーツ基本法、それを受けたスポーツ基本計画の内容について理解する。そして、スポーツプロモーション事業の国レベルや自治体レベルの政策過程と実施過程から、健康政策、地域形成、現代社会におけるスポーツイベント政策、スポーツの産業政策について概要を把握する。,"指定されたスポーツ政策をテーマにした学術論文や学術書を事前に読む。演習の事後には学生個々の関心に基づいて事例を分析し、レポートを作成する。
各回の予習・復習には約90分～120分かかると想定されます。","1:
第１回／ 第１回：オリエンテーション（本講義の目的と概要）
オリエンテーション（本講義の目的と概要） ／ 本講義の目的と概要について説明します。
2:
第２回／第２回：スポーツプロモーションの概念について
スポーツプロモーションの概念について論じた書籍や論文に基づき、概念について説明します。
3:
第３回／第３回：我が国のスポーツ政策史について
我が国のスポーツ政策の歴史的な流れを記述した論文等に基づき、全体像を史的に説明します。
4:
第４回／第４回：教育システムとスポーツプロモーションについて
我が国の明治以降の教育システムにおけるスポーツの位置づけや教育システムが果たした機能について説明します。
5:
第５回／第５回：経済システムとスポーツプロモーションについて
我が国の明治以降の企業や経済システムにおけるスポーツの位置づけや企業や経済システムが果たした機能について説明します。
6:
第６回／第６回：余暇（レジャー）システムとスポーツプロモーションについて
我が国の明治以降の余暇や遊びの進展がスポーツプロモーションシステムに及ぼす影響や機能について説明します。
7:
第７回／第７回：前半の演習のまとめ
演習前半に論議されたスポーツプロモーションに関するシステム間の関係性など論議して演習前半の理解の深化を行う。
8:
第８回／第８回：国際情勢とスポーツプロモーションについて
国際的な視点からスポーツプロモーションの果たす役割、さらにスポーツプロモーションに及ぼす影響について説明します。
9:
第９回／第９回：競技力向上とスポーツプロモーションについて
競技力向上は「勝利」や「記録」をめざしたスポーツにおいて欠くことができない枠組みである。スポーツプロモーションとして競技力向上の意義や機能について説明します。
10:
第１０回／第１０回：社会課題解決とスポーツプロモーションについて
スポーツプロモーションは個人の欲望や快感から生じる力を社会課題の解決に向けることが可能である。今日の社会で問われる社会課題とスポーツプロモーションについて説明します。
11:
第１１回／第１１回：デジタル化とスポーツプロモーションについて
デジタル化技術の進展はあらたなバーチャルな空間を形成している。これまで捉えることのできなかったデータ等、科学技術とスポーツプロモーションについて説明します。
12:
第１２回／第１２回：地方分権時代のスポーツプロモーションについて
地方分権時代において各地方はそれぞれの環境において適切な資源を活用・配分したスポーツプロモーションが求められている。地方におけるスポーツプロモーションの現状や課題、その解決のための施策について説明します。
13:
第１３回／第１３回：スポーツ産業化とスポーツプロモーションについて
プロスポーツをはじめ、産業化したスポーツはグローバルな競争化にさらされながら永続的なシステムを模索している。産業化する社会におけるスポーツプロモーションのシステムについて説明します。
14:
第１４回／第１４回
演習後半に論議されたスポーツプロモーションに関するシステム間の関係性など論議し、本演習の全体的な理解の深化を行う。","菊幸一・齋藤健司・真山達志・横山勝彦（編）『スポーツ政策論』，成文堂．
そのほか演習の時間に適宜紹介する。",,"割合
評価基準
レポート:
30％
個々の関心に基づいて事例や先行研究についてレポートにまとめるとともに発表する。
平常点評価:
70％
演習における教員および学生間の論議に積極的に参加して、論理的なディスカッションを行う。",,HSSB202S,健康／スポーツ科学,スポーツビジネス,スポーツビジネス,中級レベル（発展・応用）,演習I,２年以上,1,日本語,【対面】
2026,HSSA202S,演習I（ハイパフォーマンス&コーチング）,欠畑　岳,スポーツ,秋学期,水３時限,１００-１１４,・本演習は、スポーツにおける”ハイパフォーマンス”を実現するための”コーチン......,2000001669012026200000166920,,"・本演習は、スポーツにおける”ハイパフォーマンス”を実現するための”コーチング”の在り方について、主に実験系を通じたアプローチから理解を深める。
・履修者が興味対象とするスポーツの競技特性を整理し、”ハイパフォーマンス”をいかに定義し、記述すべきか、その基本的な考え方について学ぶ。
・競技力向上に必要な”コーチング”を見据え、それに必要な定量的アプローチの基本を学ぶ。
・各実験・測定機材の使い方について、フィールド測定を通じ習得しながら、その解析方法についても習得する。","・スポーツにおける”ハイパフォーマンス”を定義し、それを定量する方法、解析方法の基本を身につけ、”コーチング”への新しい知見を得る。
・実験系で得られたデータの解釈、記述、プレゼンテーションの基本を身につける。",各回の予習・復習には約30-60分かかると想定されます。,"1:
第１回
授業ガイダンス、履修上の注意、評価方法の説明、オリエンテーション
2:
第２回
ハイパフォーマンス＆コーチング概論
3:
第３回
スポーツ（走・跳・投）における規定因子モデルの講義
4:
第４回
フィールド測定に向けた実験機材の説明と予備測定
5:
第５回
フィールド測定：走種目の実施
6:
第６回
フィールド測定：跳・投種目の実施
7:
第７回
データ解析法の解説
8:
第８回
データ解析①
9:
第９回
データ解析②
10:
第１０回
プレゼンテーションの基本
11:
第１１回
グループプレゼンテーション①
12:
第１２回
グループプレゼンテーション②
13:
第１３回
グループプレゼンテーション③
14:
第１４回
演習Ⅰの総括と演習Ⅱへの展望",教室で資料を配布します,,"割合
評価基準
レポート:
30％
プレゼンテーションの出来栄えを評価します。
平常点評価:
70％
フィールド測定におけるデータを使い講義を進めていくため、意欲的な取り組み姿勢や積極性を求めます。",,HSSA202S,健康／スポーツ科学,トレーナー,トレーナー,中級レベル（発展・応用）,演習I,２年以上,1,日本語,【対面】
2026,HSSA202S,演習I（ハイパフォーマンス科学）,宮本　直和,スポーツ,秋学期,月２時限,１００-３０２,本授業では、アスリートのハイパフォーマンスに関する研究についての学修や討論......,2000001670012026200000167020,,本授業では、アスリートのハイパフォーマンスに関する研究についての学修や討論などを通じて演習指導を行う。また、支援の実践を行う上でのエビデンス（科学的根拠）の重要性を学ぶために、論文の抄読を行う。この過程を通じて、科学的な支援の考え方を学ぶとともに、各自の研究テーマの礎を築くことを目的とする。,"・科学的支援の実践や測定、評価の重要性を理解して説明することができる。
・各測定方法について実践し、データを適切に解釈することができる。
・科学論文を精読し、批判的に吟味することができる。",各回の予習・復習には約90分～120分かかると想定されます。,"1:
第１回
オリエンテーション（本演習の目的と概要の説明）
2:
第２回
科学的支援の実践の意義
3:
第３回
競技力に関わる測定（講義）
4:
第４回
競技力に関わる測定（実習1）
5:
第５回
競技力に関わる測定（実習2）
6:
第６回
競技力に関わるデータの解析（講義）
7:
第７回
競技力に関わるデータの解析（演習）
8:
第８回
競技力に関わるデータの討議
9:
第９回
外傷・障害予防に関わる測定（講義）
10:
第１０回
外傷・障害予防に関わる測定（実習1）
11:
第１１回
外傷・障害予防に関わる測定（実習2）
12:
第１２回
外傷・障害予防に関わるデータの解析（講義）
13:
第１３回
外傷・障害予防に関わるデータの解析（演習）
14:
第１４回
外傷・障害予防に関わるデータの討議、まとめと講評",特になし。資料は授業中に適宜配布する。,特になし。資料は授業中に適宜配布する。,"割合
評価基準
平常点評価:
100％
実習・発表・討議などにおける積極性や発表内容を総合的に評価する。",,HSSA202S,健康／スポーツ科学,トレーナー,トレーナー,中級レベル（発展・応用）,演習I,２年以上,1,日本語,【対面】
2026,HSSB202S,演習I（スポーツ経営戦略）,大井　義洋,スポーツ,秋学期,木２時限,79-605演習室,演習1では、スポーツビジネスにおける経営戦略の理論と実践を学び、現代のスポ......,2000001671012026200000167120,,"演習1では、スポーツビジネスにおける経営戦略の理論と実践を学び、現代のスポーツ業界が直面する課題に対する戦略的思考を養うことを目的とする。特に、プロスポーツリーグ、クラブ経営、スポーツイベント、スポンサーシップ、メディア戦略などを対象に、競争優位性の確立、ビジネスモデルの革新、ステークホルダーとの関係構築について分析を行う。さらに、国内外の事例研究や企業・スポーツ団体との共同研究を通じて、実践的な知見を深める。
また、学生は各自の関心に基づいた研究テーマを設定し、理論的なフレームワークを用いた分析とプレゼンテーションを行うことで、論理的思考力、批判的分析力、および実践的な提案力を身につける。",1．スポーツ経営戦略の理論的理解,各回の予習・復習に60‐90分程度の時間がかかることを想定します。,"1:
第１回
演習Ⅰのイントロダクション
2:
第２回
プロジェクトのオリエンテーション
3:
第３回
経営戦略理論
4:
第４回
プロジェクト
5:
第５回
経営戦略理論
6:
第６回
プロジェクト
7:
第７回
経営戦略理論
8:
第８回
プロジェクト
9:
第９回
経営戦略理論
10:
第１０回
プロジェクト
11:
第１１回
経営戦略理論
12:
第１２回
プロジェクト
13:
第１３回
経営戦略理論
14:
第１４回
プロジェクト",特に定めない,都度紹介する,"割合
評価基準
平常点評価:
100％
主体的な授業参加、発表内容の評価",,HSSB202S,健康／スポーツ科学,スポーツビジネス,スポーツビジネス,中級レベル（発展・応用）,演習I,２年以上,1,日本語,【対面】
2026,HSSC202S,演習I（スポーツ哲学）,佐々木　究,スポーツ,秋学期,木２時限,79-402講義室,本科目は、スポーツ科学に関する専門知識をもとに多様な視点から物事を把握し、......,2000001672012026200000167220,,"本科目は、スポーツ科学に関する専門知識をもとに多様な視点から物事を把握し、論理的に考える力を養おうとするものである
本演習では、とくに文献講読と相互のディスカッションを通して、スポーツや体育の現状と諸問題への理解を深める
各回に担当を決め、レジュメを作成するなどの準備を課し、担当箇所についての概要の発表や補足説明を求める
取り扱う文献は、哲学・倫理学分野のものに限定せず、受講生諸君の興味・関心に応じて広く人文・社会科学的領域を視野に入れながら定めていく
また、次学期以降の課題を念頭に、自らの興味・関心に関する簡単なプレゼンテーションを課す","文献・資料を適切に読解できること、そしてその内容について自らの言葉で要約・説明することができること
他者とのディスカッションを通して、他者の意見を傾聴し、また自らの考えをブラッシュアップする態度を身につけること
スポーツに関する諸問題についての自らの興味・関心を、スポーツ科学の基礎的な用語や概念を用いて表現できること",各回の予習・復習にはそれぞれ100分ほど要すると想定される,"1:
第１回　ガイダンス
本科目の概要と全体のスケジュールを確認し、受講生諸君の顔合わせを行う
取り扱う文献の選定を行う
2:
第２回　導入（チュートリアル）1
担当教員が事前に準備した文献（論文）の講読とディスカッションを行う
3:
第３回　導入（チュートリアル）2
担当教員が事前に準備した文献（論文）の講読とディスカッションを行う
4:
第４回　演習1
主たる文献の講読を開始する
担当となる受講生は事前の準備をもとに概要を発表し、また補足的な説明を行う
5:
第５回　演習2
主たる文献の講読を開始する
担当となる受講生は事前の準備をもとに概要を発表し、また補足的な説明を行う
6:
第６回　演習3
主たる文献の講読を開始する
担当となる受講生は事前の準備をもとに概要を発表し、また補足的な説明を行う
7:
第７回　演習4
主たる文献の講読を開始する
担当となる受講生は事前の準備をもとに概要を発表し、また補足的な説明を行う
8:
第８回　演習5
主たる文献の講読を開始する
担当となる受講生は事前の準備をもとに概要を発表し、また補足的な説明を行う
9:
第９回　演習6
主たる文献の講読を開始する
担当となる受講生は事前の準備をもとに概要を発表し、また補足的な説明を行う
10:
第１０回　演習7
主たる文献の講読を開始する
担当となる受講生は事前の準備をもとに概要を発表し、また補足的な説明を行う
11:
第１１回　個人研究テーマ発表1
スポーツ科学に関する論文や資料を参照しながら、
それぞれが興味・関心を寄せるテーマについて整理し、簡単な発表を行う
12:
第１２回　個人研究テーマ発表2
スポーツ科学に関する論文や資料を参照しながら、
それぞれが興味・関心を寄せるテーマについて整理し、簡単な発表を行う
13:
第１３回　個人研究テーマ発表3
スポーツ科学に関する論文や資料を参照しながら、
それぞれが興味・関心を寄せるテーマについて整理し、簡単な発表を行う
14:
第１４回　個人研究テーマ発表4
スポーツ科学に関する論文や資料を参照しながら、
それぞれが興味・関心を寄せるテーマについて整理し、簡単な発表を行う",授業時に適宜指示する,授業時に適宜指示する,"割合
評価基準
レポート:
30％
研究テーマ発表の内容を評価対象とする
平常点評価:
70％
授業への取り組み、とりわけ担当回における準備状況やディスカッションへの参加度を評価します",,HSSC202S,健康／スポーツ科学,スポーツ文化,スポーツ文化,中級レベル（発展・応用）,演習I,２年以上,1,日本語,【対面】
2026,HSSC202S,演習I（スポーツ国際開発学）,岡田　千あき,スポーツ,秋学期,火１時限,79-302講義室,本演習では、スポーツの多面性を理解するために、いくつかの対比概念に関する議......,2000001673012026200000167320,,本演習では、スポーツの多面性を理解するために、いくつかの対比概念に関する議論をもとに「スポーツの価値」を考える。2週1セットのサイクル（1週目：テーマ確定・グループ分け・調べ学習、2週目：議論・振り返り）で行う。議論を通じて、スポーツの特徴や利点、弊害などに関する理解を深めることを目的とする。演習の履修者については、火曜2限の講義の受講を推奨する。,1. 開発と平和のためのスポーツ（Sport for Devleopment and Peace:SDP）まつわる主要な対立概念を理解し、自らの言葉で説明できる。,"事前学習：各セットの1週目で設定したテーマを理解し、プレゼンテーション用の資料を作成する（目安：120分）。
事後学習：2週目の議論の内容を振り返り、自身の学びを記録する（目安：60分）。","1:
第１回
SDPの基本的概念とゼミの進め方の説明
2:
第２回
【テーマ1：準備】 グループ分け、対比概念の提示、調べ学習
3:
第３回
【テーマ1：議論】 プレゼンテーション、全体議論、振り返り
4:
第４回
【テーマ2：準備】 グループ分け、対比概念の提示、調べ学習
5:
第５回
【テーマ2：議論】 プレゼンテーション、全体議論、振り返り
6:
第６回
【テーマ3：準備】 グループ分け、対比概念の提示、調べ学習
7:
第７回
【テーマ3：議論】 プレゼンテーション、全体議論、振り返り
8:
第８回
【テーマ4：準備】 グループ分け、対比概念の提示、調べ学習
9:
第９回
【テーマ4：議論】 プレゼンテーション、全体議論、振り返り
10:
第１０回
【テーマ5：準備】 グループ分け、対比概念の提示、調べ学習
11:
第１１回
【テーマ5：議論】 プレゼンテーション、全体議論、振り返り
12:
第１２回
最終プレゼンテーション準備：個別・グループ指導
13:
第１３回
最終プレゼンテーション：学期を通じて深めた「自分なりのスポーツ観」の共有
14:
第１４回
学びの振り返り",,,"割合
評価基準
平常点評価:
100％
議論への貢献・リフレクション　50％",,HSSC202S,健康／スポーツ科学,スポーツ文化,スポーツ文化,中級レベル（発展・応用）,演習I,２年以上,1,日本語,【対面】
2026,HSSA202S,演習I（パラスポーツ科学）,前田　慶明,スポーツ,秋学期,火２時限,１００-１１３,本講義では、パラスポーツの科学的基礎と現場での実践的支援方法を習得する。 ......,2000001674012026200000167420,,"本講義では、パラスポーツの科学的基礎と現場での実践的支援方法を習得する。
各障がい（脊髄損傷、切断、脳性麻痺、知的障がい、視覚・聴覚など）の身体的特性を理解し、安全にスポーツを楽しむためのリスク管理やパフォーマンス向上を支えるコンディショニング技術を学ぶ。
義足や車いすを用いた運動のバイオメカニクス、競技の公平性を生む「クラス分け」の仕組み、そして既存のスポーツを対象に合わせて再構築するパラスポーツの考え方を実践的に学ぶ。
授業は学生発表と実技演習を組み合わせて行う。","・各障がい（肢体不自由、視覚・知的障がい等）特有のリスク（自律神経過反射、褥瘡、二次的な運動器障害など）を理解し、対象者の残存機能を活かした安全で効果的な動作助言や補助ができるようになる。
・車いすや義足などの競技用具が身体運動に与える影響を理解し、個々の身体機能に合わせた用具の適合や、障がいの有無に関わらず誰もが参加できるようなルールの工夫（アダプテーション）を自ら企画・実施できるようになる。",各回の予習・復習には約90分～120分かかると想定されます。,"1:
第１回
オリエンテーション（本講義の目的と概要） ／ 本講義の目的と概要について説明します。
分担決定
2:
第２回
切断・機能障がい（1）
担当者の発表、全員の討論
3:
第３回
切断・機能障がい（２）
担当者の発表、全員の討論
4:
第４回
脊髄損傷とスポーツ（1）
担当者の発表、全員の討論
5:
第５回
脊髄損傷とスポーツ（２）
担当者の発表、全員の討論
6:
第６回
脳性麻痺・知的障がい・中枢神経疾患
担当者の発表、全員の討論
7:
第７回
視覚障がい・聴覚障がい
担当者の発表、全員の討論
8:
第８回
義足走行・車いす駆動の分析
担当者の発表、全員の討論
9:
第９回
クラス分けの基本原理
担当者の発表、全員の討論
10:
第１０回
クラス分けの判定シミュレーション（１）
担当者の発表、全員の討論
11:
第１１回
クラス分けの判定シミュレーション（２）
担当者の発表、全員の討論
12:
第１２回
パラスポーツのコンディショニング（１）
担当者の発表、全員の討論
13:
第１３回
パラスポーツのコンディショニング（１）
担当者の発表、全員の討論
14:
第１４回
パラスポーツ現場での支援と普及
担当者の発表、全員の討論",特になし。,必要に応じて適宜紹介する。,"平常点評価: 100%
評価基準: 出席状況、グループワークへの貢献度、発表内容、討論の積極性で評価する。",,HSSA202S,健康／スポーツ科学,トレーナー,トレーナー,中級レベル（発展・応用）,演習I,２年以上,1,日本語,【対面】
2026,HSSE302S,演習III（身体運動のメカニズム）,川上　泰雄,スポーツ,秋学期,月４時限,１０１-３０１,演習Ⅱに引き続き、実験実習中心の教育指導を行います。討議による実験テーマの......,2000001802012026200000180220,,演習Ⅱに引き続き、実験実習中心の教育指導を行います。討議による実験テーマの設定、実験実習、データ分析、レポート執筆・発表・討議、というパターンを繰り返します。受講学生からテーマを提案してもらい、皆で討議をしながら実験していく、というステップを経ながら卒業研究へとつなげていきます。,身体運動の仕組みについて、その解明のための実験的アプローチの理解と実践能力の獲得をめざします。,各回の予習・復習には約90分～120分かかると想定されます。,"1:
第１回
授業ガイダンス
2:
第２回
実験テーマの設定
3:
第３回
実験１（実習）
4:
第４回
実験２（実習）
5:
第５回
データ解析
6:
第６回
発表・討議
7:
第７回
実験３（実習）
8:
第８回
実験４（実習）
9:
第９回
データ解析
10:
第10回
発表・討議
11:
第11回
実験５（実習）
12:
第12回
実験６（実習）
13:
第13回
データ解析
14:
第14回
発表・討議",授業時に適宜指示します,授業時に適宜指示します,"割合
評価基準
レポート:
50％
授業期間中に数回のレポートを課します
平常点評価:
50％
研究発表や討議の積極性を評価します","研究室のページを参照してください。
ウェブサイト
https://sites.google.com/view/waseda-biodynamics-lab/
インスタグラム
https://www.instagram.com/kawakami_lab_waseda/
日本科学未来館における理工学術院との共同研究「ヒューマンパフォーマンス研究所」の研究室（卒業研究等実施中）
https://www.miraikan.jst.go.jp/research/facilities/HumanMovementPerformance/",HSSE302S,健康／スポーツ科学,身体運動科学,身体運動科学,上級レベル,演習III,３年以上,1,日本語,【対面】
2026,HSSE302S,演習III（スポーツ栄養学）,田口　素子,スポーツ,秋学期,水３時限,１００-４０３,演習Ⅲでは、演習Ⅰ及びⅡで行った手法やデータの意味を確認しながら、関連するデ......,2000001808012026200000180820,,演習Ⅲでは、演習Ⅰ及びⅡで行った手法やデータの意味を確認しながら、関連するデータを用いて統計演習と文献検索を行い、各自の研究計画を立案する。,専門知識をさらに深め、栄養アセスメントや測定を通して得られたデータに基づきスポーツ栄養学的なまとめと考察ができるようになる。また、各自が卒業研究で扱うテーマの選択を行う。,各回の予習・復習には約90分～120分かかると想定されます。,"1:
第１回
ガイダンス、演習Ⅱの振り返り
SPSSのダウンロード
2:
第２回
統計演習①
3:
第３回
統計演習②
4:
第４回
統計演習③
5:
第５回
統計演習④
6:
第６回
統計演習⑤
7:
第７回
統計演習⑥
8:
第８回
統計演習⑦
9:
第９回
図表の作成方法
10:
第10回
文献検索①
11:
第11回
文献検索②
12:
第12回
研究計画の立て方
13:
第13回
研究テーマの選択①
14:
第14回
研究テーマの選択①",演習Ⅰで配布したものを継続利用する。,,"割合
評価基準
レポート:
80％
配布または提示する課題にしたがって作業し、課題を提出する。
平常点評価:
20％
授業参加の積極性と考察する姿勢により評価する。",,HSSE302S,健康／スポーツ科学,身体運動科学,身体運動科学,上級レベル,演習III,３年以上,1,日本語,【対面】
2026,HSSM302S,演習III（脳と心とスポーツ）,西多　昌規,スポーツ,秋学期,月２時限,１００-Ｓ２０２,演習Ⅲより、卒業論文に向けた実験計画の立て方や調査・実験の方法、統計手法......,2000001810012026200000181020,眠り・メンタルヘルスについての疑問を確かめる,"演習Ⅲより、卒業論文に向けた実験計画の立て方や調査・実験の方法、統計手法を学びながら身につけるようにします。これらを通じて、疑問に思っていることに関して仮説を立てて、実験・調査の計画を立てます。
得られたデータを解析する、統計学的手法を学びます。分析によって得られた結果を考察する力を養っていきます。
自分の研究計画について発表し議論を深めて、研究計画を遂行する演習Ⅳへ結びつけていきます。
最終課題として、卒業研究計画書の発表と提出を求めます","・卒業研究のテーマを定め、実験・調査計画を立案する。
・調査方法、実験方法の基本を学び、実践できるようにする。
・自分の関心のある分野の文献を通じて、専門的知識を深める。
・統計学的知識・手法を学ぶ。
・それを他の人たちにわかりやすく、興味を持ってもらえるようにプレゼンテーションできるようになる。
・他人の発表に、コメントや意見を述べ、議論ができるようになる。
・卒業研究計画書を作成する。",各回の予習・復習には、約90分〜120分かかると想定されます。,"1:
第１回
オリエンテーション / 本講義の目的と概要、到達目標の確認
2:
第２回
【ディスカッション】 卒業研究テーマのディスカッション（1）
3:
第３回
【ディスカッション】 卒業研究テーマのディスカッション（2）
4:
第４回
【ディスカッション】 卒業研究テーマのディスカッション（3）
5:
第５回
【ディスカッション】 卒業研究テーマのディスカッション（4）
6:
第６回
【ディスカッション】 卒業研究テーマのディスカッション（5）
7:
第７回
【調査研究】 睡眠、眠気・覚醒度の調査方法
8:
第８回
【調査研究】 体内リズム、社会的ジェットラグの調査方法
9:
第９回
【調査研究】 気分、不安、アスリート尺度などの調査方法
10:
第１０回
【実験】 ウェアラブル機器を試してみる
11:
第１１回
【卒業研究紹介】先輩達の提出した卒業研究の紹介
12:
第１２回
【卒業研究計画書発表】 卒業研究計画書についての発表・議論・作成（1）
13:
第１３回
【卒業研究計画書発表】 卒業研究計画書についての発表・議論・作成（2）
14:
第１４回
【卒業研究計画書発表】 卒業研究計画書についての発表・議論・作成（3）",特に指定しません。,講義中に指定します。,"割合
評価基準
試験:
0％
実施しません。
レポート:
30％
卒業研究計画書を評価対象とします。
平常点評価:
70％
発表（ゼミ前半、後半で各自2回を予定）を評価します。ゼミにおける積極性やコメント・質問の質・量も評価します。
その他:
0％
その他の評価項目はありません。","・パソコン・タブレットを持参してください。
・対面が基本ですが、オンライン、オンデマンドなど講義形式は変更される場合があります。
・講義スケジュール、内容についても、変更の可能性があります。
・本演習では特に研究に興味のある人、および日々のスポーツ活動から問題を抽出し解決したいアスリートを多く求めています。研究への強い希望があれば、研究室の研究活動に参加し、その中から卒業論文を仕上げていくことができます。また、大学院を希望する人であれば、演習から大学院研究につながるテーマを設定し、そのなかで研究を行い、学部時代であれば卒業論文と同時に学術誌への論文投稿もできるように指導することも可能です。",HSSM302S,健康／スポーツ科学,スポーツ医科学,スポーツ医科学,上級レベル,演習III,３年以上,1,日本語,【対面】ハイブリッド（対面回数半数以上）
2026,HSSC153S,演習III（スポーツ社会学）,中澤　篤史,スポーツ,秋学期,木４時限,研究室,中澤ゼミでは、スポーツ・身体・人間に関連する社会現象を......,2000001811012026200000181120,調査：早稲田体育各部を調べる,中澤ゼミでは、スポーツ・身体・人間に関連する社会現象を、社会学を中心とした社会科学的アプローチから探究します。「なぜ?」と感じる不思議を、社会学的に解き明かすおもしろさを学んでください。演習Ⅱで学んだ「方法」を踏まえながら、演習Ⅲでは、「分析：社会科学的アプローチを使う」というテーマで学習を進めます。,演習Ⅲのねらいは、社会科学的なデータ分析の手法を実践することです。,各回の予習・復習には約90分～120分かかると想定されます。,"1:
第１回
ガイダンス
2:
第２回
データ分析の基礎
3:
第３回
フィールドワークを実践する
4:
第４回
フィールドワークの成果をまとめる
5:
第５回
インタビュー調査を実践する
6:
第６回
インタビュー調査の成果をまとめる
7:
第７回
前半のまとめ：質的調査法の特徴
8:
第８回
計量データ分析（１）SPSSの準備
9:
第９回
計量データ分析（２）2次分析
10:
第１０回
計量データ分析（３）記述統計
11:
第１１回
計量データ分析（４）クロス表集計
12:
第１２回
計量データ分析（５）相関分析
13:
第１３回
オリジナルデータ分析
14:
第１４回
後半のまとめ：量的調査法の特徴",適宜、授業内で知らせます。,,"割合
評価基準
平常点評価:
100％
スポーツ社会学の理論および方法の理解度",,HSSC153S,健康／スポーツ科学,スポーツ文化,スポーツ社会学,初級レベル（入門・導入）,演習III,３年以上,1,日本語,【対面】
2026,HSSA302S,演習III（スポーツ運動学）,土屋　純,スポーツ,秋学期,木２時限,１００-３０５,演習Ⅰ、Ⅱで得られたスポーツ運動学とバイオメカニクスの基礎的な知識とその研......,2000001812012026200000181220,,演習Ⅰ、Ⅱで得られたスポーツ運動学とバイオメカニクスの基礎的な知識とその研究方法をもとに、各自が研究課題を設定し、関連する文献の講読、実験・資料収集の実施と発表を行う。,自分自身で課題を設定し、スポーツ運動学やバイオメカニクス的な視点と手法によって運動を把握・評価できるようになる。研究論文の渉猟ができるようになる。,各回の予習・復習には約90分～120分かかると想定されます。,"1:
第１回
ガイダンス
2:
第２回
テーマ：研究課題の設定（１）、内容：各自が設定した研究課題の発表（１）
3:
第３回
テーマ：研究課題の設定（２）、内容：各自が設定した研究課題の発表（２）
4:
第４回
テーマ：研究課題の設定（３）、内容：各自が設定した研究課題の発表（３）
5:
第５回
テーマ：関連文献の講読（１）、内容：各自の研究課題に関連した文献の講読とディスカッション（１）
6:
第６回
テーマ：関連文献の講読（２）、内容：各自の研究課題に関連した文献の講読とディスカッション（２）
7:
第７回
テーマ：関連文献の講読（３）、内容：各自の研究課題に関連した文献の講読とディスカッション（３）
8:
第８回
テーマ：研究課題の実施（１）、内容：各自が設定した研究課題の実施（１）
9:
第９回
テーマ：研究課題の実施（２）、内容：各自が設定した研究課題の実施（２）
10:
第10回
テーマ：研究課題の実施（３）、内容：各自が設定した研究課題の実施（３）
11:
第11回
テーマ：研究課題の実施（４）、内容：各自が設定した研究課題の実施（４）
12:
第12回
テーマ：発表とディスカッション（１）
13:
第13回
テーマ：発表とディスカッション（２）
14:
第14回
テーマ：発表とディスカッション（３）",なし,なし,"割合
評価基準
レポート:
20％
課題の出来栄えについて評価する。
平常点評価:
80％
毎回の授業での発表やディスカッションに対する取り組みの姿勢について評価する。",,HSSA302S,健康／スポーツ科学,トレーナー,トレーナー,上級レベル,演習III,３年以上,1,日本語,【対面】
2026,HSSA302S,演習III（ストレングス＆コンディショニング）,岡田　純一,スポーツ,秋学期,金２時限,79-702演習室,ストレングス＆コンディショニングをテーマに、対象に応じた基礎体力およびパ......,2000001813012026200000181320,,ストレングス＆コンディショニングをテーマに、対象に応じた基礎体力およびパフォーマンス向上を目指す指導者としての素養を高めることを目標としている。とくに科学的知見を実践に応用していくことのできる指導者の視点を大切にして、トレーニングおよびコンディショニングプログラムの評価およびそれらの研究手法について理解を深めていく。学生主体のアイディアに基づいて研究計画を立案し、実験・実習を進める。,研究の意義、目的の設定など実習を通じて実験研究の進め方を理解する。,各回の予習・復習には約90分～120分かかると想定されます。,"1:
第１回
ガイダンス
2:
第２回
研究計画
3:
第３回
実習１－１
4:
第４回
実習１－２
5:
第５回
実習１－３
6:
第６回
実習２－１
7:
第７回
実習２－２
8:
第８回
実習２－３
9:
第９回
実習３－１
10:
第10回
実習３－２
11:
第11回
実習３－３
12:
第12回
データ分析
13:
第13回
統計処理
14:
第14回
図表作成とレポート執筆要領",,ストレングストレーニング＆コンディショニング第３版（ブックハウスⅢ）,"割合
評価基準
レポート:
75％
レポートによる評価
平常点評価:
25％
実験実習の実践",,HSSA302S,健康／スポーツ科学,トレーナー,トレーナー,上級レベル,演習III,３年以上,1,日本語,【対面】
2026,HSSM302S,演習III（運動器スポーツ医学）,鳥居　俊,スポーツ,秋学期,水２時限,１０１-２０９,運動器の組織別に基礎知識を学ぶとともに、基本的な実習を行う。基礎知識につ......,2000001814012026200000181420,,運動器の組織別に基礎知識を学ぶとともに、基本的な実習を行う。基礎知識については学生発表を中心とする。実際に運動器を観察するために自分たちの身体を用いた計測や超音波画像による計測も行う。日本スポーツ協会公認スポーツドクターの資格を有する教員が担当する。,運動器の組織について基本知識を獲得すること。運動器の機能評価の方法を体験し、手法を獲得すること。,各回の予習・復習には約90分～120分かかると想定されます。,"1:
第１回
オリエンテーション　運動器の各組織を知ることの意義、その知識をどのように活用し、発展させるかを説明する。
2:
第２回
骨の構造・機能（１）
マクロな骨の基本構造について学ぶ。体表面上から自分たちの骨の長さや幅を計測する。
3:
第３回
骨の構造・機能（２）
動物の骨を用いて、断面の観察、内部構造の観察を行う。DXAにより動物の骨密度を計測する。
4:
第４回
骨の構造・機能（３）
各自のDXA計測を行い、身体各部の骨量や骨密度、骨代謝を学ぶ。
5:
第５回
筋の構造・機能（１）
マクロ、ミクロな筋の構造、機能について学ぶ。
6:
第６回
筋の構造・機能（２）
超音波を用いて、各部の筋の観察を行う。
7:
第７回
筋の構造・機能（３）
簡易測定器を用いて筋力測定、筋電計測などを行う。
8:
第８回
腱の構造・機能（１）
マクロ、ミクロな腱の構造、機能について学ぶ。
9:
第９回
腱の構造・機能（２）
超音波を用いて腱の構造を観察、筋収縮に伴う腱の変化を観察し、腱の力学特性を学ぶ。
10:
第10回
軟骨の構造・機能（１）
マクロ、ミクロな軟骨の構造、機能について学ぶ。
11:
第11回
軟骨の構造・機能（２）
超音波を用いて軟骨の観察を行う。動物の軟骨の観察を行う。
12:
第12回
靭帯の構造・機能（１）
マクロ、ミクロな靭帯の構造、機能について学ぶ。超音波を用いた靭帯の観察、靭帯の機能検査について学ぶ。
13:
第13回
神経の構造・機能（１）
マクロ、ミクロな神経の構造、機能について学ぶ。
14:
第14回
神経の構造・機能（２）
神経系の機能に関する検査や測定を実際に行う。",特に定めない,演習時間中に適宜紹介する。,"割合
評価基準
平常点評価:
100％
観察を含む実習へのに参加の積極性、結果に基づく発表をもとに理解度を評価、",,HSSM302S,健康／スポーツ科学,スポーツ医科学,スポーツ医科学,上級レベル,演習III,３年以上,1,日本語,【対面】
2026,HSSH302S,演習III（健康スポーツのマーケティング）,中村　好男,スポーツ,秋学期,火２時限,１００-４０７,中村好男ゼミ・演習Ⅲ（３年秋）の目標は、健康スポーツの促進に関する実践プ......,2000001815012026200000181520,,中村好男ゼミ・演習Ⅲ（３年秋）の目標は、健康スポーツの促進に関する実践プログラム開発技法の修得であり、基礎的講義の後に４－６人程度の少人数グループに分かれて課題プログラムの開発実習に取り組む。,"・４～５人程度の小グループでの健康スポーツ促進プログラムの企画実行において分担役割を果たせること。
・自身の卒業後のキャリアを展望した上で、社会動向を適切に分析・検証できる能力を身につける。",各回の予習・復習には約90分～120分かかると想定されます。,"1:
第１回
講義スポーツ科学の現代的意味
2:
第２回
演習子どもを対象とした運動プログラム（１）
3:
第３回
演習子どもを対象とした運動プログラム（２）
4:
第４回
演習大学生を対象とした身体活動促進プログラム（１）
5:
第５回
演習大学生を対象とした身体活動促進プログラム（２）
6:
第６回
演習中高年を対象とした肥満対策プログラム（１）
7:
第７回
演習中高年を対象とした肥満対策プログラム（２）
8:
第８回
演習虚弱高齢者を対象とした身体活動促進プログラム（１）
9:
第９回
演習虚弱高齢者を対象とした身体活動促進プログラム（２）
10:
第10回
演習スポーツ科学を活用した身体活動・運動促進プログラム実践手法
11:
第11回
演習世代別のマーケティングとプログラム開発
12:
第12回
グループワーク実践
13:
第13回
グループワーク実践
14:
第14回
グループワーク実践",特になし。個別に指示。,特になし。個別に指示。,"割合
評価基準
レポート:
40％
レポートによる評価
平常点評価:
60％
平常点による評価","【学年末集中補講】各グループごとの成果発表と、各自の卒業研究計画についての発表・討論
特になし",HSSH302S,健康／スポーツ科学,健康スポーツ,健康スポーツ,上級レベル,演習III,３年以上,1,日本語,【対面】
2026,HSSE302S,演習III（スポーツ生理学）,前田　清司,スポーツ,秋学期,水３時限,１００-３０３,演習Ⅲでは、演習Ⅱで学んだ「スポーツ生理学」に関する知識や測定・評価方法をさ......,2000001816012026200000181620,,"演習Ⅲでは、演習Ⅱで学んだ「スポーツ生理学」に関する知識や測定・評価方法をさらに発展させる。授業では、スポーツ生理学に関連する研究論文を抄読および紹介し、
研究デザインや結果の解釈の仕方などを学ぶ。
本演習を通じて運動・スポーツを科学的に捉える高度な視点と能力を養うことを目標とする。",スポーツ生理学に関連する研究を理解するとともに、研究デザインや結果の解釈の仕方などについての知識を深める。,各回の予習・復習には約90分～120分かかると想定されます。,"1:
第１回
演習の概要と進め方
2:
第２回
文献検索に関する演習
3:
第３回
研究論文のプレゼンテーション技法
4:
第４回
興味のある研究論文の紹介と討論（
1
）
5:
第５回
興味のある研究論文の紹介と討論（
2
）
6:
第６回
興味のある研究論文の紹介と討論（
3
）
7:
第７回
興味のある研究論文の紹介と討論（
4
）
8:
第８回
興味のある研究論文の紹介と討論（
5
）
9:
第９回
興味のある研究論文の紹介と討論（
6
）
10:
第10回
興味のある研究論文の紹介と討論（
7
）
11:
第11回
興味のある研究論文の紹介と討論（
8
）
12:
第12回
興味のある研究論文の紹介と討論（
9
）
13:
第13回
興味のある研究論文の紹介と討論（
10
）
14:
第14回
まとめ",特になし。適宜、資料を配布する。,必要に応じて適宜紹介する。,"割合
評価基準
レポート:
50％
演習内で適宜、課題を提示する。与えれらた課題を演習内容と関連させて考察しているかを評価する。
平常点評価:
50％
出席状況、発表内容、討論の積極性で評価する。",内容が前後したり変更することもある。,HSSE302S,健康／スポーツ科学,身体運動科学,身体運動科学,上級レベル,演習III,３年以上,1,日本語,【対面】
2026,HSSE302S,演習III（バイオメカニクス）,小沼　憲吾／加藤　真未子,スポーツ,秋学期,木２時限,１００-５０５,スポーツパフォーマンスにおける「身体運動」を計測する方法を学び、実践しま......,2000001817012026200000181720,,スポーツパフォーマンスにおける「身体運動」を計測する方法を学び、実践します。収集したデータを力学原理に基づいて解析することにより、スポーツパフォーマンスを構成する身体運動について考察します。,"１．卒業研究にて用いる実験手法を確定し、計測原理と使用方法を理解する。
２．この手法を用いてデータ収集ができるようになる。
３．収集したデータを解析するソフトを作成することができるようになる。","各回の予習・復習には約90分～120分かかると想定されます。
計測したデータを処理するために数値計算ソフト『MatLab』を活用します。
実験やデータ処理によって授業が長引く可能性があるので、木曜日の１・２限目はゼミのために空けておいてください。","1:
第１回（担当：小沼憲吾）
オリエンテーション
2:
第２回（担当：小沼憲吾）
バイオメカニクスで用いられる実験手法１
3:
第３回（担当：小沼憲吾）
バイオメカニクスで用いられる実験手法２
4:
第４回（担当：小沼憲吾）
バイオメカニクスで用いられる実験手法３
5:
第５回（担当：小沼憲吾）
実験手法の活用１
6:
第６回（担当：小沼憲吾）
実験手法の活用２
7:
第７回（担当：小沼憲吾）
実験手法の活用３
8:
第８回（担当：加藤真未子）
ゼミ生の得意種目のデータ分析１
9:
第９回（担当：加藤真未子）
ゼミ生の得意種目のデータ分析２
10:
第10回（担当：加藤真未子）
４年生による卒業論文発表会への出席
11:
第11回（担当：加藤真未子）
ゼミ生の得意種目のデータ分析３
12:
第12回（担当：加藤真未子）
ゼミ生の得意種目のデータ分析４
13:
第13回（担当：加藤真未子）
分析結果の取りまとめ１
14:
第14回（担当：加藤真未子）
分析結果の取りまとめ２",教科書はとくに定めないでテーマに沿った論文や配布資料を参考に行う。,,"割合
評価基準
平常点評価:
50％
出席：30%、討議への参加：20%
その他:
50％
研究報告：25%×2",,HSSE302S,健康／スポーツ科学,身体運動科学,身体運動科学,上級レベル,演習III,３年以上,1,日本語,【対面】
2026,HSSE302S,演習III（スポーツ心理学）,正木　宏明,スポーツ,秋学期,木３時限,１００-３０７,演習Ⅰ、Ⅱでの学習事項を踏まえながら、各自が強い興味を持って取り組むスポー......,2000001818012026200000181820,,"演習Ⅰ、Ⅱでの学習事項を踏まえながら、各自が強い興味を持って取り組むスポーツ心理学の研究テーマをみつけることが目標となります。
なぜフェイントは決まるのか、なぜバッターはあれだけの速球を打てるのか、なぜ外野手はボールの着地点に正確に移動できるのか、なぜ“あがる”と冷静な判断ができなくなるのか、などテーマは無数にあります。",実験・調査実習と文献研究発表を通して、自分自身の研究テーマをみつける。,各回の予習・復習には約90分～180分かかると想定されます。,"1:
第１回
ガイダンス／ 本講義の目的と概要について説明する。
2:
第２回
実験実習（Fittsの法則）
（予習：教員から提示されるキーワードについて調べる。予習時間は60分程度を想定している。復習：レポート作成に必要な関連文献から知識を習得する。データ分析を含み、復習時間は180分程度を想定している。）
3:
第３回
プロジェクト研究の提案
（復習：チーム毎にアイデアを出し、実験計画を練り上げていく。復習時間は120分以上を想定している。）
4:
第４回
刺激－反応コンパチビリティのオリジナル課題製作
（予習：教員から提示されるキーワードについて調べる。予習時間は60分程度を想定している。復習：レポート作成に必要な関連文献から知識を習得する。データ分析を含み、復習時間は120分程度を想定している。）
5:
第５回
運動学習の理論と実践
（予習：教員から提示されるキーワードについて調べる。予習時間は60分程度を想定している。復習：レポート作成に必要な関連文献から知識を習得する。データ分析を含み、復習時間は120分程度を想定している。）
6:
第６回
文献研究のための統計　分散分析の理解
（予習：教員から提示されるキーワードについて調べる。予習時間は60分程度を想定している。復習：レポート作成に必要な関連文献から知識を習得する。データ分析を含み、復習時間は120分程度を想定している。）
7:
第７回
文献紹介１
（予習：発表準備を行う。予習時間は120分程度を想定している。復習：各自で記録したノートに基づき、文献を調べて知識を深める。復習時間は120分程度を想定している。）
8:
第８回
文献紹介２
（予習：発表準備を行う。予習時間は120分程度を想定している。復習：各自で記録したノートに基づき、文献を調べて知識を深める。復習時間は120分程度を想定している。）
9:
第９回
文献紹介３
（予習：発表準備を行う。予習時間は120分程度を想定している。復習：各自で記録したノートに基づき、文献を調べて知識を深める。復習時間は120分程度を想定している。）
10:
第10回
文献紹介４
（予習：発表準備を行う。予習時間は120分程度を想定している。復習：各自で記録したノートに基づき、文献を調べて知識を深める。復習時間は120分程度を想定している。）
11:
第11回
文献紹介５
（予習：発表準備を行う。予習時間は120分程度を想定している。復習：各自で記録したノートに基づき、文献を調べて知識を深める。復習時間は120分程度を想定している。）
12:
第12回
文献紹介６
（予習：発表準備を行う。予習時間は120分程度を想定している。復習：各自で記録したノートに基づき、文献を調べて知識を深める。復習時間は120分程度を想定している。）
13:
第13回
実験計画法の理解
（予習：教員から提示されるキーワードについて調べる。予習時間は60分程度を想定している。復習：配布プリントの問題すべてを解くことで、実験批判できるようになる。復習時間は180分程度を想定している。）
14:
第14回
プロジェクト研究の成果発表
（予習：各班で取得したデータを纏め，プレゼンの準備を行う。予習時間は180分程度を想定している。復習：各班の研究成果について振り返る。復習時間は60分程度を想定している。）",特になし。プリントを配布する。,特になし。プリントを配布する。,"割合
評価基準
レポート:
40％
レポートによる評価
平常点評価:
60％
平常点による評価",,HSSE302S,健康／スポーツ科学,身体運動科学,身体運動科学,上級レベル,演習III,３年以上,1,日本語,【対面】
2026,HSSB302S,演習III（スポーツ経営学）,木村　和彦,スポーツ,秋学期,木３時限,79-701演習室,本演習では、学生がグループを構成し、興味・関心を持ったスポーツ経営領域を......,2000001820012026200000182020,,本演習では、学生がグループを構成し、興味・関心を持ったスポーツ経営領域を選択して、①研究目的の設定、②研究方法、実験・調査計画の立案、③実験・調査の実施、④結果の集計・分析・考察、⑤まとめ、を行い卒業研究につなげる。調査方法、統計的な集計方法・解析方法、SPSSなどの統計ソフトの使い方についても学ぶ。,個人で、卒業研究の研究計画、実施ができるための基本的な知識と技能を養う。,各回の予習・復習には約90分～120分かかると想定されます。,"1:
第１回
オリエンテーション
2:
第２回
調査実施１
3:
第３回
調査実施２
4:
第４回
SPSS・統計手法
5:
第５回
集計・分析・考察１
6:
第６回
集計・分析・考察２
7:
第７回
集計・分析・考察３
8:
第８回
結果発表１
9:
第９回
結果発表２
10:
第10回
結果発表３
11:
第11回
調査報告書の作成１
12:
第12回
調査報告書の作成２
13:
第13回
卒業研究に向けて（個人発表１）
14:
第14回
卒業研究に向けて（個人発表２）",,,"割合
評価基準
試験:
20％
１回の小テスト。
レポート:
50％
調査報告書。
平常点評価:
30％
出席。",,HSSB302S,健康／スポーツ科学,スポーツビジネス,スポーツビジネス,上級レベル,演習III,３年以上,1,日本語,【対面】
2026,HSSC302S,演習III（国際スポーツ文化論）,石井　昌幸,スポーツ,秋学期,木４時限,79-703演習室,スポーツの文化論的研究について、調査・研究から小論文作成までの実践的演習......,2000001821012026200000182120,,スポーツの文化論的研究について、調査・研究から小論文作成までの実践的演習を行なう。演習ⅠおよびⅡで学んだ方法論と知識を応用して、各自が継続中の課題についてさらに深め、またそれを論文にする。,演習Ⅰ～Ⅱから継続してきた個人テーマをより深め、論文の形式へとまとめる力をつける。また、教員や他の学生とのディスカッションをとおして、学問的な質疑応答を行える力を身につける。,各回の予習・復習には約90分～120分かかると想定されます。,"1:
第１回
演習の概要と進め方
2:
第２回
個人研究発表演習①
3:
第３回
個人研究発表演習②
4:
第４回
個人研究発表演習③
5:
第５回
個人研究発表演習④
6:
第６回
論文の書き方①（序論について）
7:
第７回
論文の書き方②（章だての構造）
8:
第８回
論文の書き方③（結論と注）
9:
第９回
個人研究発表演習⑤
10:
第10回
個人研究発表演習⑥
11:
第11回
個人研究発表演習⑦
12:
第12回
個人研究発表演習⑧
13:
第13回
論文の書き方④（パラグラフのまとめかた）
14:
第14回
論文の書き方⑤（アウトラインの作り方）",研究室で独自に作成している研究指導用冊子を配布。,澤田昭夫、『論文のレトリック』、講談社学術文庫、1983年,"割合
評価基準
試験:
実施しません。
レポート:
40％
個人研究発表で行った内容についてのレポートを課します。
平常点評価:
60％
個人研究発表の内容について評価します。他の人の発表に対しての質問やディスカッションの力・積極性を評価します。授業で説明した内容の理解度について、適宜小テストを行います。",,HSSC302S,健康／スポーツ科学,スポーツ文化,スポーツ文化,上級レベル,演習III,３年以上,1,日本語,【対面】
2026,HSSA302S,演習III（走りのコーチング科学）,礒　繁雄,スポーツ,秋学期,月３時限,１００-２０１,演習Ⅰ・Ⅱで得られた基礎知識と実験手段及びデータ処理法や発表方法を整理する......,2000001822012026200000182220,,演習Ⅰ・Ⅱで得られた基礎知識と実験手段及びデータ処理法や発表方法を整理する。スポーツをする・みる・支えるいづれかの立場を再度個々が学習・整理し社会に貢献するための視点を理解する。,スポーツを科学する具体的な考えと実行力を高めると共に社会に貢献する意義を学ぶ。,個々が行っているスポーツ活動で、する・みる・支えるの活動視点を文字化し整理する。,"1:
第１回
ガイダンス．演習Ⅱの学習内容を復習する．演習Ⅲの学習内容について説明する．
2:
第２回
演習Ⅱで取得した動画について，再度撮影を行い，データのまとめを行う．
3:
第３回
得られたデータについて考察し発表を行う．縦断的な視点(春学期と秋学期)を学習する．
4:
第４回
スポーツイベントへの参加．横浜マラソン7km，ボランティアの予定．
5:
第５回
実践を通し社会におけるスポーツの役割について話し合う．
6:
第６回
日本における陸上と海外(欧米)における陸上の異同について学習する．
7:
第７回
コーチングに関する先行研究を調べ，まとめる．
8:
第８回
コーチングまたはトレーニングに関する問題点を考察し，その解決法をまとめる．
9:
第９回
まとめた内容について発表する．ゼミ内で質疑応答を行う．
10:
第10回
これまで行ってきたトレーニングについて，時系列に記述する．数値化できる内容について集計する．
11:
第11回
ゼミ内でまとめた内容について討論する．コーチの視点を持ち，質疑応答を行う．
12:
第12回
討論で得られた内容からトレーニングの改善点や方向性をまとめる．
13:
第13回
四年生に向けた学生生活の展望を話し合う．
14:
第14回
まとめ．演習Ⅲの振り返りを行う．",随時指示します。,随時指示します。,"割合
評価基準
レポート:
50％
個人データ評価等
平常点評価:
50％
出席率",,HSSA302S,健康／スポーツ科学,トレーナー,トレーナー,上級レベル,演習III,３年以上,1,日本語,【対面】
2026,HSSB302S,演習III（スポーツ組織論）,作野　誠一,スポーツ,秋学期,木３時限,79-609演習室,演習Ⅲでは、卒業研究を見据えて、課題に応じた情報収集・分析と理論的説明の......,2000001823012026200000182320,,演習Ⅲでは、卒業研究を見据えて、課題に応じた情報収集・分析と理論的説明の習熟、これと併行して実践感覚の醸成を目指す。授業の進行については履修生徒をグループ分けし、文章資料とPPTを用いて発表を行う。さらに研究方法について学習することによりスポーツ組織論を分析する上で重要な知識を得る。,各課題を分析し説明する実践感覚の醸成を目指す。それには研究方法、とくに問題の性質と方法の関係、問題設定の方法、調査設計、データ分析の手法、フィールドワークの方法などについて学習する。これらを踏まえて、最終的に卒業研究論文のテーマ決定を目指す。,各回の予習・復習には約90分～120分かかると想定されます。,"1:
第１回
授業ガイダンス
2:
第２回
発表（前半①）文章資料による発表　グループ１
3:
第３回
発表（前半②）文章資料による発表　グループ２
4:
第４回
発表（前半③）文章資料による発表　グループ３
5:
第５回
発表（前半④）文章資料による発表　グループ４
6:
第６回
発表（前半⑤）文章資料による発表　グループ５
7:
第７回
発表（後半①）PPTによる発表　グループ１
8:
第８回
発表（後半②）PPTによる発表　グループ２
9:
第９回
発表（後半③）PPTによる発表　グループ３
10:
第10回
発表（後半④）PPTによる発表　グループ４
11:
第11回
発表（後半⑤）PPTによる発表　グループ５
12:
第12回
テーマ設定について
13:
第13回
研究方法およびデータ分析について
14:
第14回
まとめ",適宜、紹介する。,適宜、紹介する。,"割合
評価基準
レポート:
50％
課題は15回目の授業で提示します。与えられた課題を演習内容の視点と絡めて深く考察できるかどうかを評価します。
平常点評価:
50％
各グループに割り当てられたテーマに関する発表内容についてと、他グループの発表に対する質問やディスカッションへの参加度合いを総合的に評価します。",,HSSB302S,健康／スポーツ科学,スポーツビジネス,スポーツビジネス,上級レベル,演習III,３年以上,1,日本語,【対面】
2026,HSSA302S,演習III（コーチングとこころの科学）,堀野　博幸,スポーツ,秋学期,月３時限,79-403室（ラーニングコモンズ室),Key words：コーチング，スポーツ心理学，コーチング実践，研究手法＆デザイ......,2000001826012026200000182620,,"Key words
：コーチング，スポーツ心理学，コーチング実践，研究手法＆デザイン
本演習では，演習Ⅰ・Ⅱで修得した内容をもとに，グループワークから個人ワークに移行する中で，研究デザインの構築（研究計画書の完成）を目指す．興味あるテーマに関する先行研究を渉猟し，研究テーマを設定する．研究の問いに対する適切な研究デザイン構築に必要な知識を修得する．また，上記の知識をもとに，国内または海外での現地調査あるいは実験に関する個人研究の実施を必須とし，自身の卒業研究に関する準備を行う．研究テーマにより海外での現地調査を必須とする．","・ コーチングに求められる対他者力を理解し成長させる
・ 「研究の問い」に対する適切な研究デザインの構築ができる
・ データの整理と分析ができる
・ 効果的なプレゼンテーションとディスカッションができる
・ 卒業研究計画書の完成","事前・事後学習には，各１時間程度が必要になります．それぞれの内容は下記になります．
事前学習（各回共通／授業前）
・ 次回扱うテーマに関する情報収集と予習（30〜60分）
・ 専門用語・基本概念の整理
・ 必要に応じ，関連情報の収集
・ 事前課題（ミニレポート提出など）
事後学習（各回共通／授業後）
・ 授業内容の要点と疑問点の整理（30〜60分）
・ 配布資料・スライドの復習
・ 授業内で扱った理論・事例についての追跡調査
・ 課題（レポート・プレゼン資料等）の作成
・ 次回授業に向けた疑問点の整理","1:
テーマ１
ガイダンス
2:
テーマ２
グループワーク＆研究法①
3:
テーマ３
グループワーク
4:
テーマ４
プレゼン＆ディスカッション
5:
テーマ５
引き出す力
6:
テーマ６
コーチング実習①
7:
テーマ７
合同アクティビティ
8:
テーマ８
動かす力
9:
テーマ９
コーチング実習②
10:
テーマ１０
個人ワーク＆研究法①
11:
テーマ１１
研究計画のプレゼン
12:
テーマ１２
研究計画書の提出
13:
テーマ１３
研究計画書の完成
14:
テーマ１４
コーチングに関する諸課題（招聘講師）・まとめ",なし,"・ 日本スポーツ協会（2021）リファレンスブック（第４版）．日本スポーツ協会．
・ パーマー・ワイブラウ ；堀正 監訳（2011）コーチング心理学ハンドブック ．金子書房．
・ ジョセフ・オコナー(著), アンドレア・ラゲス(著), 杉井要一郎(訳)（2012）コーチングのすべて――その成り立ち・流派・理論から実践の指針まで．英治出版．
・ 堀野博幸（2016）こころを強くする夢ノート．ブックマン社．
・ 松山博明・堀野博幸ほか（2024）サッカー選手・指導者のためのメンタルガイド．大修館書店．","割合
評価基準
レポート:
50％
課題レポートを評価する
平常点評価:
50％
プレゼンテーションと授業への取り組みを評価する","・
「スポーツ心理学」，「コーチング心理学」，「スポーツコーチング学」，「基礎統計学」を履修すること．
・
授業に関する連絡は，
Waseda Moodle
を通じて行いますので，定期的に
Waseda Moodle
を確認してください．
・
２月上旬に実施するゼミ合宿への参加を必須
としています．研究内容により，国内・海外現地調査を必須となります．
・
月曜日の３，４時限は他学年やゼミ全体のアクティビティーを予定しています．そのため，他の授業科目を登録しないように協力をお願いします．",HSSA302S,健康／スポーツ科学,トレーナー,トレーナー,上級レベル,演習III,３年以上,1,日本語,【対面】
2026,HSSA302S,演習III（コーチング論）,奥野　景介,スポーツ,秋学期,木２時限,79-303講義室,本演習では、スポーツコーチングを通じて、社会に貢献する人材を養成すること......,2000001827012026200000182720,,"本演習では、スポーツコーチングを通じて、社会に貢献する人材を養成することを目指します。
演習Ⅱで学んだコーチングに関する諸知識をさらに深め、競技力向上や指導者育成の観点から自己の研究テーマを策定することを目的とする。
自分の関わるスポーツに関する文献を読解し、興味あるテーマを策定していく。また、データ収集を行い、それらの分析を行う過程で研究手法を学び、コーチングに必要な資質としてのプレゼンテーション能力を養う。
さらに、コーチングの現場に直接的または間接的に関連する事項や世界情勢を踏まえて、今後のコーチングに対する理解を深める。","コーチングに関する諸知識をさらに深め、競技力向上や指導者育成の観点から自己の研究テーマを策定する。
卒業研究に向けた予備的研究の実践や関連文献を収集・理解し、研究計画を完成させる。",各回の予習・復習には約90分～120分かかると想定されます。,"1:
第１回
ガイダンス
2:
第２回
女性アスリートのコーチング
3:
第３回
障害のある人のコーチング
4:
第４回
プレゼン１
5:
第５回
研究手法１（自分を知る）
6:
第６回
研究手法２（経験を意味化する）
7:
第７回
研究手法３（逐語化と概念化）
8:
第８回
研究手法４（実践を設計する）、新年の抱負
9:
第９回
研究手法５（省察と理論化）
10:
第10回
FTEM及びLTAD、卒論計画作成の方法
11:
第11回
卒論計画作成
12:
第12回
テクニカルレポート１：大会の傾向、自チームの位置、競争相手との差異、今後の課題など
13:
第13回
卒論計画発表1
14:
第14回
卒論計画発表2",必要に応じて資料等を配布する。,・これからレポート・卒論を書く若者のために（共立出版）,"割合
評価基準
レポート:
70％
課題の出来によって評価する。
平常点評価:
30％
２／３以上の出席を要する。","上記の内容に関して、講義・ディスカッション・発表・資料収集等を行う。
スポーツコーチング学の履修を勧める。場合によっては、ネットワークを利用して遠隔授業で行うこともある。
春学期にゼミ懇親会、秋学期はゼミ研究発表会、各種懇親会、ゼミ合宿（予定）を行います。
連絡先：okunok@waseda.jp",HSSA302S,健康／スポーツ科学,トレーナー,トレーナー,上級レベル,演習III,３年以上,1,日本語,【対面】
2026,HSSE302S,演習III（脳科学からみる運動生理学）,宝田　雄大,スポーツ,秋学期,水２時限,１００-Ｓ１０２,本演習Ⅲでは、演習Ⅰ・Ⅱで取り組んできた「興味あるテーマ」および「先行研究レ......,2000001828012026200000182820,,"本演習Ⅲでは、演習Ⅰ・Ⅱで取り組んできた「興味あるテーマ」および「先行研究レビュー」を基盤として、実現可能で具体的な卒業研究計画書を作成することを目的とする。先行研究の精査を通じて明らかにした研究疑問（仮説）を、どのような方法で検証するかを検討し、必要に応じて予備実験を行いながら、研究計画の具体化を図る。
本演習には、医科学コースに限らず、身体運動に関わる幅広い分野に興味を持つ学生が参加する。
そのため、テーマ設定は分野を限定せず、学生が関心を持つ領域から自由に選択できるようにする。
一方で、本研究室の専門性である生理学・神経科学に触れる機会として、教員が適宜用意する体験型実験実習に被験者として参加することで、専門的視点を無理なく体験できる構造とする。
授業は、
- 個別面談（対面）
- 体験型実験実習（対面・面談直後に適宜実施）
- 課題提示型オンデマンド（Moodle）
を組み合わせて実施する。
毎回決まった時限に集合する形式ではなく、学生の進捗に応じて面談および実験実習の日時を個別に調整する。課題は授業初回から Moodle 上で提示され、締切日までに提出する形式で進める。
学生は、研究テーマの調査、方法論の検討、予備実験の実施、計画書の作成に取り組み、必要に応じてレジメ（A4 1〜2枚）を作成し発表を行う。また、身体運動に関連した生理学・神経科学の基礎について輪読を行う場合がある。",- 先行研究を踏まえた研究疑問（仮説）を明確化し、実現可能な研究計画に落とし込むことができる。,"各回の Moodle 掲載内容の読解、文献調査、方法論の検討、予備実験の準備、計画書作成などに 90〜120分程度 を要する。
研究テーマに応じて学修内容は変動する。","1:
第１回
演習の概要と進め方
※演習は学生の進捗に応じて内容を調整するため、以下は標準的な進行例である。
※個別面談および体験型実験実習は、学生の進捗に応じて 対面で適宜実施する。
2:
第２回
卒業研究テーマの調査または実験Ⅰと研究計画書の作成（１）
3:
第３回
卒業研究テーマの調査または実験Ⅰと研究計画書の作成（２）
4:
第４回
卒業研究テーマの調査または実験Ⅰと研究計画書の作成（３）
5:
第５回
卒業研究テーマの調査または実験Ⅰと研究計画書の作成（４）
6:
第６回
卒業研究テーマの調査または実験Ⅰと研究計画書の作成（５）
7:
第７回
卒業研究テーマの調査または実験Ⅰと研究計画書の作成（６）
8:
第８回
卒業研究テーマの調査または実験Ⅰと研究計画書の作成（７）
9:
第９回
卒業研究テーマの調査または実験Ⅰと研究計画書の作成（８）
10:
第10回
卒業研究テーマの調査または実験Ⅰと研究計画書の作成（９）
11:
第11回
卒業研究テーマの調査・実験結果または研究計画書内容の（個別）報告または
ディスカッション
（１）
12:
第12回
卒業研究テーマの調査・実験結果または研究計画書内容の（個別）報告または
ディスカッション
（２）
13:
第13回
卒業研究テーマの調査・実験結果または研究計画書内容の（個別）報告または
ディスカッション
（３）
14:
第14回
卒業研究テーマの調査・実験結果または研究計画書内容の（個別）報告または
ディスカッション
（４）",必要に応じて適宜紹介する。,標準生理学（医学書院）、カールソン神経科学テキスト　脳と行動（丸善）、脳と運動（共立出版）、脳のしくみ（池田書店）、タッチ（医学書院）、意識の探求　－神経科学からのアプローチ（岩波書店）、筋肉研究最前線（エヌ・ティー・エス）,"割合
評価基準
レポート:
50％
研究疑問の明確さ、先行研究の整理、方法論の妥当性、予備実験の内容、計画書の新規性・独創性・具体性・実行性を総合的に評価する。
平常点評価:
50％
個別面談での取り組み姿勢、指摘への対応、体験型実験実習への参加状況、課題への取り組みを総合的に評価する。","・本演習では自主性・独創性を重視する。目的意識を持たない学生には履修を勧めない。
・履修者数や理解度、進捗状況に応じて授業計画や開講形態を変更する場合がある。
・個別面談および体験型実験実習は 対面で実施する。
・課題は Moodle 上で提示され、締切日までに提出する。
・レポートは Word 形式で提出し、提出後に iThenticate や AI 検出ツールによる類似度判定を行う。結果に応じて再提出や再面談を求める場合がある。
・悪質な剽窃行為は懲戒対象となる可能性があるため、研究倫理を遵守すること。
・資料は標準形式で提供する。資料形式の大幅な変更には限界があるため、必要な合理的配慮については履修前に障がい学生支援室へ相談すること。合理的配慮は大学の手続きに基づき検討される。
担当教員について
https://researchmap.jp/Yt_read210422
http://scholar.google.co.jp/citations?user=8JwZqCIAAAAJ&hl=ja",HSSE302S,健康／スポーツ科学,身体運動科学,身体運動科学,上級レベル,演習III,３年以上,1,日本語,【対面】
2026,HSSC302S,演習III（ダンサー論）,杉山　千鶴,スポーツ,秋学期,水２時限,研究室,演習Ⅲでは、演習Ⅱで定めたテーマを掘り下げていく。毎回の発表で浮き彫りにされ......,2000001829012026200000182920,,"演習Ⅲでは、演習Ⅱで定めたテーマを掘り下げていく。毎回の発表で浮き彫りにされた疑問や課題を解決すべく、文献や論考を読み発表・報告する。演習Ⅲでは、発表内容に対するものに限らず、自身の絞った方向性やテーマの立て方やそれへのアプローチに対しても一度は疑問を抱くように、論考を異なった対象やジャンルも含めるものとする。これらの作業を通し改めて自身の方向性やテーマの裏づけを確保することとなる。
冬季休業中には、これまでの発表の蓄積を受けた新たな文献・論考等に取り組む課題がある。
また卒論についての講義も行い、これを受けて春季休業中には卒論のテーマ・概要について検討し、目次を立てる。",卒論の骨格を作る,事前学習：発表準備（文献・論考への取組み、レジュメの作成）（90～120分程度）,"1:
第１回：ガイダンス、夏季休業中の課題の報告①
①演習Ⅲの授業内容と授業計画についての説明。授業計画の確定。
②夏季休業中のレポートについて報告する。レポートにまとめたことで、新たな課題を含めたアプローチ方法等の発見についても述べる。
2:
第２回：夏季休業中の課題の報告②
夏季休業中のレポートについて報告する。レポートにまとめたことで、新たな課題を含めたアプローチ方法等の発見についても述べる。
3:
第３回：夏季休業中の課題の報告③
夏季休業中のレポートについて報告する。レポートにまとめたことで、新たな課題を含めたアプローチ方法等の発見についても述べる。
4:
第４回：テーマにもとづく文献・論考の検討とディスカッション①-１
各自の方向性やテーマに関わる文献・論考を読んで発表、疑問についても併せて報告。ディスカッションで検討し、発表者は解決策（或いは解決の方向性）を確認する。
5:
第５回：テーマにもとづく文献・論考の検討とディスカッション①-２
各自の方向性やテーマに関わる文献・論考を読んで発表、疑問についても併せて報告。ディスカッションで検討し、発表者は解決策（或いは解決の方向性）を確認する。
6:
第６回：テーマにもとづく文献・論考の検討とディスカッション①-３
各自の方向性やテーマに関わる文献・論考を読んで発表、疑問についても併せて報告。ディスカッションで検討し、発表者は解決策（或いは解決の方向性）を確認する。
7:
第７回：テーマにもとづく文献・論考の検討とディスカッション①-４
各自の方向性やテーマに関わる文献・論考を読んで発表、疑問についても併せて報告。ディスカッションで検討し、発表者は解決策（或いは解決の方向性）を確認する。
8:
第８回：テーマにもとづく文献・論考の検討とディスカッション②-１
前回の発表で得られた解決策やその方向性を受けて、自身のテーマ・方向性にそった文献・論考を読んで発表、疑問についても併せて報告。ディスカッションで検討し、さらに発展させた課題を見出す。
9:
第９回：テーマにもとづく文献・論考の検討とディスカッション②-２
前回の発表で得られた解決策やその方向性を受けて、自身のテーマ・方向性にそった文献・論考を読んで発表、疑問についても併せて報告。ディスカッションで検討し、さらに発展させた課題を見出す。
10:
第10回：テーマにもとづく文献・論考の検討とディスカッション②-3
前回の発表で得られた解決策やその方向性を受けて、自身のテーマ・方向性にそった文献・論考を読んで発表、疑問についても併せて報告。ディスカッションで検討し、さらに発展させた課題を見出す。
11:
第11回：テーマにもとづく文献・論考の検討とディスカッション②-４、冬休みの課題の説明
前回の発表で得られた解決策やその方向性を受けて、自身のテーマ・方向性にそった文献・論考を読んで発表、疑問についても併せて報告。ディスカッションで検討し、さらに発展させた課題を見出す。
また冬休みの課題について説明する。
12:
第12回：冬季休業中の課題の報告①
冬季休業中の課題として、卒論のテーマと概要について発表し、その内容についてディスカッションを行い、今後の課題を明らかにする。
13:
第13回：冬季休業中の課題の報告②
冬季休業中の課題として、卒論のテーマと概要について発表し、その内容についてディスカッションを行い、今後の課題を明らかにする。
14:
第14回：卒論について、春休みの課題の説明
卒論の構成と内容、書き方についての講義
春季休業中の課題では、この講義ならびにこれまでの発表を踏まえてプチ卒論を作成するが、これについての説明も行う。",特になし。,随時教場で紹介する。,"割合
評価基準
試験:
0％
実施しない
レポート:
15％
冬季休業中の課題レポートとその発表
平常点評価:
50％
毎回の授業への参加状況と積極的な取り組み姿勢
その他:
35％
自身の関心対象への貪欲な探究心と真摯な研究姿勢のにじみ出た発表内容","上記授業計画は、状況により変更の生じることがある。
ダンサー、舞踊／ダンスについてより広く知識を得、理解を深め、認識を強めるために「舞踊文化論」、「スポーツ技術・戦術論（ダンス）」の履修を望む。",HSSC302S,健康／スポーツ科学,スポーツ文化,スポーツ文化,上級レベル,演習III,３年以上,1,日本語,【対面】
2026,HSSA302S,演習III（バレーボールの技術論とパフォーマンス研究）,伊東　克明,スポーツ,秋学期,金３時限,79-302講義室,本演習では演習Ⅰ・Ⅱで得た幅広い基礎知識をもとに、内容をより発展させて専門......,2000001830012026200000183020,,"本演習では演習Ⅰ・Ⅱで得た幅広い基礎知識をもとに、内容をより発展させて専門性を高める。方法論的、技術論的観点など様々な面からバレーボールを多角的にアプローチし研究を進める。競技力向上を目指す科学的根拠に基づいたトレーニング法やその実践、効果的な技術・戦術・戦略の研究をおこない、その実証のために実験実習をおこなう。またバイオメカニクス的見地からバレーボール技術を捉え,3次元での動作解析などを通じて個人技能の向上を目指す。すでに報告されているバレーボールに関するデータ、情報の実証を試み、再検討なども併せておこなう。研究に際しては、国内外の先行研究文献、抄録などを収集・講読・分析し、最新の研究成果を積極的に取り入れる。","バレーボールのゲーム構造を多角的にとらえ、解明されていない課題や現状を解決するための視点を身につける。
また、さまざまな研究方法や練習方法を習得・開発するための視点を身につける。",各回の予習・復習には約90分～120分かかると想定されます。,"1:
第１回
演習Ⅰ・Ⅱの振り返りとオリエンテーション
2:
第２回
練習創案の手順（基礎）
3:
第３回
練習創案の手順（発展）
4:
第４回
効果的なコーチングⅠ
5:
第５回
効果的なコーチングⅡ
6:
第６回
文献講読Ⅲ
7:
第７回
文献講読Ⅳ
8:
第８回
バイオメカニクス的見地から捉えた動作解析法入門Ⅰ
9:
第９回
バイオメカニクス的見地から捉えた動作解析法入門Ⅱ
10:
第10回
バイオメカニクス的見地から捉えた動作解析法入門Ⅲ
11:
第11回
各自の研究計画に基づくプレゼンテーションⅠ（個人テーマ選択と中間報告）
12:
第12回
各自の研究計画に基づくプレゼンテーションⅡ個人テーマ選択と中間報告）
13:
第13回
オンコート上での実験実習Ⅲ
14:
第14回
オンコート上での実験実習Ⅳ",,,"割合
評価基準
レポート:
40％
課題に対して独自の視点で考察がなされている
平常点評価:
30％
授業時における意欲・関心・態度が積極的である
その他:
30％
プレゼンテーションにおいて工夫がある",,HSSA302S,健康／スポーツ科学,トレーナー,トレーナー,上級レベル,演習III,３年以上,1,日本語,【対面】
2026,HSST302S,演習III（競技力向上のためのスポーツ方法学）,太田　章,スポーツ,秋学期,金２時限,研究室,スポーツ方法学の研究には多様な研究方法が要求される。それは、 １．スポー......,2000001831012026200000183120,,"スポーツ方法学の研究には多様な研究方法が要求される。それは、
１．スポーツの実践活動の詳細な事実の分析に基づいて理論化をはかる実証的方法。
２．スポーツの技術、戦術の構造や習熟過程の探究のための実験的方法。
３．スポーツを行う者の集団と能力に応じたルールと運動内容、指導課程、指導方法、スポーツ態度、スポーツ服装、施設、用具などの研究のための教育心理的、体育方法的、教育工学的方法。
４．スポーツ方法の発展をあとづける歴史的、社会的方法など、である。
この講義のねらいは、「スポーツの競技力向上をめざす研究」の基礎研究方法を探究することである。授業はそれぞれのスポーツ種目の勝利方法研究、試合分析、ルールの理解、その問題点の議論、学会誌の文献研究、実践調査などである。
演習Ⅲは演習Ⅱより更に深く研究する。",スポーツの試合、技術などの分析解析方法が本格的にできるようになり、小論文の作成ができるようになる。,各回の予習・復習には約90分～120分かかると想定されます。,"1:
第１回
オリエンテーション
2:
第２回
スポーツ方法学会、学会誌および卒論輪読１
各年度の卒業論文を読んで、その内容の発表を行う。
3:
第３回
スポーツ方法学会、学会誌および卒論輪読２
各年度の卒業論文を読んで、その内容の発表を行う。
4:
第４回
スポーツ方法学会、学会誌および卒論輪読３
各年度の卒業論文を読んで、その内容の発表を行う。
5:
第５回
スポーツ方法学会、学会誌および卒論輪読４
各年度の卒業論文を読んで、その内容の発表を行う。
6:
第６回
スポーツ方法学会、学会誌および卒論輪読５
各年度の卒業論文を読んで、その内容の発表を行う。
7:
第７回
スポーツ方法に関する調査及び報告発表ビデオ解析及びアンケート調査１
各年度の卒業論文を読んで、その内容の発表を行う。
8:
第８回
スポーツ方法に関する調査及び報告発表ビデオ解析及びアンケート調査２
各年度の卒業論文を読んで、その内容の発表を行う。
9:
第９回
スポーツ方法に関する調査及び報告発表ビデオ解析及びアンケート調査３
各年度の卒業論文を読んで、その内容の発表を行う。
10:
第10回
スポーツ方法に関する調査及び報告発表ビデオ解析及びアンケート調査４
各年度の卒業論文を読んで、その内容の発表を行う。
11:
第11回
スポーツ方法に関する調査及び報告発表ビデオ解析及びアンケート調査５
各年度の卒業論文を読んで、その内容の発表を行う。
12:
第12回
スポーツ方法に関する調査及び報告発表ビデオ解析及びアンケート調査６
各年度の卒業論文を読んで、その内容の発表を行う。
13:
第13回
スポーツ方法に関する調査及び報告発表ビデオ解析及びアンケート調査７
各年度の卒業論文を読んで、その内容の発表を行う。
14:
第14回
スポーツ方法に関する調査及び報告発表ビデオ解析及びアンケート調査８
各年度の卒業論文を読んで、その内容の発表を行う。
まとめ。",なし。プリント配付。,授業時に提示。,"割合
評価基準
レポート:
25％
レポートによる評価
平常点評価:
50％
平常点による評価
その他:
25％
25",,HSST302S,健康／スポーツ科学,スポーツコーチング,スポーツコーチング,上級レベル,演習III,３年以上,1,日本語,【対面】
2026,HSSM302S,演習III（コンディショニングのスポーツ医学）,赤間　高雄,スポーツ,秋学期,水３時限,研究室,競技スポーツや生涯スポーツのあらゆる場面におけるコンディショニングに必要な......,2000001838012026200000183820,,"競技スポーツや生涯スポーツのあらゆる場面におけるコンディショニングに必要なスポーツ医学（内科系）の知識と医学的コンディショニングの測定指標について学ぶ。
研究に必要な文献検索、統計の知識、プレゼン方法について学ぶ
各回の資料を担当がプレゼンテーションして全員でディスカッションする。また、実際に測定を行う。
この授業の内容は、「スポーツニーズ」に応えることができる人材をめざす者に勧める。
※この科目は当該授業内容に関する実務の経験を有する教員等がその実務経験を活かして講義等を行う科目です。","・医学的コンディショニングで利用する測定指標の原理と測定方法を理解する。
・文献の検索方法、統計の知識、プレゼン方法を理解する。
・授業をとおして、個人の研究テーマを決定して、研究計画をたてる。",各回の予習・復習には約120分かかると想定されます。資料を配布します。,"1:
第１回
オリエンテーション（本講義の目的と概要） ／ 本講義の目的と概要について説明します。
資料と担当の確認
トータルコンディショニングとは
2:
第２回
身体組成・形態（資料講読、測定）
3:
第３回
最大酸素摂取量（資料講読）
4:
第４回
自転車エルゴメーターで最大酸素摂取量の測定（測定）
5:
第５回
運動量の評価（資料講読）、ライフコーダ装着（測定）
6:
第６回
運動療法の概要（資料講読）、ライフコーダ出力（測定）
7:
第７回
肺機能検査（資料講読、測定）
8:
第８回
心拍変動（資料講読、測定）
9:
第９回
気分の測定：メンタルコンディション（資料講読）、POMS（測定）
10:
第10回
尿検査、血液検査、唾液検査で何を測定するか？（講義）
11:
第11回
免疫測定法（ELISA）（資料講読）
12:
第12回
文献の検索方法（資料講読）、
13:
第13回
卒業研究に必要な統計の方法（資料講読）
14:
第14回
卒業研究の計画
各自のテーマ発表とディスカッション",,"アスリートのためのトータルコンディショニングガイドライン、日本スポーツ振興センター
スポーツ医学【内科】、化学同人
フィットネスチェックハンドブック.　大修館
身体運動学と運動療法、羊土社
その他、第1回に提示します。","割合
評価基準
試験:
試験は実施しない。
レポート:
レポートは実施しない。
平常点評価:
100％
各個人に割り当てられたテーマに関する発表内容、および討論における発言の積極性と内容、授業への積極性について評価します。",,HSSM302S,健康／スポーツ科学,スポーツ医科学,スポーツ医科学,上級レベル,演習III,３年以上,1,日本語,【対面】ハイブリッド（対面回数半数以上）
2026,HSSA302S,演習III（戦術戦略（情報管理））,倉石　平,スポーツ,秋学期,木２時限,79-607演習室,演習Ⅰ、Ⅱで得られた基礎知識を実戦でどのように使い効果を得ることができるか......,2000001841012026200000184120,,演習Ⅰ、Ⅱで得られた基礎知識を実戦でどのように使い効果を得ることができるか、実際のゲームを題材にしてゲーム分析を行いながら研究する。個々が行った分析結果を発表し、客観的な分析がなされているか、妥当性があるのかなどを討論する。,"情報の反映（ゲームプランの作成、練習メニューの作成）をどのようにするか。
個々人でゲームプラン・練習メニューの作成ができる。",各回の予習・復習には約90分～120分かかると想定されます。,"1:
第１回
論文の書き方(卒論に向けて、復習）
2:
第２回
論文の書き方（文献の読み方、整理、復習）　　　論文、文献
3:
第３回
アメリカ、ヨーロッパの戦術戦略について　　　　アメリカ、ヨーロッパ、戦術戦略
日本の現状と比較して討議
4:
第４回
欧米の戦術戦略本、プレイブックの講読１　　　　アメリカ、ヨーロッパ、プレイブック
日本の現状と比較して討議
5:
第５回
欧米の戦術戦略本、プレイブックの講読２　　　　アメリカ、ヨーロッパ、プレイブック、戦術戦略
競技別にプレゼン、討議
6:
第６回
欧米の戦術戦略本、プレイブックの講読３　　　　アメリカ、NCAA、ヨーロッパ、ユーロリーグ、戦術戦略
競技別にプレゼン、討議
7:
第７回
欧米の戦術戦略本、プレイブックの講読４　　　　アメリカ、NCAA、ヨーロッパ、ユーロリーグ、戦術戦略、プレイブック、文献
競技別にプレゼン、討議
8:
第８回
欧米の戦術戦略本、プレイブックの講読５　　　　文献整理
競技別の現状をプレゼン、討議
9:
第９回
実戦でのデータ収集（仕方と実践）１　　　　　　　実践、データ収集
10:
第10回
実戦でのデータ収集（実習）２　　　　　　　　　　実践、データ収集、データ整理
11:
第11回
実習で得たデータの分析（方法と実践）１　　　データ分析、データ分析方法
データを使った研究と実際
12:
第12回
プレゼン１、先行研究などをプレゼンをして討議
13:
第13回
プレゼン２、先行研究などをプレゼンをして討議
14:
第14回
プレゼン３、先行研究などプレゼンをして討議",,適宜指示する。,"割合
評価基準
レポート:
40％
レポートによる評価
平常点評価:
60％
平常点による評価、積極的な授業への参加、発言等により評価。
パワーポイント、データ収集、分析、文献整理等で評価。",,HSSA302S,健康／スポーツ科学,トレーナー,トレーナー,上級レベル,演習III,３年以上,1,日本語,【対面】
2026,HSSH302S,演習III（健康スポーツの心理・行動科学）,岡　浩一朗,スポーツ,秋学期,木２時限,１００-５０２,演習Ⅲでは、興味あるテーマについて情報検索し、卒業研究に必要な論文や資料を......,2000001842012026200000184220,,演習Ⅲでは、興味あるテーマについて情報検索し、卒業研究に必要な論文や資料を収集・読解しながら、論文の構造を理解することにより、卒業研究をまとめる際の基本的な情報を整理する。さらに、プレゼンテーションソフトを使用しながら、調べた情報について報告し、効果的な発表の仕方を学ぶ。,演習ⅠおよびⅡで学んだ基礎知識を活かし、卒業研究をまとめるための応用的、実践的能力を養う。,各回の予習・復習には約90分かかると想定される。,"1:
第１回
演習の概要と進め方
2:
第２回
学術論文の読解トレーニング①
3:
第３回
学術論文の読解トレーニング②
4:
第４回
学術論文の読解トレーニング③
5:
第５回
学術論文の読解トレーニング④
6:
第６回
学術論文の読解トレーニング⑤
7:
第７回
研究論文の効果的なまとめ方①
8:
第８回
研究論文の効果的なまとめ方②
9:
第９回
研究論文の効果的なまとめ方③
10:
第10回
研究論文の効果的なまとめ方④
11:
第11回
研究論文の効果的なまとめ方⑤
12:
第12回
効果的なプレゼンテーションの仕方①
13:
第13回
効果的なプレゼンテーションの仕方②
14:
第14回
効果的なプレゼンテーションの仕方③、まとめと講評",特になし。資料は講義中に適宜配布する。,特になし。資料は講義中に適宜配布する。,"割合
評価基準
レポート:
20％
レポート内容20%
平常点評価:
80％
出席状況50%、発表内容15%、授業中の積極性や勤勉性といった取組姿勢15%",,HSSH302S,健康／スポーツ科学,健康スポーツ,健康スポーツ,上級レベル,演習III,３年以上,1,日本語,【対面】
2026,HSSP302S,演習III（体育科教育学）,吉永　武史,スポーツ,秋学期,火２時限,１００-５０２,体育科教育学の研究領域は、実践そのものを対象として行う授業研究（実践的研究......,2000001844012026200000184420,,体育科教育学の研究領域は、実践そのものを対象として行う授業研究（実践的研究）や、実践のための理論モデルを開発する授業づくり研究（理論的研究）などによって構成される。本演習では、カリキュラム論や学習指導論、教師教育論などの観点から、体育科教育学の研究対象、研究方法ならびに研究成果について検討していく。加えて、最近の学校体育のトピック（子どもの体力低下問題やインクルーシブ教育、運動部活動の地域移行など）にも焦点を当て、スポーツ教育に関連する文献を講読し、全体討論を重ねていく。,本演習では、スポーツ教育学や体育科教育学の研究成果や研究方法への理解を深め、演習Ⅳで取り組む卒業研究の構想につなげていく。また、スポーツ教育（教科体育や運動部活動等）を中心とした学校教育の諸課題に関する討論を通して、コミュニケーション能力を高めることができるようにする。,各回の予習（事前に配布した資料の精読等）には、約90～120分間を要すると想定されます。,"1:
第１回
オリエンテーション：演習の概要と進め方
【事前・事後の学修】事前にシラバスの内容を確認しておくこと／授業後にリアクションペーパーを作成し、提出すること
2:
第２回
学問領域としてのスポーツ教育学ならびに体育科教育学の研究対象と成果
【事前・事後の学修】事前に配布した資料を読んだり、ディスカッションのテーマに関連する情報を調べておくこと／授業後にディスカッションした内容を整理したり、追加の情報を調べたりすること
3:
第３回
カリキュラム論（何のために、何を教えるか）：教育内容の体系、素材（スポーツ種目）の分類
【事前・事後の学修】事前に配布した資料を読んだり、ディスカッションのテーマに関連する情報を調べておくこと／授業後にディスカッションした内容を整理したり、追加の情報を調べたりすること
4:
第４回
学習指導論（どのように教えるか）：学習指導の構造、教授技術（teaching skill）の一般化
【事前・事後の学修】事前に配布した資料を読んだり、ディスカッションのテーマに関連する情報を調べておくこと／授業後にディスカッションした内容を整理したり、追加の情報を調べたりすること
5:
第５回
学習評価論（何を、どのように評価するか）：評価の観点ならびに規準、評価の方法（ゲームパフォーマンス評価や状況判断テストなど）
【事前・事後の学修】事前に配布した資料を読んだり、ディスカッションのテーマに関連する情報を調べておくこと／授業後にディスカッションした内容を整理したり、追加の情報を調べたりすること
6:
第６回
教師教育論：理想とする教師像ならびに教員養成システム（教職課程、教員研修）
【事前・事後の学修】事前に配布した資料を読んだり、ディスカッションのテーマに関連する情報を調べておくこと／授業後にディスカッションした内容を整理したり、追加の情報を調べたりすること
7:
第７回
授業研究：理論的（文献）研究ならびに実証的（量的・質的）研究の方法と成果
【事前・事後の学修】事前に配布した資料を読んだり、ディスカッションのテーマに関連する情報を調べておくこと／授業後にディスカッションした内容を整理したり、追加の情報を調べたりすること
8:
第８回
授業観察・分析：期間記録法を活用した授業場面の観察・記録とデータの分析
【事前・事後の学修】事前に配布した資料を読んでおくこと／授業後に学習した授業観察・記録の方法を再度確認すること
9:
第９回
これからの社会で求められる力とそれを育成するための授業の在り方－「主体的・対話的で深い学び」とは－
【事前・事後の学修】事前に配布した資料を読んだり、ディスカッションのテーマに関連する情報を調べておくこと／授業後にディスカッションした内容を整理したり、追加の情報を調べたりすること
10:
第10回
資質・能力を育むためのカリキュラム・マネジメント－保健体育科と他教科等との関連－
【事前・事後の学修】事前に配布した資料を読んだり、ディスカッションのテーマに関連する情報を調べておくこと／授業後にディスカッションした内容を整理したり、追加の情報を調べたりすること
11:
第11回
共生社会の実現に向けたこれからの学校教育の在り方－男女共習による体育授業、インクルーシブ教育の推進－
【事前・事後の学修】事前に配布した資料を読んだり、ディスカッションのテーマに関連する情報を調べておくこと／授業後にディスカッションした内容を整理したり、追加の情報を調べたりすること
12:
第12回
子どものライフスタイルの変容とそれに伴う体力低下とその改善策－豊かなスポーツライフの実現に向けたスポーツ教育の実践－
【事前・事後の学修】事前に配布した資料を読んだり、ディスカッションのテーマに関連する情報を調べておくこと／授業後にディスカッションした内容を整理したり、追加の情報を調べたりすること
13:
第13回
運動部活動の現状と課題－学習指導要領における運動部活動の位置づけと新しい運動部活動の在り方（地域移行・連携）－
【事前・事後の学修】事前に配布した資料を読んだり、ディスカッションのテーマに関連する情報を調べておくこと／授業後にディスカッションした内容を整理したり、追加の情報を調べたりすること
14:
第14回
総括（レポート課題の提示を含む）
【事前・事後の学修】事前に配布した資料を読んでおくこと／授業後にレポートを作成し、提出すること",必要に応じて関連資料を配付します。,"日本スポーツ教育学会編「スポーツ教育学研究」
日本体育科教育学会編「体育科教育学研究」
大修館書店発行「体育科教育」","割合
評価基準
レポート:
25％
第１４回に課題を提示する。与えられた課題について演習での論議内容と関連づけながら深く考察しているかどうか等を評価する。
平常点評価:
75％
与えられたテーマについてレジュメを作成し、適切に報告できているかどうかを評価する。また、出席状況やディスカッションを含めた授業への積極性を評価する。",毎回、設定されたテーマに基づいてディスカッションを行います。また、提出された課題については、Waseda Moodle等を通してフィードバックを行います。,HSSP302S,健康／スポーツ科学,スポーツ教育,スポーツ教育,上級レベル,演習III,３年以上,1,日本語,【対面】
2026,HSSM302S,演習III（リコンディショニング）,広瀬　統一,スポーツ,秋学期,水３時限,79-702演習室,「リコンディショニング演習」では、本学部のディプロマポリシーである「スポー......,2000001845012026200000184520,,"「リコンディショニング演習」では、本学部のディプロマポリシーである「スポーツニーズ」および「アカデミックニーズ」に応える人材育成の一環として、アスレティックトレーニングに関する知識と技能を習得します。本授業の主な目的は、リコンディショニング処方と指導に必要な知識と技術を身につけることです。演習Ⅲでは、演習ⅠおよびⅡで習得した知識を応用し、多様なスポーツ外傷や障害特性に応じたリコンディショニングと再発予防計画の立案・指導ができるようになることを目指します。また、競技特性の分析を基に、年間を通じたコンディショニング計画を立案できる力も養います。
本授業は、アスレティックトレーニングの実務経験を持つ教員が担当し、ペアワークやグループワーク形式での演習を取り入れ、学生同士や教員、ティーチングアシスタントからのフィードバックを通じて理解を深める構成です。また、スポーツ現場で活動するゲストスピーカーの指導を受け、実践的な学びをさらに深める機会も提供します。",①傷害特性を考慮したリコンディショニングプログラムが立案できる。,各回の予習・復習には約90分～120分かかると想定されます。,"1:
ガイダンス
段演習Ⅲの進め方に関する概説。
2:
段階的なリコンディショニング＆コンディショニングの振り返り
演習Ⅱで行ったリコンディショニングプログラミングの振り返りと理解の深化。
3:
腰部障害のリコンディショニング
腰部障害に対するリコンディショニングの考え方を学習。
4:
腰部障害のリコンディショニングプランニング
腰部障害のリコンディショニングプランを立案。
5:
腰部障害のリコンディショニング指導
腰部障害のリコンディショニングプランの指導方法を学習。
6:
腰部障害予防プログラムの実際
腰部障害予防の現場での実際を学習。（ゲストスピーカー）
7:
投球障害予防プログラムの考え方
投球障害の予防プログラムの基本的な考え方を学習。
8:
投球障害予防（再発予防）のプログラム指導
投球障害再発予防プログラムの指導方法を学習。
9:
投球障害予防（再発予防）の実際
投球障害再発予防の現場での実際を学習。（ゲストスピーカー）
10:
前十字靭帯損傷予防（再発予防）のプログラム
前十字靭帯損傷の再発予防プログラムを学習。
11:
前十字靭帯損傷予防（再発予防）の実際
前十字靭帯損傷予防の現場での実際を学習。（ゲストスピーカー）
12:
コンディショニング概論
コンディショニングの基本的な考え方について学習。
13:
競技現場におけるコンディショニングの実際
競技現場における実際のコンディショニングについて学習。（ゲストスピーカー）
14:
まとめ
全体の振り返りとまとめ。",,,"割合
評価基準
レポート:
20％
レポート課題
平常点評価:
80％
出席状況と授業中のトレーニング指導の達成度",本演習では主体性と協調性を重んじて授業を展開します。,HSSM302S,健康／スポーツ科学,スポーツ医科学,スポーツ医科学,上級レベル,演習III,３年以上,1,日本語,【対面】
2026,HSSM302S,演習III（スポーツ障害の診かた）,金岡　恒治,スポーツ,秋学期,木２時限,79-304講義室,研究グループ（臨床研究、障害調査、筋電解析、画像解析、動作解析、その他オ......,2000001846012026200000184620,,研究グループ（臨床研究、障害調査、筋電解析、画像解析、動作解析、その他オリジナル研究）を選択し大学院生との小グループにて研究活動を進めながら、各自の研究仮説を確立し実験手法に触れる。,さまざまな研究・実験の現場に触れて卒論に向けた研究仮説を立てる。,各回の予習・復習には約90分～120分かかると想定されます。,"1:
第１回
オリエンテーション
2:
第２回
スポーツ障害と筋活動の研究仮説・手法についての発表と全体でのディスカッション
3:
第３回
筋活動測定実験・解析・レポート作成の実習
4:
第４回
学生担当者から結果のプレゼンテーションと全体でのディスカッション
5:
第５回
スポーツ障害と動作の研究仮説・手法についての発表と全体でのディスカッション
6:
第６回
動作解析実験・解析・レポート作成の実習
7:
第７回
学生担当者から結果のプレゼンテーションと全体でのディスカッション
8:
第８回
スポーツ障害と身体バランスの研究仮説・手法についての発表と全体でのディスカッション
9:
第９回
身体バランス実験・解析・レポート作成の実習
10:
第10回
学生担当者から結果のプレゼンテーションと全体でのディスカッション
11:
第11回
スポーツ障害とパフォーマンスの研究仮説・手法についての発表と全体でのディスカッション
12:
第12回
パフォーマンス評価実験・解析・レポート作成の実習
13:
第13回
学生担当者から結果のプレゼンテーションと全体でのディスカッション
14:
第14回
卒業論文に向けた仮説の立案",スポーツ医学の成書・文献（特に定めない）,スポーツ医学に関連した文献,"割合
評価基準
平常点評価:
100％
受講態度、発言内容、出席状況、課題到達度から総合的に判定する",,HSSM302S,健康／スポーツ科学,スポーツ医科学,スポーツ医科学,上級レベル,演習III,３年以上,1,日本語,【対面】
2026,HSSM302S,演習III（予防医学）,鈴木　克彦,スポーツ,秋学期,金３時限,研究室,演習Ⅲでは、分子細胞生物学や免疫学等の生命科学が、いかに疾病の診断や予防......,2000001848012026200000184820,,"演習Ⅲでは、分子細胞生物学や免疫学等の生命科学が、いかに疾病の診断や予防・治療、スポーツ医学の研究や現場に応用されているかを学ぶ。卒業研究につなげるために、英語学習や各種実験に参加しトレーニングを行い、卒業研究発表会も見学する。
予習としてオンディマンドコンテンツの受講を求めます。",生活習慣病の予防・治療について運動・スポーツの意義・役割および効果とメカニズムを明らかにする研究に重点をおき、体力医学・介護予防との関連を理解できるように、実践的に予防医学を学習する。,各回の予習・復習には約90分～120分かかることが想定されます。,"1:
第１回
受講ガイダンス、予防医学と研究
2:
第２回
運動と免疫能
3:
第３回
分子細胞生物学的研究
4:
第４回
生活習慣病の運動療法
5:
第５回
運動による筋損傷と遅発性筋肉痛
6:
第６回
運動による生体のストレス応答と制御
7:
第７回
運動とサイトカインの実験的研究
8:
第８回
国際運動免疫学会
9:
第９回
生活習慣病と外来診療
10:
第10回
運動による疾病予防、体力測定
11:
第11回
老化の疫学　-健康寿命とは何か-
12:
第12回
白血球の動態解析
13:
第13回
免疫機能測定法
14:
第14回
スポーツ医学の研究",特に指定しない。,逐次紹介する。,"割合
評価基準
試験:
行わない。
レポート:
50％
指示に従って作成すること。
平常点評価:
50％
受講状況を考慮する。","内容が前後したり変更することもある。実験室や学内外の設備、施設の見学を行うこともある。
「生化学」、「運動生化学」、「スポーツ生理学」など関連科目を履修することが望ましい。
関連URL：
http://www.f.waseda.jp/katsu.suzu/",HSSM302S,健康／スポーツ科学,スポーツ医科学,スポーツ医科学,上級レベル,演習III,３年以上,1,日本語,【対面】
2026,HSSB302S,演習III（スポーツビジネスマーケティング）,松岡　宏高,スポーツ,秋学期,木３時限,79-602演習室,本演習では、スポーツビジネスに関する研究論文をレビューし、研究方法や結果......,2000001849012026200000184920,,本演習では、スポーツビジネスに関する研究論文をレビューし、研究方法や結果および考察の書き方について学ぶ。その上で、スポーツビジネス現場の事象を研究対象として取り上げ、自身の研究テーマを設定する。,"到達目標を次のように設定する。
１．スポーツビジネスに関する研究論文の書き方を理解する。
２．スポーツビジネスに関する先行研究を講読し、批評することができる。
３．スポーツビジネスに関する研究テーマを設定する。",各回の予習・復習には120分以上かかると想定されます。学期中に10本の研究論文の授業前に読む必要があります。また、発表準備にも時間を要します。,"1:
第１回
オリエンテーション
2:
第２回
研究論文の書き方
3:
第３回
先行研究のレビューの方法
4:
第４回
先行研究のレビュー１
5:
第５回
先行研究のレビュー２
6:
第６回
先行研究のレビュー３
7:
第７回
先行研究のレビュー４
8:
第８回
先行研究のレビュー５
9:
第９回
研究テーマの設定
10:
第10回
研究計画Ⅰの発表１
11:
第11回
研究計画Ⅰの発表２
12:
第12回
研究計画Ⅰの発表３
13:
第13回
研究計画Ⅰの発表４
14:
第14回
研究計画Ⅰの発表５",,原田宗彦編著、藤本淳也・松岡宏高著「スポーツマーケティング」大修館書店、2018年,"割合
評価基準
平常点評価:
100％
出席・参加、プレゼンテーション、ディスカッション、小レポートによる評価。",,HSSB302S,健康／スポーツ科学,スポーツビジネス,スポーツビジネス,上級レベル,演習III,３年以上,1,日本語,【対面】
2026,HSSB302S,演習III（トップスポーツビジネス）,平田　竹男,スポーツ,秋学期,金４時限,３-７０１,平田竹男ゼミ・演習Ⅲ（３年秋）では、２年時と３年春に行った演習での自他の......,2000001850012026200000185020,,"平田竹男ゼミ・演習Ⅲ（３年秋）では、２年時と３年春に行った演習での自他のプレゼンを通して学んだスポーツビジネスの研究から、各自が深い関心を持った選手、クラブ、企業（メディアを含む）、リーグ、競技、スタジアムなどに関するテーマを取り上げ、そのテーマを掘り下げ、より実践的な分析を行っていく。
具体的には、これまでの演習で学習してきたトリプルミッションモデルや逆台形モデル、Excelなどを利用したデータを用いた分析や、各クラブ、競技が直面してきた壁とそれを乗り越えるために行ったアクションを調査する。
また、平田ゼミでは、学生一人一人の興味、関心を尊重するため、上記にかかわらず、各自が関心あるテーマの研究を深めてもらって構わない。
演習Ⅲでも各自毎回プレゼンを行い、考える力とプレゼン能力を培う。
なお、演習Ⅰ、Ⅱ同様、プロを目指す者には、特別の配慮を行う。",・自身の卒業後のキャリアを展望した上で、世界経済の動向を踏まえて、関心を持ったテーマについて適切に分析・検証できる能力を身につける。,各回ともプレゼンの準備が必要です。,"1:
第１回
講義：40歳においていかなる自分になるか？
（回ごとのテーマは状況に合わせて変更すいる可能性あり。一例として参考にすること）
2:
第２回
演習：学生による発表討論「SWOT分析を用いて自己分析」
3:
第３回
演習：学生による発表討論「自分の強みをエピソードを用いて発表①」
4:
第４回
演習：学生による発表討論「卒業論文に向けて自身の決めたテーマについて」
5:
第５回
演習：学生による発表討論「中国に関するフリーテーマ」
6:
第６回
演習：学生による発表討論「資源エネルギーについて」
7:
第７回
演習：学生による発表討論「資源エネルギーに関するフリーテーマ」
8:
第８回
演習：学生による発表討論:「スタジアム/アリーナを１つ選び、建設または改修の経緯をまとめて発表」
9:
第９回
演習：学生による発表討論「卒論発表会」
10:
第10回
演習：学生による発表討論「自分の強みをエピソードを用いて発表②」
11:
第11回
演習：学生による発表討論「卒論発表会②」
12:
第12回
演習：学生による発表討論「自分の過去のプレゼンから1つ選び、改良したものを発表する」
13:
第13回
演習：学生による発表討論「新年の抱負」
14:
第14回
講義：「人生において何にこだわり何を妥協するか」",特になし。個別に指示。,「世界資源エネルギー入門」　平田竹男　（東洋経済新報社）,"割合
評価基準
平常点評価:
100％
プレゼン内容、平常点による評価","・長期休みに全学年合同のゼミ合宿を行う。
2024年度はパリ、ヒューストンを訪問。
2025年度は米国・シリコンバレーを訪問。
・特に熱心な学生は、社会人学生との議論や修士ゼミへの参加を認める。
・関連科目：「トップスポーツビジネス概論」「トップスポーツビジネス入門」「資源エネルギーと地球環境問題を考える」",HSSB302S,健康／スポーツ科学,スポーツビジネス,スポーツビジネス,上級レベル,演習III,３年以上,1,日本語,【対面】
2026,HSSP302S,演習III（スポーツ教育学）,深見　英一郎,スポーツ,秋学期,火２時限,１００-３０３,演習Ⅲでは、演習Ⅰ・Ⅱで得られた基礎的知識をもとに学習指導論、指導者論、学習......,2000001851012026200000185120,,演習Ⅲでは、演習Ⅰ・Ⅱで得られた基礎的知識をもとに学習指導論、指導者論、学習者論などの観点から、スポーツ教育学の研究対象、研究方法ならびに研究成果について検討していく。くわえて、今日の体育･スポーツ教育のトピックにも焦点を当て関連する文献を講読し、全体討論を重ねていく。,本演習では、スポーツ教育学の研究内容･方法に関する理解を深め、演習Ⅳにおける卒業研究のテーマ設定につなげていくことをねらいとする。,各回の予習・復習には約90分～120分かかると想定されます。,"1:
第１回
オリエンテーション
2:
第２回
スポーツ教育学研究の対象と方法
3:
第３回
今日の体育･スポーツ教育の問題点とその対策
4:
第４回
体育授業と運動部活動
5:
第５回
体育教師とスポーツコーチ
6:
第６回
スポーツ指導場面で求められる指導者の能力
7:
第７回
スポーツ指導者の資質と能力
8:
第８回
指導者のコミュニケーションスキル
9:
第９回
指導者と学習者の心理
10:
第10回
学習者の成長に応じた指導のあり方
11:
第11回
学習者の動きの発達とスキルの獲得
12:
第12回
学習者の体力向上を目指した指導のあり方
13:
第13回
スポーツ指導の評価と反省
14:
第14回
総括ならびにレポート課題","岡出美則ほか編著「体育科教育学入門【三訂版】」大修館書店、2021年
友添秀則・岡出美則編著「新版教養としての体育原理：現代の体育・スポーツを考えるために」大修館書店、2016年","中村敏雄・高橋健夫・寒川恒夫・友添秀則「21世紀スポーツ大事典」大修館書店、2015年
シーデントップ著、高橋健夫他訳「体育の教授技術」大修館書店、1988年
宇土正彦監修「学校体育授業事典」大修館書店、1995年
佐良土茂樹「コーチングの哲学: スポーツと美徳」青土社、2021年
友添秀則「体育の人間形成論」大修館書店、2009年
三浦雅士「身体の零度　何が近代を成立させたか」講談社選書メチエ、2001年","割合
評価基準
レポート:
30％
期末レポート課題。与えられた課題を演習での論議内容と関連づけながら深く考察しているか。内容理解、論理構成、表現力の視点から評価する。
平常点評価:
70％
毎時間のリアクションペーパー。与えられたテーマについて深く理解し考察しているかどうかを評価する。ディスカッションを含めた授業の中での積極性や勤勉性といった履修態度を評価する。",出席状況については全授業回数の2／3以上の出席を単位認定の条件とする。試合や病気・ケガなどで欠席する場合には、試合参加証明書や医師の診断書などを必ず提出すること。,HSSP302S,健康／スポーツ科学,スポーツ教育,スポーツ教育,上級レベル,演習III,３年以上,1,日本語,【対面】
2026,HSSM303S,演習III（筋生物学）,秋本　崇之／竹村　英子,スポーツ,秋学期,水５時限,１００-４０５,本講義では，骨格筋の生物学，生理学に関する研究成果を受講者自身が調査し，......,2000001852012026200000185220,,本講義では，骨格筋の生物学，生理学に関する研究成果を受講者自身が調査し，理解し，発表して，他の受講者と討論する事で，骨格筋に関する基礎的知識を整理する．この過程を通じて，将来の個人の研究テーマを明確にする．また理解を助けるために，必要に応じて実験実習を行う．,"・骨格筋生物学の基礎的知識（生理学，生化学，分子生物学）を整理して，理解する．
・授業を通じて，個人の研究テーマを明確にする．",英文総説の輪読および，文献調査，発表資料の作成．,"1:
第１回
オリエンテーション（本講義の目的と概要） ／ 本講義の目的と概要について説明する　輪読分担決定
2:
第２回
骨格筋の構造と機能　担当者の発表および全員の討論
3:
第３回
筋生物学研究の動向（招聘講師を予定）
4:
第４回
骨格筋の分化　担当者の発表および全員の討論
5:
第５回
骨格筋収縮のメカニズム（興奮収縮連関）担当者の発表および全員の討論
6:
第６回
骨格筋収縮のメカニズム（ミオシンモータータンパク質）担当者の発表および全員の討論
7:
第７回
骨格筋の代謝（エネルギー代謝）担当者の発表および全員の討論
8:
第８回
骨格筋の代謝（骨格筋の構造と代謝）担当者の発表および全員の討論
9:
第９回
骨格筋の種間差　担当者の発表および全員の討論
10:
第10回
骨格筋の発生と再生　担当者の発表および全員の討論
11:
第11回
骨格筋の可塑性　担当者の発表および全員の討論
12:
第12回
骨格筋可塑性を調節する細胞内シグナル１　担当者の発表および全員の討論
13:
第13回
骨格筋可塑性を調節する細胞内シグナル２　担当者の発表および全員の討論
14:
第14回
骨格筋可塑性を調節する細胞内シグナル３　担当者の発表および全員の討論",,"Schiaffino & Reggiani. Physiol Rev, 91, 1447-1531, 2011","割合
評価基準
平常点評価:
100％
出席状況，各個人に割り当てられたテーマに関する発表内容，および討論における発言の積極性と内容について，評価する．",,HSSM303S,健康／スポーツ科学,スポーツ医科学,スポーツ医科学,上級レベル,演習III,３年以上,1,日本語,【対面】
2026,HSST303S,演習III（武道のコーチング）,射手矢　岬,スポーツ,秋学期,月３時限,１００-３０３,演習Ⅰ・Ⅱ（武道のコーチング）で学んだ内容に加え、さらに補足的な文献、書物、......,2000001853012026200000185320,,"演習Ⅰ・Ⅱ（武道のコーチング）で学んだ内容に加え、さらに補足的な文献、書物、映像などを紹介する。
各自が興味あるテーマを設定し、卒業論文作成のための仮の計画を立て、発表・討論する機会を設ける。",研究テーマを絞り込み、それに関する発表と討論を通して研究能力（問題の発見、課題の設定、問題解決）の向上を図る。,各回の予習・復習には約90分～120分かかると想定されます。,"1:
第１回
ガイダンス
2:
第２回
対人格闘技の現状と課題（１）
3:
第３回
対人格闘技の現状と課題（２）
4:
第４回
武道の競技力向上のための科学サポート（１）
5:
第５回
武道の競技力向上のための科学サポート（２）
6:
第６回
武道の身体操作法（１）脱力について
7:
第７回
武道の身体操作法（２）体力との関連
8:
第８回
武道の身体操作法（３）技術との関連
9:
第９回
武道・格闘技に関する論文紹読（１）
10:
第１０回
武道・格闘技に関する論文紹読（２）
11:
第１１回
武道・格闘技に関する論文紹読（３）
12:
第１２回
グループ討議と発表（１）
13:
第１３回
グループ討議と発表（２）
14:
第１４回
グループ討議と発表（３）",授業時に資料や参考書を配布する,必要に応じて紹介する,"割合
評価基準
レポート:
30％
プレゼンテーション能力と成果物
平常点評価:
70％
グループワークにおける貢献度、討議や発表における積極性を評価します。",,HSST303S,健康／スポーツ科学,スポーツコーチング,スポーツコーチング,上級レベル,演習III,３年以上,1,日本語,【対面】
2026,HSSS303S,演習III（スポーツ法）,松本　泰介,スポーツ,秋学期,木１時限,79-302講義室,スポーツ法をめぐる諸問題について、具体的な事例研究を通じて、基本的な法律......,2000001854012026200000185420,,スポーツ法をめぐる諸問題について、具体的な事例研究を通じて、基本的な法律知識と問題点の理解を深める。,スポーツ法に関する基本的知識とバランス感覚のある法的思考力を適切にアウトプットする基礎を身につける。,講義内容の復習。各回の予習には約30分～60分かかると想定されます。,"1:
第１回
スポーツと法（オリエンテーション）
2:
第２回
法学とアウトプット
3:
第３回
（事例研究３）スポーツとアンチ・ドーピング
4:
第４回
（事例研究３）スポーツと暴力・セクハラ
5:
第５回
（事例研究３）スポーツと懲戒処分
6:
第６回
（事例研究３）スポーツと知的財産
7:
第７回
（事例研究３）スポーツと契約実務①スポーツビジネス
8:
第８回
（事例研究３）スポーツと契約実務②選手契約、移籍契約
9:
第９回
（事例研究３）アマチュアスポーツをめぐる問題
10:
第10回
（事例研究３）スポーツ事故①指導者の責任
11:
第11回
（事例研究３）スポーツ事故②主催者、施設管理者の責任
12:
第12回
（事例研究３）スポーツと紛争解決
13:
第13回
（事例研究３）スポーツと組織運営
14:
第14回
（事例研究３）スポーツガバナンス","松本泰介著、「スポーツビジネスロー」、大修館書店
日本スポーツ法学会編、「スポーツ法標準テキスト」、エイデル研究所",必要に応じて適宜配布,"割合
評価基準
レポート:
70％
各自の発表内容、発言内容による
平常点評価:
30％
出席点",,HSSS303S,健康／スポーツ科学,スポーツ科学,スポーツ科学,上級レベル,演習III,３年以上,1,日本語,【対面】
2026,HSSH303S,演習III（運動と健康の生理学）,宮下　政司,スポーツ,秋学期,月２時限,１００-５０２,演習Ⅲでは、演習Ⅱで学んだ「運動と健康の生理学」に関する正しい測定・評価方......,2000001855012026200000185520,,演習Ⅲでは、演習Ⅱで学んだ「運動と健康の生理学」に関する正しい測定・評価方法を確認しながら、卒業研究に必要な調査・測定の技術を統計処理や文献の輪読を交えながら習得する。,"・身体へ及ぼす生理的影響に関する専門的な知識が習得できるようになる。
・実験実習をとおし得られたデータを正しい統計解析を用い評価し、考察できるようになる。",予習および復習として、各回に連絡する参考資料の確認を求めます。予習および復習には30分から60分かかると想定されます。,"1:
第１回
受講ガイダンス
2:
第２回
運動負荷試験の測定と評価①（トレッドミル）
3:
第３回
運動負荷試験の測定と評価②（自転車）
4:
第４回
歩行試験の測定と評価
5:
第５回
身体機能の測定と評価①（上肢・下肢）
6:
第６回
身体機能の測定と評価②（認知機能等）
7:
第７回
研究テーマの選択についてのガイダンス
8:
第８回
興味のある論文の発表
9:
第９回
興味のある論文の発表
10:
第10回
統計解析演習①
11:
第11回
統計解析演習②
12:
第12回
統計解析演習➂
13:
第13回
研究テーマ
(
案
)
についての発表
14:
第14回
研究テーマ
(
案
)
についての発表",特に指定しない。,各演習に関連する資料を逐次紹介する。,"割合
評価基準
レポート:
50％
演習内で適宜、課題を提示する。与えられた課題を演習内容の視点と絡めて深く考察しているかどうかを評価する。
平常点評価:
50％
研究発表や討議の積極性を評価する。また、出席状況等を考慮し評価する。",内容が前後したり変更することもある。実験室や学内外の設備、施設の見学を行うこともある。,HSSH303S,健康／スポーツ科学,健康スポーツ,健康スポーツ,上級レベル,演習III,３年以上,1,日本語,【対面】
2026,HSSH302S,演習III（運動器スポーツ外傷・障害学）,熊井　司,スポーツ,秋学期,月３時限,-,スポーツ選手にとって運動器に発生する外傷・障害は克服すべき重要な課題とな......,2000001856012026200000185620,,"スポーツ選手にとって運動器に発生する外傷・障害は克服すべき重要な課題となる。運動器の異常を理解するためには、正常な運動器機能解剖についての知識が必須であり、病態把握、治療・予防法を考える上で大いに役立つ。
演習Ⅲでは、演習Ⅰ、Ⅱで習得した局所機能解剖と各疾患群の知識をもとに、スポーツ外傷・障害の病態や治療・予防法関する新たな研究仮説をたて、卒業研究へと進めていく。",運動器の機能解剖に関する知識を用い、スポーツ外傷・障害の病態、治療、予防法について理解できること。演習Ⅲでは、病態解明、治療法の開発に関する研究仮説をたて、その手法について学ぶことを目標とする。,各回の予習・復習には約90分かかると想定されます。,"1:
第１回　オリエンテーションと卒業論文閲覧
オリエンテーション　 本講義の目的と概要について説明します。
過去の卒業論文を閲覧し、卒業研究の具体的なイメージをもつ【担当：熊井およびTA】
2:
第２回　卒業研究に向けた研究計画の策定
卒業研究のスケジュールについて確認し、計画を組み立てる【担当：熊井、前道講師およびTA】
3:
第３回　卒業研究に向けた研究計画の進捗１
演習Ⅱで立案した卒業研究計画の見直しと修正を行う【担当：熊井、前道講師およびTA】
4:
第４回　卒業研究に向けた研究計画の進捗２
演習Ⅱで立案した卒業研究計画の見直しと修正を行う【担当：熊井、前道講師およびTA】
5:
第５回　卒業研究に向けた研究計画の進捗３
演習Ⅱで立案した卒業研究計画の見直しと修正を行う【担当：熊井、前道講師およびTA】
6:
第６回　卒業研究に向けた研究計画の進捗４
演習Ⅱで立案した卒業研究計画の見直しと修正を行う【担当：熊井、前道講師およびTA】
7:
第７回　卒業研究に向けた研究計画の進捗５
演習Ⅱで立案した卒業研究計画の見直しと修正を行う【担当：熊井、前道講師およびTA】
8:
第８回　卒業研究に向けた資料・論文の整理１
各自、卒業研究に必要となる資料や先行研究論文の確認と整理を行う【担当：熊井、前道講師およびTA】
9:
第９回　卒業研究に向けた資料・論文の整理２
各自、卒業研究に必要となる資料や先行研究論文の確認と整理を行う【担当：熊井、前道講師およびTA】
10:
第10回　卒業研究に向けた資料・論文の整理３
各自、卒業研究に必要となる資料や先行研究論文の確認と整理を行う【担当：熊井、前道講師およびTA】
11:
第11回　卒業研究に向けた資料・論文の整理４
各自、卒業研究に必要となる資料や先行研究論文の確認と整理を行う【担当：熊井、前道講師およびTA】
12:
第12回　卒業研究の具体案　プレゼンテーション１
各自、卒業研究の具体的な内容についての発表を行い、必要があれば修正を行う【担当：熊井、前道講師およびTA】
13:
第13回　卒業研究の具体案　プレゼンテーション２
各自、卒業研究の具体的な内容についての発表を行い、必要があれば修正を行う【担当：熊井、前道講師およびTA】
14:
第14回　卒業研究の具体案　総括
各自、卒業研究の具体的な内容についての総括を行い、必要があれば修正を行う【担当：熊井、前道講師およびTA】",解剖学の成書,,"割合
評価基準
平常点評価:
100％
受講態度、出席状況、課題到達度を考慮",,HSSH302S,健康／スポーツ科学,健康スポーツ,健康スポーツ,上級レベル,演習III,３年以上,1,日本語,【オンライン】リアルタイム配信
2026,HSSS201S,演習III（健康スポーツの発育発達・健康教育学）,石井　香織,スポーツ,秋学期,木２時限,１００-４０６,健康スポーツによる健康づくりに関連した発育発達・健康教育学分野の興味ある内......,2000001857012026200000185720,,健康スポーツによる健康づくりに関連した発育発達・健康教育学分野の興味ある内容について、卒業研究に必要な資料・論文を読解し整理する。また、収集した情報をまとめプレゼンテーションし、ディスカッションを行う。,卒業研究をまとめるために、これまで得た知識を応用する力を身につける。,各回の予習・復習には約90分～120分かかると予想されます。,"1:
第１回
演習の概要と進め方
2:
第２回
学術論文の読解：論文の構成
3:
第３回
学術論文の読解：緒言で書かれていること
4:
第４回
学術論文の読解：意義を読み取る
5:
第５回
学術論文の読解：方法で書かれていること
6:
第６回
学術論文の読解：方法論を学ぶ
7:
第７回
学術論文の読解：結果で書かれていること
8:
第８回
学術論文の読解：結果を解釈する
9:
第９回
学術論文の読解：考察で書かれていること
10:
第１０回
学術論文の読解：考察を読み解く
11:
第１１回
学術論文の要約の仕方
12:
第１２回
先行研究のプレゼンテーション(1)
13:
第１３回
先行研究のプレゼンテーション(2)
14:
第１４回
先行研究のプレゼンテーション(3)
講評とレポート課題",,,"割合
評価基準
レポート:
20％
レポート内容：与えられた課題を講義内容の視点と絡めて深く理解しているかどうかを評価します。
平常点評価:
80％
発表内容40％：各個人に割り当てられたテーマに関する発表内容について評価します。
授業中の積極性や勤勉性といった取組姿勢40％：授業への積極性、グループワークにおける貢献度を評価します。",,HSSS201S,健康／スポーツ科学,スポーツ科学,スポーツ科学,中級レベル（発展・応用）,演習III,３年以上,1,日本語,【対面】
2026,HSSC302S,演習III（スポーツ史学）,川島　浩平,スポーツ,秋学期,水４時限,79-605演習室,現代の日本は、世界の主要国にひけをとらない、スポーツを愛好する国家です。総......,2000001858012026200000185820,,"現代の日本は、世界の主要国にひけをとらない、スポーツを愛好する国家です。総理府による平成二十八年度（二〇一六年度）社会基本調査によれば、過去一年間に数百万の人々が野球、ゴルフ、サッカー、卓球、バドミンドン、テニスなどの競技を、さらにそれを超える数の人々が釣り、登山、サイクリング、ジョギングなどをおこない、数十万の人々が柔道や剣道など武道の稽古で心身を鍛えています。教育では、「部活」というシステムの下で、児童・学童から学生まで数多くの青少年男女が課外活動に汗を流し、一般社会では、新聞やテレビなど総合メディアや、インターネットやケーブルテレビなどスポーツ専門のメディアが、活字や映像を通じて、アスリートの活躍を常時報道しています。国民はその鍛えられた身体とパフォーマンスに熱い視線を送り、スポーツの実践に身を入れるものも少なくありません。このようなスポーツ熱がもたらす効果は、日本人を長寿、健康で肥満の少ない国民とする海外メディアの高い評価に窺うこともできます。
スポーツに関する研究も盛んです。もともと「スポーツ科学」という概念は、一九三〇年代初頭に出版された科学啓蒙雑誌の特集を端緒とするといわれますが、以来、第二次世界大戦という逆境を克服し、一九六四年の東京五輪の開催に弾みを与えられて、スポーツ科学は発展を遂げました。この間、研究者はスポーツという知識と実践へのアプローチを次第に体系化しました。その努力の結実は、今日、大学など高等教育機関のホームページを開けば、目に飛び込んできます。スポーツマネジメント学科やスポーツウエルネス学科などの組織として、あるいはカリキュラムのなかで、スポーツ医科学コース、コーチング科学コース、スポーツ教育コース、スポーツ文化コース、バイオメカニクス、健康体力学、スポーツ疫学などの具体的な領域や方法論として。こうした活動を、自然科学・人文科学・社会科学というカテゴリで整理するとき、その一つの社会科学を担う学問分野に、歴史学、社会学、人類学があります。
この授業では、激動する時代におけるスポーツのあり方について提言できる研究者の育成というアカデミックニーズに応えるべく、上に述べた歴史学、社会学、人類学という学術分野で蓄積された知とその方法論に基づき、スポーツという活動、現象、言説を、文化としての観点から多角的に考察しながら、卒業論文の作成へとつながる作業を演習形式で実施します。地域的な焦点は、担当者の専門とするアメリカ合衆国や、わたしたちが住む日本だけでなく、ヨーロッパ、アフリカ、オセアニア、東アジア、カリブ海諸国、南米など受講者のみなさんが関心をもつ国や地域に設定することを歓迎します。",各受講者のこれまでの学習と経験を踏まえ、それぞれの動機や関心を尊重しながら、それをさらに発展させるために、次のステップとしての主題分析の方法論に関する論文をよみ、その方法を自分のテーマで実践する内容の発表をしてもらいます。発表は教室での対面式です。,各回の予習・復習には約90分～120分かかると想定されます。,"1:
第１回
オリエンテーション
2:
第２回
発表準備１
3:
第３回
発表準備２
4:
第４回
研究史の振り返りと発表準備３
5:
第５回
発表と討論１
6:
第６回
発表と討論２
7:
第７回
発表と討論３
8:
第８回
発表と討論４
9:
第９回
発表と討論５
10:
第１０回
発表と討論６
11:
第１１回
発表と討論７
12:
第１２回
発表と討論８
13:
第１３回
発表と討論９
14:
第１４回
発表と討論１０",ニコ・ベズニエ／スーザン・ブロウネル／トーマス・F・カーター著、川島浩平／石井昌幸／窪田暁／松岡秀明訳『スポーツ人類学　グローバリゼーションと身体』共和国2020年,坂上康博・石井昌幸他編『スポーツの世界史』　一色出版　2018年,"割合
評価基準
試験:
実施しない
レポート:
30％
個人発表のまとめレポート
平常点評価:
70％
個人による研究発表の内容を評価する。他人による発表に対しての質問や議論の力や積極性を評価する。授業内容や発表内容に関する小テストを適宜行い、その結果を評価の対象とする。",,HSSC302S,健康／スポーツ科学,スポーツ文化,スポーツ文化,上級レベル,演習III,３年以上,1,日本語,【対面】
2026,HSSE302S,演習III（スポーツ疫学）,澤田　亨,スポーツ,秋学期,木２時限,79-610演習室,演習IIIでは、疫学調査によって得られたデータを統計解析する方法を習得します......,2000001859012026200000185920,,"演習IIIでは、疫学調査によって得られたデータを統計解析する方法を習得します。
そして、引き続き、みんなでディスカッションしながら科学的根拠や疫学的研究手法とは何かを理解し、世の中に溢れているさまざまな「情報」を批判的に吟味（critical appraisal）する能力を養います。","１．エビデンスを批判的に吟味（critical appraisal）する能力を養う。
２．ディスカッション能力を養う。
３．スポーツ疫学研究で必要とされる基本的な統計手法を習得する。",各回の予習・復習には約60分かかると想定されます。,"1:
第１回
演習IIの振り返り
2:
第２回
SPSSインストール
3:
第３回
SPSSへのアンケートデータ取り込み
4:
第４回
変数リスト作成
5:
第５回
データ整備プログラム作成（１回目）
6:
第６回
データ整備プログラム作成（２回目）
7:
第７回
データ整備プログラム作成（３回目）
8:
第８回
データ解析準備プログラム作成（1回目）
9:
第９回
データ解析準備プログラム作成（２回目）
10:
第１０回
データ解析（度数分布）プログラム作成
11:
第１１回
データ解析（棒グラフ）プログラム作成
12:
第１２回
データ解析（クロス集計）プログラム作成
13:
第１３回
図表作成
14:
第１４回
データ解析（有意性検定）プログラム作成",・特に指定しません。,・SPSSによるやさしい統計学 第2版（ISBN-13：978-4274068706）,"割合
評価基準
平常点評価:
100％
・授業に対する取り組み姿勢を評価します。","・スポーツ疫学研究室ホームページ：
https://sites.google.com/site/sssawadalab/
・履修推奨科目：　公衆衛生学
・履修推奨科目：　健康スポーツ原論C（健康スポーツ疫学）
・履修推奨科目：　スポーツ疫学・生物統計学",HSSE302S,健康／スポーツ科学,身体運動科学,身体運動科学,上級レベル,演習III,３年以上,1,日本語,【対面】ハイブリッド（対面回数半数以上）
2026,HSSA402S,演習III（コンディショニング・トレーニング）,平山　邦明,スポーツ,秋学期,金３時限,01:１００-Ｓ１０１ 01:トレーニング室,本演習では、これまでの演習や実践を通して興味を持ったことについて、論文抄読......,2000001860012026200000186020,,本演習では、これまでの演習や実践を通して興味を持ったことについて、論文抄読や実験的手法を用いて調査を行うことで、科学的知見が得られる過程を理解する。,"①科学的知見が得られる過程を説明することができる。
②科学論文（英語）をより批判的に解釈することができる。",各回の予習・復習には約90分～120分かかると想定されます。,"1:
第１回
オリエンテーション
2:
第２回
テーマ選定と関連論文リストの作成
3:
第３回
重要論文の選出
4:
第４回
重要論文のまとめ
5:
第５回
検証テーマの設定（１）
6:
第６回
実験実習（１）
7:
第７回
実験実習（２）・コンディショニングについてのディスカッション（ゲストスピーカーを予定）
8:
第８回
実験実習（３）
9:
第９回
実験実習（４）
10:
第１０回
検証結果の考察（１）
11:
第１１回
検証結果の考察（２）
12:
第１２回
検証結果の考察（３）
13:
第１３回
検証結果の考察（４）
14:
第１４回
総合ディスカッション",,授業内で適宜紹介します。,"割合
評価基準
平常点評価:
100％
授業への参加状況、課題の達成状況を評価します。",本演習では、学生の「主体性」と「積極性」を重視します。,HSSA402S,健康／スポーツ科学,トレーナー,トレーナー,総仕上げ,演習III,３年以上,1,日本語,【対面】
2026,HSSA302S,演習III（アスレティックトレーニング）,細川　由梨,スポーツ,秋学期,水２時限,１０１-３３２,演習IIIでは、アスレティックトレーニング領域でよく使用される研究手法に関す......,2000001861012026200000186120,,演習IIIでは、アスレティックトレーニング領域でよく使用される研究手法に関する概論に触れ、先行研究を元にリサーチ・クエスチョンや仮説を立てる練習を行う。,（１） 目的に応じた研究デザインを選択することができる。,各回の予習・復習には約90分〜120分かかると想定されます。,"1:
第１回
オリエンテーション
研究デザインとデータの種類
2:
第２回
スポーツ外傷・障害調査１
3:
第３回
スポーツ外傷・障害調査２
4:
第４回
フィールド調査（実践例と留意点）
5:
第５回
ミニプロジェクト１：環境制御室を用いた実験（準備）
6:
第６回
ミニプロジェクト１：環境制御室を用いた実験（測定）
7:
第７回
ミニプロジェクト１：環境制御室を用いた実験（データの整理・分析）
8:
第８回
ミニプロジェクト２：アンケート調査（準備）
9:
第９回
ミニプロジェクト２：アンケート調査（データの整理・統計解析）
10:
第１０回
ミニプロジェクト２：アンケート調査（図表の作成）
11:
第１１回
学術的プレゼンテーションの作法について
12:
第１２回
研究のテーマに関する先行研究レビュー１（プレゼンテーション）
13:
第１３回
研究のテーマに関する先行研究レビュー２
（プレゼンテーション）
14:
第１４回
卒業研究発表会",,,"割合
評価基準
平常点評価:
70％
毎回のディスカッションへの参加姿勢で評価する。
その他:
30％
プレゼンテーションで評価する。",,HSSA302S,健康／スポーツ科学,トレーナー,トレーナー,上級レベル,演習III,３年以上,1,日本語,【対面】
2026,HSSA402S,演習III（健康スポーツの栄養・生化学）,谷澤　薫平,スポーツ,秋学期,金３時限,１００-１１４,演習IIIでは、卒業研究として取り組みたいテーマを提案した上で、そのテーマに......,2000001862012026200000186220,,演習IIIでは、卒業研究として取り組みたいテーマを提案した上で、そのテーマに関連する論文を複数読むことにより、卒業研究の方向性を決めていきます。,"・興味がある研究テーマに関する論文を検索し、適切に読解することができる。
・興味がある研究テーマの予備実験・調査を行う。
・卒業研究のテーマを決定する。",各回の予習・復習には約90分～120分かかると想定されます。,"1:
第１回
オリエンテーション
卒業研究の進め方
2:
第２回
リサーチクエスチョンの設定、研究デザイン
3:
第３回
現在興味がある研究テーマの紹介と議論①
4:
第４回
現在興味がある研究テーマの紹介と議論②
5:
第５回
文献検索の方法、論文の読み方
興味がある研究テーマに関する論文の検索
6:
第６回
論文のまとめ方、プレゼンテーション技法
7:
第７回
興味がある研究テーマに関する論文の紹介と議論①
8:
第８回
興味がある研究テーマに関する論文の紹介と議論②
9:
第９回
興味がある研究テーマに関する論文の紹介と議論③
10:
第１０回
興味がある研究テーマに関する論文の紹介と議論④
11:
第１１回
興味がある研究テーマに関する論文の紹介と議論⑤
12:
第１２回
研究アウトラインの作成
13:
第１３回
卒業研究のテーマと研究アウトラインの発表・議論①
14:
第１４回
卒業研究のテーマと研究アウトラインの発表・議論②",適宜資料を配布します。,必要に応じて適宜紹介します。,"割合
評価基準
レポート:
40％
課題の提出状況と内容を評価します。
平常点評価:
60％
発表の内容、授業中の発言、議論への積極的な参加などを評価します。","・発表と議論、実習を中心に進めます。
・授業内容は、受講者の興味に合わせて適宜変更します。",HSSA402S,健康／スポーツ科学,トレーナー,トレーナー,総仕上げ,演習III,３年以上,1,日本語,【対面】
2026,HSSA302S,演習III（測定評価とコーチング）,藤田　善也,スポーツ,秋学期,金２時限,太田・葛西実験室,演習Ⅲでは、自身が興味のある運動技術について、その技術ポイントを抽出し、練......,2000001863012026200000186320,,演習Ⅲでは、自身が興味のある運動技術について、その技術ポイントを抽出し、練習方法を考案して、指導計画を立案する。さらに指導の経過を観察し、練習方法・指導方法の有効性を検証する。,運動課題とその解決方法について、実践を通じて理解する。技能向上のための練習方法を立案し、その指導ができる。,各回の予習・復習には約90分～120分かかると想定されます。,"1:
第１回
オリエンテーション
2:
第２回
コーチング事例研究の進め方
3:
第３回
研究テーマの設定
4:
第４回
技術ポイントの抽出１（アンケート調査）
5:
第５回
技術ポイントの抽出２（インタビュー調査）
6:
第６回
技術ポイントの抽出３（動作分析）
7:
第７回
練習方法の考案
8:
第８回
練習計画の立案
9:
第９回
コーチング実践１（指導内容の収集）
10:
第１０回
コーチング実践２（経過観察と修正）
11:
第１１回
コーチング実践３（実践結果のまとめと考察）
12:
第１２回
コーチング事例の提示１（事例提示と結果の説明）
13:
第１３回
コーチング事例の提示２（学習者の内省検証）
14:
第１４回
コーチング事例の提示３（考察に基づいた妥当性の検証）",,,"割合
評価基準
レポート:
40％
期末のレポート課題に対する取り組みと添削後の修正状況の評価
平常点評価:
60％
授業への出席と発表やディスカッションに対する評価",,HSSA302S,健康／スポーツ科学,トレーナー,トレーナー,上級レベル,演習III,３年以上,1,日本語,【対面】
2026,HSSA202S,演習III（運動生理学）,林　直亨,スポーツ,秋学期,水４時限,１００-２０３,運動生理学の研究に必要となるスキルと専門知識を学修するため，演習１，２を......,2000001864012026200000186420,,運動生理学の研究に必要となるスキルと専門知識を学修するため，演習１，２を通して学んだ測定方法を応用して，生理学的な課題を解いてみます．また，レポート作成やピアレビューを継続することで，文章作成・論文執筆スキルを獲得します．学生自身を対象に実測・推測して，関連する生理学的知見を理解します．,運動生理学の研究スキルの基礎と専門知識を習得するために，以下を目標にします．すなわち，①文章作成・論文執筆スキルの獲得，②プレゼンテーションやピアレビューの修得，③運動生理学の応用的な課題の適切な解決法の探索，です．,各回の予習・復習には約90分～120分かかると想定されます．一部の学修にオンデマンド教材が含まれる可能性があります．毎回の授業について200文字程度の振り返りを提出してもらいます．,"1:
第１回
オリエンテーションと演習２の復習，
2:
第２回
文献リストの作り方（Mendeleyでの実習：PC持参）
3:
第３回
吸入ガスが呼吸循環系に与える影響（講義）
4:
第４回
吸入ガスが呼吸循環系に与える影響（実験計画立案）
5:
第５回
吸入ガスが呼吸循環系に与える影響（実習）（課題１：実習をもとにしたレポート）
6:
第６回
活動筋の感覚が呼吸循環系に与える影響（講義と実験計画立案）
7:
第７回
活動筋の感覚が呼吸循環系に与える影響（実習）１
8:
第８回
活動筋の感覚が呼吸循環系に与える影響（実習）２（課題２：実習をもとにしたレポート）
9:
第９回
これまでに提出されたレポート課題のピアレビュー１
10:
第１０回
これまでに提出されたレポート課題のピアレビュー２
11:
第１１回
卒業論文で扱いたいことの探索と提示（課題３：簡易レポート）
12:
第１２回
卒業論文で扱いたいことについての対話
13:
第１３回
英語文献発表１（発表課題）
14:
第１４回
英語文献発表２（発表課題）",使用しません。,第1回授業時に紹介します。,"割合
評価基準
レポート:
80％
課題とレポート
平常点評価:
20％
振り返り（200文字程度）の記入とコミットメント",実験を通した対話や発表を主体とします．自分が参加することで，演習授業が進むし授業内容が変わるという意識をもって，積極的に参加・発言してください（受け身では何も変わりません）．体育会等の活動で欠席が見込まれる際は，予定が入った段階で早めに申し出て，別途課題提出などの指示を受けてください．オフィスアワーは設けないものの，質問などあれば，メイルなどで遠慮なく連絡を取ってください．,HSSA202S,健康／スポーツ科学,トレーナー,トレーナー,中級レベル（発展・応用）,演習III,３年以上,1,日本語,【対面】
2026,HSSA202S,演習III（応用生理学）,宮地　元彦,スポーツ,秋学期,月４時限,１００-４０１,スポーツ・運動・生活活動といった全ての身体活動、食事・栄養摂取、睡眠・休息......,2000001865012026200000186520,,スポーツ・運動・生活活動といった全ての身体活動、食事・栄養摂取、睡眠・休息などの人の生活の中で営まれる様々な行動に対する生体の変化と適応に関する生理学的な基礎知識を、書籍や文献の精読、調査・測定の実習、仲間との討論を通して学びます。また”応用”という言葉にあるように、生理学の知識を実社会に活かす、具体的にはアスリートのコンディショニング、中高齢者の健康づくり、子どもたちの発育・発達に生理学の知識を活かすために必要な基礎知識を身につけます。,卒業後の実務における商品やサービスの開発・提案を行うための創造性を育むことを目指します。特にこの演習Ⅲでは、４年次以降の卒業研究の執筆のための研究計画書の執筆、データ取得、データ解析などの実務を他の履修生と協力し、遂行する能力を学修します。,事前事後の学習に100分程度の時間が必要です。,"1:
第１回
オリエンテーション（本講義の目的と概要） ／ 本講義の目的と概要について説明します。
2:
第２回
応用生理学に関する研究・開発に必要な測定・実験
3:
第３回
研究計画書と研究倫理審査申請の記述法（１）
4:
第４回
研究計画書と研究倫理審査申請の記述法（２）
5:
第５回
研究計画書と研究倫理審査申請の記述法（３）
6:
第６回
研究計画書と研究倫理審査申請の記述法（４）：研究倫理審査申請書の委員会への提出
7:
第７回
測定・実験・調査・観察データ取得の実際（１）
8:
第８回
測定・実験・調査・観察データ取得の実際（２）
9:
第９回
測定・実験・調査・観察データ取得の実際（３）
10:
第１０回
測定・実験・調査・観察データ取得の実際（４）
11:
第１１回
測定・実験・調査・観察データ取得の実際（５）
12:
第１２回
取得したデータの解析と統計処理の実際（１）
13:
第１３回
取得したデータの解析と統計処理の実際（２）
14:
第１４回
取得したデータの解析と統計処理の実際（３）：卒論執筆に必要な確定データの提出",特にありません。,授業中に適宜指定します。,"割合
評価基準
レポート:
50％
研究計画書の内容、測定・実験・調査・観察の実施状況、取得データの精度や価値により評価します。
平常点評価:
50％
授業参画の積極性、他の履修生との協力などを総合的に評価します。",,HSSA202S,健康／スポーツ科学,トレーナー,トレーナー,中級レベル（発展・応用）,演習III,３年以上,1,日本語,【対面】
2026,HSSB302S,演習III（スポーツ＆エンターテインメントマネジメント）,佐藤　晋太郎,スポーツ,秋学期,木３時限,79-702演習室,演習Ⅲでは、卒業論文のテーマを絞り込み、研究手法に関しても学びを深める。前......,2000001866012026200000186620,,"演習
Ⅲ
では、卒業論文のテーマを絞り込み、研究手法に関しても学びを深める。前者は学術論文の読み込みとリサーチプレゼンテーションのフィードバックを得ることによって達成する。後者に関してはゼミメンバーで協力し、実際にデータ収集・分析の練習をすることで達成する。これらによって、スポーツ＆エンターテインメント消費者の行動を科学的に理解する能力を養うことができ、さらにデータに基づく戦略立案についても学ぶことができる。分析能力の獲得に関しては、オンライン質問紙の作成と実施、
SPSS
を使った分析方法とデータの解釈について学ぶ。",リサーチプレゼンテーションとともに、定量的データの統計的処理ができるようになる。,各回の予習・復習には約90分～120分かかると想定されます。,"1:
第１回
演習の概要と進め方
2:
第２回
HOW TO：先行研究の検討
3:
第３回
HOW TO：先行研究の検討
4:
第４回
卒業論文テーマプレゼン1
5:
第５回
卒業論文テーマプレゼン2
6:
第６回
卒業論文テーマプレゼン3
7:
第７回
卒業論文テーマプレゼン4
8:
第８回
卒業論文テーマプレゼン5
9:
第９回
データ分析について：変数の種類や加工方法
10:
第１０回
データ分析について：オンラインアンケート作成
11:
第１１回
データ分析について：オンラインアンケートデータ収集
12:
第１２回
データ分析について：SPSSを用いたデータ分析
13:
第１３回
データ分析について：SPSSを用いたデータ分析
14:
第１４回
まとめと講評",特に定めず授業ごとに資料を配布する。,,クラスへの出席、参加態度、課題取り組み状況を総合的に判断する。,,HSSB302S,健康／スポーツ科学,スポーツビジネス,スポーツビジネス,上級レベル,演習III,３年以上,1,日本語,【対面】
2026,HSSC302S,演習III（アジアのスポーツと身体文化）,高嶋　航,スポーツ,秋学期,月４時限,79-606演習室,2000年以降の夏季オリンピック国別メダル数の上位10カ国をみると、2位の中国を......,2000001867012026200000186720,,"2000年以降の夏季オリンピック国別メダル数の上位10カ国をみると、2位の中国を筆頭に日本と韓国がランクインしている。また、2000年以降、中国は夏季と冬季、韓国は冬季、日本は夏季のオリンピックを開催している。国際スポーツ界におけるアジア（とくに東アジア）の存在感はきわめて大きい。一方で、アジア諸国間には深刻な対立があり（日中韓やイスラエル対アラブ諸国）、国際スポーツ界にもさまざまな影響を与えている。こうしたアジアのスポーツの実態はあまり知られていないし、研究も少ない。
演習IIIでは、演習IIで絞り込んだ研究課題に関して、先行研究を広く読むなかで、自分なりの問題意識とアプローチを研ぎ澄ませ、卒業論文の作成へとつなげていきたい。具体的には、基本文献の読解と個人研究の発表をおこない、卒業論文作成の準備を進める。",アジアのスポーツ、身体文化、歴史をより深く理解し、自分なりの問題点を引き出すことを目指す。,各回の予習・復習には約90～120分かかると想定されます。,"1:
第１回
ガイダンス
2:
第２回
先行研究の読解と批判
3:
第３回
先行研究の読解と批判
4:
第４回
先行研究の読解と批判
5:
第５回
先行研究の読解と批判
6:
第６回
先行研究の読解と批判
7:
第７回
個人研究発表
8:
第８回
個人研究発表
9:
第９回
個人研究発表
10:
第１０回
個人研究発表
11:
第１１回
個人研究発表
12:
第１２回
個人研究発表
13:
第１３回
個人研究発表
14:
第１４回
総括",,,"割合
評価基準
平常点評価:
100％
授業への取り組みで評価します。",,HSSC302S,健康／スポーツ科学,スポーツ文化,スポーツ文化,上級レベル,演習III,３年以上,1,日本語,【対面】
2026,HSSB302S,演習III（スポーツプロモーション）,高橋　義雄,スポーツ,秋学期,木３時限,79-607演習室,スポーツプロモーションの業務に関わる実務家を招聘し、具体的な実務について理......,2000001868012026200000186820,,スポーツプロモーションの業務に関わる実務家を招聘し、具体的な実務について理解するとともにそれを理論的に把握する。,スポーツプロモーションの実務について理解し、実務に必要なスキルを身につける。,招聘する実務家のプロフィールについて情報を集める。演習を受けた後に実務家に対するフィードバックを行う。,"1:
第１回　オリエンテーション（本講義の目的と概要）
オリエンテーション（本講義の目的と概要） ／ 本講義の目的と概要について説明します。
2:
第２回　プロスポーツクラブ経営
プロスポーツクラブの経営について実務家の話を聞くとともに学生間でディスカッションする。
3:
第３回　地域スポーツクラブ経営
地域スポーツクラブの経営について実務家の話を聞くとともに学生間でディスカッションする。
4:
第４回　フィットネスクラブ経営
フィットネススポーツクラブの経営について実務家の話を聞くとともに学生間でディスカッションする。
5:
第５回　ジュニアスポーツの振興
ジュニアスポーツを実践する実務家の話を聞くとともに学生間でディスカッションする。
6:
第６回　スポーツ用品ビジネス
スポーツ用品ビジネスを実践する実務家の話を聞くとともに学生間でディスカッションする。
7:
第７回　アーバンスポーツの創生
新しいアーバンスポーツビジネスを実践する実務家の話を聞くとともに学生間でディスカッションする。
8:
第８回　スポーツツーリズムの振興
スポーツツーリズムを実践する実務家の話を聞くとともに学生間でディスカッションする。
9:
第９回　スポーツ施設の経営
スポーツ施設経営を実践する実務家の話を聞くとともに学生間でディスカッションする。
10:
第１０回　スポーツまちづくり
スポーツまちづくりを実践する実務家の話を聞くとともに学生間でディスカッションする。
11:
第１１回　競技団体の経営
競技団体職員としてスポーツを統括する活動の話を聞くとともに学生間でディスカッションする。
12:
第１２回　学校スポーツの現場
学校スポーツの現場の話を聞くとともに学生間でディスカッションする。
13:
第１３回　研究構想発表　前半
各自の研究構想を発表する。
14:
第１４回　研究構想発表　後半
各自の研究構想を発表する。",演習のなかで紹介する。,,"割合
評価基準
レポート:
60％
毎回のリアクションペーパーの内容
平常点評価:
40％
ディスカッションに積極的に参加する。",,HSSB302S,健康／スポーツ科学,スポーツビジネス,スポーツビジネス,上級レベル,演習III,３年以上,1,日本語,【対面】
2026,HSSA302S,演習III（ハイパフォーマンス&コーチング）,欠畑　岳,スポーツ,秋学期,木１時限,１００-１１３,・演習Ⅲは、演習Ⅰ・Ⅱで習得した知識を統合させ、卒業研究作成に向けた予備的研......,2000001869012026200000186920,,"・演習Ⅲは、演習Ⅰ・Ⅱで習得した知識を統合させ、卒業研究作成に向けた予備的研究を完成させることで、”ハイパフォーマンス＆コーチング”に対する発見や気づきを得ることを目的とする。
・データ収集と並行し、アカデミックライティングやプレゼンテーションのスキルを身に着ける。
・グループワークが中心となるため、履修生同士のコミュニケーション能力を向上させる。","・スポーツにおける”ハイパフォーマンス”を定義し、それを定量する方法、解析方法を応用させ、”コーチング”への新しい知見を得る。
・実験系で得られたデータの解釈、記述をアカデミックライティングを通し向上させ、プレゼンテーションのスキルを高める。",各回の予習・復習には約30-60分かかると想定されます。,"1:
第１回
授業ガイダンス、履修上の注意、評価方法の説明、オリエンテーション
2:
第２回
卒業研究作成に向けた予備的研究のアイディア立案ーリサーチクエスチョンを明確にー
3:
第３回
卒業研究作成に向けた予備的研究のアイディアの発表ークリティカルシンキングの実践ー
4:
第４回
卒業研究作成に向けた予備的研究のアイディア修正版の作成と発表ーPREP法ー
5:
第５回
予備的研究のデータ取得①　グループワークー相互に実験を補完し研究手法を幅広く学ぶー
6:
第６回
予備的研究のデータ取得②　グループワークー相互に実験を補完し研究手法を幅広く学ぶー
7:
第７回
予備的研究のデータ取得②　グループワークー相互に実験を補完し研究手法を幅広く学ぶー
8:
第８回
データ解析＆統計①　グループワーク　ーグラフィックアブストラクトの作成ー
9:
第９回
データ解析＆統計②　グループワーク　ーグラフィックアブストラクトの作成ー
10:
第１０回
グループプレゼンテーション①　ーインパクトプレゼンテーションー
11:
第１１回
グループプレゼンテーション②　ーインパクトプレゼンテーションー
12:
第１２回
アカデミックライティングの実践①　ー卒業論文の執筆準備ー
13:
第１３回
アカデミックライティングの実践②　ー卒業論文の執筆準備ー
14:
第１４回
演習Ⅲの総括と演習Ⅳへの展望",教室で資料を配布します,,"割合
評価基準
レポート:
30％
プレゼンテーションの出来栄えを評価します。
平常点評価:
70％
フィールド測定におけるデータを使い講義を進めていくため、意欲的な取り組み姿勢や積極性を求めます。",,HSSA302S,健康／スポーツ科学,トレーナー,トレーナー,上級レベル,演習III,３年以上,1,日本語,【対面】
2026,HSSA302S,演習III（ハイパフォーマンス科学）,宮本　直和,スポーツ,秋学期,月３時限,１００-３０４,本授業では、演習IIで学んだ知識や測定・評価方法をさらに発展させる。骨格筋や......,2000001870012026200000187020,,本授業では、演習IIで学んだ知識や測定・評価方法をさらに発展させる。骨格筋や腱組織に関するる研究論文を抄読および紹介し、研究デザインや結果の解釈などについて学ぶ。本演習を通じて科学的な支援の考え方を学ぶとともに、各自の研究テーマの礎を築くことを目的とする。,・科学的支援の実践や測定、評価の重要性を理解して説明することができる。,各回の予習・復習には約90分～120分かかると想定されます。,"1:
第１回
オリエンテーション（本演習の目的と概要の説明）
2:
第２回
学術論文の読解：論文の構成
3:
第３回
学術論文の読解：緒言で書かれていること
4:
第４回
学術論文の読解：意義を読み取る
5:
第５回
学術論文の読解：方法で書かれていること
6:
第６回
学術論文の読解：方法論を学ぶ
7:
第７回
学術論文の読解：結果で書かれていること
8:
第８回
学術論文の読解：結果を解釈する
9:
第９回
学術論文の読解：考察で書かれていること
10:
第１０回
学術論文の読解：考察を読み解く
11:
第１１回
学術論文の要約の仕方
12:
第１２回
興味ある研究論文の紹介と討議（1）
13:
第１３回
興味ある研究論文の紹介と討議（2）
14:
第１４回
まとめ、講評",特になし。資料は授業中に適宜配布する。,特になし。資料は授業中に適宜配布する。,"割合
評価基準
平常点評価:
100％
実習・発表・討議などにおける積極性や発表内容を総合的に評価する。",,HSSA302S,健康／スポーツ科学,トレーナー,トレーナー,上級レベル,演習III,３年以上,1,日本語,【対面】
2026,HSSB302S,演習III（スポーツ経営戦略）,大井　義洋,スポーツ,秋学期,木３時限,79-605演習室,演習Ⅲでは、演習Ⅱで学んだことを基にスポーツビジネスにおける経営戦略の理論と......,2000001871012026200000187120,,"演習Ⅲでは、演習Ⅱで学んだことを基にスポーツビジネスにおける経営戦略の理論と実践を学び、現代のスポーツ業界が直面する課題に対する戦略的思考を養うことを目的とする。特に、プロスポーツリーグ、クラブ経営、スポーツイベント、スポンサーシップ、メディア戦略などを対象に、競争優位性の確立、ビジネスモデルの革新、ステークホルダーとの関係構築について分析を行う。さらに、国内外の事例研究や企業・スポーツ団体との共同研究を通じて、実践的な知見を深める。
また、学生は各自の関心に基づいた研究テーマを設定し、理論的なフレームワークを用いた分析とプレゼンテーションを行うことで、論理的思考力、批判的分析力、および実践的な提案力を身につける。",1．スポーツ経営戦略の理論的理解,各回の予習・復習に60‐90分程度の時間がかかることを想定します。,"1:
第１回
演習Ⅲのイントロダクション
2:
第２回
プロジェクトのオリエンテーション
3:
第３回
経営戦略理論
4:
第４回
プロジェクト
5:
第５回
経営戦略理論
6:
第６回
プロジェクト
7:
第７回
経営戦略理論
8:
第８回
プロジェクト
9:
第９回
経営戦略理論
10:
第１０回
プロジェクト
11:
第１１回
経営戦略理論
12:
第１２回
プロジェクト
13:
第１３回
経営戦略理論
14:
第１４回
プロジェクト",特に定めない,都度紹介する,"割合
評価基準
平常点評価:
100％
主体的な授業参加、発表内容の評価",,HSSB302S,健康／スポーツ科学,スポーツビジネス,スポーツビジネス,上級レベル,演習III,３年以上,1,日本語,【対面】
2026,HSST111W,スポーツ方法実習I（陸上競技：トラック）　03,丸尾　祐矢,スポーツ,秋学期,木３時限,01:１００-１１６ 01:所沢陸上競技場,この科目は、陸上競技のトラック種目（短距離走、ハードル種目、リレー種目、長......,2000002100032026200000210020,,この科目は、陸上競技のトラック種目（短距離走、ハードル種目、リレー種目、長距離種目）の理論と技術を習得することを目的とした実技科目である。,陸上競技トラック種目における競技規則および競技特性を理解し、各種目に沿った技術・戦略を習得する。,各回の予習・復習には約30-60分かかると想定されます。,"1:
第１回
授業ガイダンス、履修上の注意、評価方法の説明。
2:
第２回
短距離走（スプリント走）の競技規則、姿勢・動き作り
3:
第３回
100m走の3つの局面（加速、最高、減速）における技術・戦術
4:
第４回
加速局面における技術ークラウチングスタート
5:
第５回
最高速度局面における技術ーマーク走
6:
第６回
100m走タイムトライアル（測定）
7:
第７回
ハードル走の基本的技術ーミニハードルによるインターバル走
8:
第８回
ハードル走の基本的技術ーインターバル走とハードリング技術
9:
第９回
ハードル走の基本的技術ータイムトライアル（測定）
10:
第10回
リレー種目の競技規則、バトンパスの技術・戦術
11:
第11回
リレー種目（4×100mリレー）のタイムトライアル（測定）
12:
第12回
長距離種目の競技規則、技術・戦術
13:
第13回
ミニ駅伝大会（測定）
14:
第14回
授業のまとめと総括","陸上競技ルールブック最新版（日本陸上競技連盟）
スプリント学ハンドブック: すべてのスポーツパフォーマンスの基盤（日本スプリント学会）",,"割合
評価基準
平常点評価:
100％
平常点による評価",この科目は、スポーツ方法実習Ⅰ（陸上競技：フィールド）との連携科目です。スパイクシューズは着用可ですが、必ずフラットシューズ（アップシューズ）も持参してください。,HSST111W,健康／スポーツ科学,スポーツコーチング,スポーツ方法学,初級レベル（入門・導入）,スポーツ方法実習α群,１年以上,1,日本語,【対面】
2026,HSST111W,スポーツ方法実習I（陸上競技：フィールド）　03,欠畑　岳,スポーツ,秋学期,木２時限,01:１００-２１０ 01:所沢陸上競技場,この科目は、陸上競技のフィールド種目（跳躍、投擲）の理論と技術を習得するこ......,2000002102032026200000210220,,この科目は、陸上競技のフィールド種目（跳躍、投擲）の理論と技術を習得することを目的とした実技科目である。,陸上競技フィールド種目における競技規則および競技特性を理解し、各種目に沿った技術・戦略を習得する。,各回の予習・復習には約30-60分かかると想定されます。,"1:
第１回
授業ガイダンス、履修上の注意、評価方法の説明。跳躍種目の類似点と特異点、
2:
第２回
走幅跳・三段跳の競技規則、姿勢・動き作り
3:
第３回
走幅跳：４つの局面（助走、踏切、空中、着地）における技術・戦術
4:
第４回
三段跳：ホップ、ステップ、ジャンプの技術・戦術
5:
第５回
トライアル：走幅跳・三段跳②
6:
第６回
走高跳の競技規則、姿勢・動き作り
7:
第７回
トライアル：走高跳
8:
第８回
砲丸投の競技規則、姿勢・動き作り
9:
第９回
トライアル：砲丸投
10:
第10回
円盤投の競技規則、姿勢・動き作り
11:
第11回
トライアル：円盤投
12:
第12回
槍投の競技規則、姿勢・動き作り
13:
第13回
トライアル：槍投
14:
第14回
授業のまとめと総括",,陸上競技ルールブック最新版（日本陸上競技連盟）,"割合
評価基準
平常点評価:
100％
平常点による評価",この科目は、スポーツ方法実習Ⅰ（陸上競技：トラック）との連携科目です。スパイクシューズは着用可ですが、必ずフラットシューズ（アップシューズ）も持参してください。,HSST111W,健康／スポーツ科学,スポーツコーチング,スポーツ方法学,初級レベル（入門・導入）,スポーツ方法実習α群,１年以上,1,日本語,【対面】
2026,HSST111W,スポーツ方法実習I（陸上競技：フィールド）　04,櫻田　淳也,スポーツ,秋学期,火２時限,01:１００-１１８ 01:所沢陸上競技場,この科目は、陸上競技のフィールド種目（跳躍、投擲）の理論と技術を習得するこ......,2000002102042026200000210220,,この科目は、陸上競技のフィールド種目（跳躍、投擲）の理論と技術を習得することを目的とした実技科目である。,陸上競技フィールド種目における競技規則および競技特性を理解し、各種目に沿った技術・戦略を習得する。,各回の予習・復習には約30-60分かかると想定されます。,"1:
第１回
授業ガイダンス、履修上の注意、評価方法の説明。跳躍種目の類似点と特異点、
2:
第２回
走幅跳・三段跳の競技規則、姿勢・動き作り
3:
第３回
走幅跳：４つの局面（助走、踏切、空中、着地）における技術・戦術
4:
第４回
三段跳：ホップ、ステップ、ジャンプの技術・戦術
5:
第５回
トライアル：走幅跳・三段跳②
6:
第６回
走高跳の競技規則、姿勢・動き作り
7:
第７回
トライアル：走高跳
8:
第８回
砲丸投の競技規則、姿勢・動き作り
9:
第９回
トライアル：砲丸投
10:
第10回
円盤投の競技規則、姿勢・動き作り
11:
第11回
トライアル：円盤投
12:
第12回
槍投の競技規則、姿勢・動き作り
13:
第13回
トライアル：槍投
14:
第14回
授業のまとめと総括",,陸上競技ルールブック最新版（日本陸上競技連盟）,"割合
評価基準
平常点評価:
100％
平常点による評価",この科目は、スポーツ方法実習Ⅰ（陸上競技：トラック）との連携科目です。スパイクシューズは着用可ですが、必ずフラットシューズ（アップシューズ）も持参してください。,HSST111W,健康／スポーツ科学,スポーツコーチング,スポーツ方法学,初級レベル（入門・導入）,スポーツ方法実習α群,１年以上,1,日本語,【対面】
2026,HSST111W,スポーツ方法実習I（水泳）　03,武田　剛,スポーツ,秋学期,火１時限,所沢アクア・アリーナ,本科目（方法実習Ⅰ）では、水環境における基礎的な身体経験を通して、浮力・抵......,2000002104032026200000210420,,"本科目（方法実習Ⅰ）では、水環境における基礎的な身体経験を通して、浮力・抵抗・重力の変化に適応する能力と、手足で水を捉える・押す・支える感覚を養い、平衡性・巧緻性など基礎的運動能力の向上を図る。
各種泳法のスキル習得を中心に、スカリングを基盤とした水中動作の感覚理解を深め、姿勢保持・方向転換・リズムといった水中動作の基礎原理を体験的に学ぶことで、身体リテラシーの土台形成をめざす。
また、呼吸調整や動作の観察・振り返りを通して、心身の調和的発達とストレス対応力を育てるとともに、水に親しむ経験を積み重ね、生涯にわたってアクアティクスに関わる基盤を育む。",水中における基礎的な身体経験を通して、浮力・抵抗・重力に適応しながら姿勢を安定させ、手足で水を捉え・押し・支える基本的な身体操作ができるようになる。スカリングを基盤に、水中動作の基礎原理を理解し、クロール・背泳ぎ・平泳ぎの基本動作を安定して実施できるようになる。,各回の予習・復習には約90分～120分かかると想定されます。,"1:
第1回
ガイダンス（競泳競技規則）
2:
第2回
クロール１（キック，プル）スカリング
3:
第3回
クロール２（コンビネーション）スカリング
4:
第4回
クロール　実技テスト25m，観察，振り返り
5:
第5回
背泳ぎ１（キック、プル）スカリング
6:
第6回
背泳ぎ２（コンビネーション）スカリング
7:
第7回
背泳ぎ　実技テスト25m，観察，振り返り
8:
第8回
平泳ぎ１（キック、プル）スカリング
9:
第9回
平泳ぎ２（コンビネーション）スカリング
10:
第10回
平泳ぎ　実技テスト25m，観察，振り返り
11:
第11回
3泳法練習１（クロール・背泳ぎ・平泳ぎ反復練習）
12:
第12回
3泳法練習２（泳法間の違いを比較理解）
13:
第13回
ウォーターセーフティとウォーターコンピテンス、招聘講師予定
14:
第14回
スカリングと泳法動作の関連，到達度の確認",新水泳指導教本（大修館書店）,,"割合
評価基準
試験:
70％
実技テストによる課題
レポート:
出席状況、授業への参加状況によって課題を与える場合がある
平常点評価:
30％
２／３以上の出席および実技参加","・第１回目から実技を行うので、相応の準備をしてくること。
・水着（華美でないもの、スポーツ用）、ゴーグル、キャップは各自準備すること（必須）。
・感染症対策の徹底に協力してください（手指及び使用した機材の消毒）
・実技中の貴重品は各自管理のこと
・社会情勢により、計画は変更する場合があります。
・成績評価には実技出席の２／３が必要になります。
・下記のものを公欠扱いとします（試合前の練習による欠席は考慮しません）。
・試合合宿参加証明書、忌引き、教育実習、介護体験実習、出席停止の疾病
・本授業で行う実技テストの結果は、日本水泳連盟の定める「ニチレイ泳力検定」の基準に照合し、該当する資格級を付与する。参考URL（
https://swim.or.jp/eiryokukentei/
）",HSST111W,健康／スポーツ科学,スポーツコーチング,スポーツ方法学,初級レベル（入門・導入）,スポーツ方法実習α群,１年以上,1,日本語,【対面】
2026,HSST111W,スポーツ方法実習I（水泳）　06,武田　剛,スポーツ,秋学期,火２時限,所沢アクア・アリーナ,本科目（方法実習Ⅰ）では、水環境における基礎的な身体経験を通して、浮力・抵......,2000002104062026200000210420,,"本科目（方法実習Ⅰ）では、水環境における基礎的な身体経験を通して、浮力・抵抗・重力の変化に適応する能力と、手足で水を捉える・押す・支える感覚を養い、平衡性・巧緻性など基礎的運動能力の向上を図る。
各種泳法のスキル習得を中心に、スカリングを基盤とした水中動作の感覚理解を深め、姿勢保持・方向転換・リズムといった水中動作の基礎原理を体験的に学ぶことで、身体リテラシーの土台形成をめざす。
また、呼吸調整や動作の観察・振り返りを通して、心身の調和的発達とストレス対応力を育てるとともに、水に親しむ経験を積み重ね、生涯にわたってアクアティクスに関わる基盤を育む。",水中における基礎的な身体経験を通して、浮力・抵抗・重力に適応しながら姿勢を安定させ、手足で水を捉え・押し・支える基本的な身体操作ができるようになる。スカリングを基盤に、水中動作の基礎原理を理解し、クロール・背泳ぎ・平泳ぎの基本動作を安定して実施できるようになる。,各回の予習・復習には約90分～120分かかると想定されます。,"1:
第1回
ガイダンス（競泳競技規則）
2:
第2回
クロール１（キック，プル）スカリング
3:
第3回
クロール２（コンビネーション）スカリング
4:
第4回
クロール　実技テスト25m，観察，振り返り
5:
第5回
背泳ぎ１（キック、プル）スカリング
6:
第6回
背泳ぎ２（コンビネーション）スカリング
7:
第7回
背泳ぎ　実技テスト25m，観察，振り返り
8:
第8回
平泳ぎ１（キック、プル）スカリング
9:
第9回
平泳ぎ２（コンビネーション）スカリング
10:
第10回
平泳ぎ　実技テスト25m，観察，振り返り
11:
第11回
3泳法練習１（クロール・背泳ぎ・平泳ぎ反復練習）
12:
第12回
3泳法練習２（泳法間の違いを比較理解）
13:
第13回
ウォーターセーフティとウォーターコンピテンス、招聘講師予定
14:
第14回
スカリングと泳法動作の関連，到達度の確認",新水泳指導教本（大修館書店）,,"割合
評価基準
試験:
70％
実技テストによる課題
レポート:
出席状況、授業への参加状況によって課題を与える場合がある
平常点評価:
30％
２／３以上の出席および実技参加","・第１回目から実技を行うので、相応の準備をしてくること。
・水着（華美でないもの、スポーツ用）、ゴーグル、キャップは各自準備すること（必須）。
・感染症対策の徹底に協力してください（手指及び使用した機材の消毒）
・実技中の貴重品は各自管理のこと
・社会情勢により、計画は変更する場合があります。
・成績評価には実技出席の２／３が必要になります。
・下記のものを公欠扱いとします（試合前の練習による欠席は考慮しません）。
・試合合宿参加証明書、忌引き、教育実習、介護体験実習、出席停止の疾病
・本授業で行う実技テストの結果は、日本水泳連盟の定める「ニチレイ泳力検定」の基準に照合し、該当する資格級を付与する。参考URL（
https://swim.or.jp/eiryokukentei/
）",HSST111W,健康／スポーツ科学,スポーツコーチング,スポーツ方法学,初級レベル（入門・導入）,スポーツ方法実習α群,１年以上,1,日本語,【対面】
2026,HSST111W,スポーツ方法実習I（器械運動）　03,土屋　純,スポーツ,秋学期,月３時限,スポーツホール実習室２,学校体育の７運動領域の一つである「器械運動」で取り扱われる内容のうち、「......,2000002106032026200000210620,,"学校体育の７運動領域の一つである「器械運動」で取り扱われる内容のうち、「マット運動」、「とび箱」の内容を取り扱う。具体的には、以下のような課題「技」を設定し、その習得と習熟をはかることを通して、中学校・高等学校保健体育科教員として「器械運動」を指導する上で最低限必要な技能の習得とその指導方法を学習する。
マット運動
・倒立
・側方倒立回転
・側方倒立回転とび（ロンダート）
・前転、開脚前転、伸膝前転、倒立前転
・後転、開脚後転、伸膝後転、後転倒立
とび箱
・開脚とび
・閉脚とび
・屈身とび
・台上前転",上記に示した技ができるようになる。さらにその指導方法を理解できる。,各回の予習・復習には約90分～120分かかると想定されます。,"1:
第１回
ガイダンス
2:
第２回
テーマ：マット運動・倒立、内容：さまざまな倒立の経験と倒立の重要性
3:
第３回
テーマ：マット運動・側方倒立回転、内容：側方倒立回転の技術解説と練習方法の実習
4:
第４回
テーマ：マット運動・側方倒立回転とび、内容：側方倒立回転とびの技術解説と練習方法の実習
5:
第５回
テーマ：マット運動・前転、内容：前転の技術解説と練習方法の実習
6:
第６回
テーマ：マット運動・後転、内容：後転の技術解説と練習方法の実習
7:
第７回
テーマ：とび箱・導入、内容：とび箱と馬跳びの関連と注意点
8:
第８回
テーマ：とび箱・切り返し系、内容：切り返し系技の技術解説と練習方法の実習
9:
第９回
テーマ：とび箱・回転系、内容：回転系技の技術解説と練習方法の実習
10:
第10回
テーマ：各自課題練習（マット運動）
11:
第11回
テーマ：各自課題練習（跳び箱運動）
12:
第12回
テーマ：技能到達度の確認と解説（マット運動接触回転系）
13:
第13回
テーマ：技能到達度の確認と解説（マット運動回転系）
14:
第14回
テーマ：技技能到達度の確認と解説（跳び箱運動）",なし,なし,"割合
評価基準
試験:
40％
第13、14、15回の授業時の技能到達度の確認によって課題技の習熟度を評価する。上記課題技が習得できない場合は単位の認定はなされない。
平常点評価:
60％
毎回の授業での取り組みの姿勢について評価する。なお、欠席が4回以上の場合には単位の認定はなされない。",教員養成を主眼とした実習であるので、履修者は教員志望であることが望ましく、授業参加に際してはそうした自覚を求める。,HSST111W,健康／スポーツ科学,スポーツコーチング,スポーツ方法学,初級レベル（入門・導入）,スポーツ方法実習α群,１年以上,1,日本語,【対面】
2026,HSST111W,スポーツ方法実習I（器械運動）　04,水島　宏一,スポーツ,秋学期,月１時限,スポーツホール実習室２,学校体育の７運動領域の一つである「器械運動」で取り扱われる内容のうち、「......,2000002106042026200000210620,,"学校体育の７運動領域の一つである「器械運動」で取り扱われる内容のうち、「マット運動」、「とび箱」の内容を取り扱う。具体的には、以下のような課題「技」を設定し、その習得と習熟をはかることを通して、中学校・高等学校保健体育科教員として「器械運動」を指導する上で最低限必要な技能の習得とその指導方法を学習する。
マット運動
・倒立
・側方倒立回転
・側方倒立回転とび（ロンダート）
・前転、開脚前転、伸膝前転、倒立前転
・後転、開脚後転、伸膝後転、後転倒立
とび箱
・開脚とび
・閉脚とび
・屈身とび
・台上前転",上記に示した技ができるようになる。さらにその指導方法を理解できる。,各回の予習・復習には約90分～120分かかると想定されます。,"1:
第１回
ガイダンス
2:
第２回
テーマ：マット運動・倒立、内容：さまざまな倒立の経験と倒立の重要性
3:
第３回
テーマ：マット運動・側方倒立回転、内容：側方倒立回転の技術解説と練習方法の実習
4:
第４回
テーマ：マット運動・側方倒立回転とび、内容：側方倒立回転とびの技術解説と練習方法の実習
5:
第５回
テーマ：マット運動・前転、内容：前転の技術解説と練習方法の実習
6:
第６回
テーマ：マット運動・後転、内容：後転の技術解説と練習方法の実習
7:
第７回
テーマ：とび箱・導入、内容：とび箱と馬跳びの関連と注意点
8:
第８回
テーマ：とび箱・切り返し系、内容：切り返し系技の技術解説と練習方法の実習
9:
第９回
テーマ：とび箱・回転系、内容：回転系技の技術解説と練習方法の実習
10:
第10回
テーマ：各自課題練習（マット運動）
11:
第11回
テーマ：各自課題練習（跳び箱運動）
12:
第12回
テーマ：技能到達度の確認と解説（マット運動接触回転系）
13:
第13回
テーマ：技能到達度の確認と解説（マット運動回転系）
14:
第14回
テーマ：技技能到達度の確認と解説（跳び箱運動）",なし,なし,"割合
評価基準
試験:
40％
第13、14、15回の授業時の技能到達度の確認によって課題技の習熟度を評価する。上記課題技が習得できない場合は単位の認定はなされない。
平常点評価:
60％
毎回の授業での取り組みの姿勢について評価する。なお、欠席が4回以上の場合には単位の認定はなされない。",教員養成を主眼とした実習であるので、履修者は教員志望であることが望ましく、授業参加に際してはそうした自覚を求める。,HSST111W,健康／スポーツ科学,スポーツコーチング,スポーツ方法学,初級レベル（入門・導入）,スポーツ方法実習α群,１年以上,1,日本語,【対面】
2026,HSST111W,スポーツ方法実習I（バレーボール）　06,南　英樹,スポーツ,秋学期,火３時限,東伏見ｽﾎﾟｰﾂﾎｰﾙ（1F アリーナ）,バレーボールは、体育の教材として小学校（ソフトバレー）、中学校、高校およ......,2000002108062026200000210820,,バレーボールは、体育の教材として小学校（ソフトバレー）、中学校、高校および大学で広く用いられている。さらに、学校における部活動、社会スポーツや職場スポーツにおいても幅広く愛好されているポピュラーなスポーツである。なぜなら、バレーボールはレクリエーショナル・スポーツとして編み出された歴史があり、敵と味方が入り乱れることがないので、戦術を展開しやすく、チームワークが発揮されやすいという利点を持つからである。本授業では、理論的な裏付けを基に、基本動作、技術およびフォーメーションなどを確実に身につけると同時に、多くのゲームを通してバレーボールの効果的な指導の手順、方法、ルール・審判法および試合の運営方法についても習得することを目的とする。それらを通じて、バレーボールの「楽しさ」「面白さ」「喜び」などを体験することも目的の一つである。,バレーボールの攻撃技術と防衛技術の基礎・基本の習得と共に、バレーボールの特性を理解する。また、バレーボールに必要とされる技術･体力を高める。主なルールを理解する。,各回の予習・復習には約90分～120分かかると想定されます。,"1:
第１回　ガイダンス・オリエンテーション 怪我や事故のない安全な環境づくり
バレーボールに多い怪我
バレーボール競技誕生時のルールにもとづくゲーム
2:
第２回　競技特性の理解
バレーボールに特有の環境特性
バレーボール競技誕生時のルールにもとづくゲーム (改)
3:
第３回　ルールの理解
公平・公正な競技環境づくりの基礎
現在の競技ルールにもとづくゲーム
4:
第４回　ゲームを楽しむためのバイオメカニクス ①
アンダー・パス と オーバーハンド・パス を科学する
運動効率を追求しながらのゲーム
5:
第５回　ゲームを楽しむためのバイオメカニクス ②
有効なヒッティングと ボール・セット (トス) の関係
運動効率を追求しながらのゲーム
6:
第６回　ゲームを楽しむためのバイオメカニクス ③
バックアタックとフロントアタックの技術的な違いを理解する
運動効率を追求しながらのゲーム
7:
第７回　競技としての バレーボール への導入　①
前後グループチェンジ・ルール　(ポジション特性と役割分担) によるゲーム
戦術を展開するゲーム
8:
第８回　競技としてのバレーボールへの導入　②
ローテーション ･ ルールの理解
戦術を展開するゲーム
9:
第９回　競技としてのバレーボールへの導入　③
レセプション・システムに役割を反映させる
戦術を展開するゲーム
10:
第10回　コンビネーションによる攻撃の展開 ①
テンポの概念の理解 と 時間差攻撃
戦術を発展させたゲーム
11:
第11回　コンビネーションによる攻撃の展開 ②
レセプション・システムとコンビネーション攻撃
戦術を発展させたゲーム
12:
第12回　コンビネーションによる攻撃の展開 ③
ディグ・フォーメーションの理解
戦術を発展させたゲーム
13:
第13回　チームづくり　①
組織形成と役割分担
監督、キャプテン、コーチ、マネージャー、アナリスト、トレーナー
14:
第14回　チームづくり　②
共有されるべきスポーツの哲学
理想とその実現過程、過去-現在-未来",特に指定しない,必要に応じて資料を配布。指定文献を適宜指示する。,"割合
評価基準
試験:
30％
実習中に攻撃・守備の技術習得についてのスキルテストを行う。
レポート:
10％
基礎・基本技術の習得に関する課題を適時与える。
平常点評価:
60％
出席点を重視して、W-upに取り組む姿勢や体力向上の意欲、技術習得に対する意欲、仲間との協力姿勢を評価対象とする。",,HSST111W,健康／スポーツ科学,スポーツコーチング,スポーツ方法学,初級レベル（入門・導入）,スポーツ方法実習α群,１年以上,1,日本語,【対面】
2026,HSST111W,スポーツ方法実習I（バレーボール）　07,南　英樹,スポーツ,秋学期,火４時限,東伏見ｽﾎﾟｰﾂﾎｰﾙ（1F アリーナ）,バレーボールは、体育の教材として小学校（ソフトバレー）、中学校、高校およ......,2000002108072026200000210820,,バレーボールは、体育の教材として小学校（ソフトバレー）、中学校、高校および大学で広く用いられている。さらに、学校における部活動、社会スポーツや職場スポーツにおいても幅広く愛好されているポピュラーなスポーツである。なぜなら、バレーボールはレクリエーショナル・スポーツとして編み出された歴史があり、敵と味方が入り乱れることがないので、戦術を展開しやすく、チームワークが発揮されやすいという利点を持つからである。本授業では、理論的な裏付けを基に、基本動作、技術およびフォーメーションなどを確実に身につけると同時に、多くのゲームを通してバレーボールの効果的な指導の手順、方法、ルール・審判法および試合の運営方法についても習得することを目的とする。それらを通じて、バレーボールの「楽しさ」「面白さ」「喜び」などを体験することも目的の一つである。,バレーボールの攻撃技術と防衛技術の基礎・基本の習得と共に、バレーボールの特性を理解する。また、バレーボールに必要とされる技術･体力を高める。主なルールを理解する。,各回の予習・復習には約90分～120分かかると想定されます。,"1:
第１回　ガイダンス・オリエンテーション 怪我や事故のない安全な環境づくり
バレーボールに多い怪我
バレーボール競技誕生時のルールにもとづくゲーム
2:
第２回　競技特性の理解
バレーボールに特有の環境特性
バレーボール競技誕生時のルールにもとづくゲーム (改)
3:
第３回　ルールの理解
公平・公正な競技環境づくりの基礎
現在の競技ルールにもとづくゲーム
4:
第４回　ゲームを楽しむためのバイオメカニクス ①
アンダー・パス と オーバーハンド・パス を科学する
運動効率を追求しながらのゲーム
5:
第５回　ゲームを楽しむためのバイオメカニクス ②
有効なヒッティングと ボール・セット (トス) の関係
運動効率を追求しながらのゲーム
6:
第６回　ゲームを楽しむためのバイオメカニクス ③
バックアタックとフロントアタックの技術的な違いを理解する
運動効率を追求しながらのゲーム
7:
第７回　競技としての バレーボール への導入　①
前後グループチェンジ・ルール　(ポジション特性と役割分担) によるゲーム
戦術を展開するゲーム
8:
第８回　競技としてのバレーボールへの導入　②
ローテーション ･ ルールの理解
戦術を展開するゲーム
9:
第９回　競技としてのバレーボールへの導入　③
レセプション・システムに役割を反映させる
戦術を展開するゲーム
10:
第10回　コンビネーションによる攻撃の展開 ①
テンポの概念の理解 と 時間差攻撃
戦術を発展させたゲーム
11:
第11回　コンビネーションによる攻撃の展開 ②
レセプション・システムとコンビネーション攻撃
戦術を発展させたゲーム
12:
第12回　コンビネーションによる攻撃の展開 ③
ディグ・フォーメーションの理解
戦術を発展させたゲーム
13:
第13回　チームづくり　①
組織形成と役割分担
監督、キャプテン、コーチ、マネージャー、アナリスト、トレーナー
14:
第14回　チームづくり　②
共有されるべきスポーツの哲学
理想とその実現過程、過去-現在-未来",特に指定しない,必要に応じて資料を配布。指定文献を適宜指示する。,"割合
評価基準
試験:
30％
実習中に攻撃・守備の技術習得についてのスキルテストを行う。
レポート:
10％
基礎・基本技術の習得に関する課題を適時与える。
平常点評価:
60％
出席点を重視して、W-upに取り組む姿勢や体力向上の意欲、技術習得に対する意欲、仲間との協力姿勢を評価対象とする。",,HSST111W,健康／スポーツ科学,スポーツコーチング,スポーツ方法学,初級レベル（入門・導入）,スポーツ方法実習α群,１年以上,1,日本語,【対面】
2026,HSST111W,スポーツ方法実習I（サッカー）　03,檜山　康,スポーツ,秋学期,月２時限,01:１００-１１６ 01:所沢野球場 01:スポーツホール実習室１A 01:スポーツホール実習室１B,サッカーの本質はプレーする楽しさにある。楽しむための本質的な要素は、レベル......,2000002114032026200000211420,,"サッカーの本質はプレーする楽しさにある。楽しむための本質的な要素は、レベルに関係なく存在する。
本授業では、楽しむための本質的な要素について、様々なゲーム形式のトレーニングを行いながら学んでいく。
どのようなレベルの人たちでも「わかる」ことによって「できる」ようになることはたくさんあることを知って欲しい。そのような体験を積むことによって、サッカーを高いレベルで楽しむことを知って欲しいと考えている。
方法実習Ⅰでは主に個人レベルの戦術について「わかる」から「できる」という経験をして欲しいと考えている。",サッカーのプレーに必要とされる個人スキルの習得と戦術の理解。,各回の予習・復習には約90分～120分かかると想定されます。,"1:
第１回
サッカーを楽しむとはどういうことか？
戦術・技術について知る→経験する→実感する
2:
第２回
ボールなしの動き
複数人で動くことの難しさ→角度を取ること→体の向き
3:
第３回
ボールなしの動き・サポート・切り替え
トレーニングメニューの作り方→動きのタイミング→サポートの仕方
4:
第４回
ドリブル・ボールコントロール
ドリブルのポイント→ボールキープの方法→ボールキープとドリブルの組み合わせ
5:
第５回
プレーの先取り
予測→味方の動きを見る→動きの連動
6:
第６回
判断のスピード
移動スピードとは異なる→３人目の動き→動きの連動
7:
第７回
１対１の対応と全体に対する影響
間合い→ゲームへの影響→間合いの作り方
8:
第８回
チームワークとは？
目標を立てる→チーム全体が目標に向かう→プレーでの表現
9:
第９回
チャレンジ＆カバー
守備の連動→攻撃の連動
10:
第10回
攻撃の幅・周りを見る
どこをサポートするか判断する→配球を大きくする→動き出す
11:
第11回
動き出しのタイミング
攻撃と守備の連続性→パスが回る状況を考える
12:
第12回
切り替え・連動の基礎
攻守に切り替え時に何が生じているか→どのような状態にすれば有利になるか
13:
第13回
数的優位を生かす・組み立て
数的優位の作り方→数的優位を生かした組み立て
14:
第14回
後方からのサポート・プレーのプランを持つこと
囮の動き→組み立て→突破",,トップパフォーマンスへの挑戦（スポーツ科学学術院編監修、2007、ベースボールマガジン社）,"割合
評価基準
試験:
50％
実技テスト（リフティング）
レポート:
20％
授業内容の理解の程度
平常点評価:
30％
出席状況及び授業への取り組み方",実技に際しては、安全管理の観点から、足首を完全にカバーできるストッキングを着用すること。眼鏡・時計・アクセサリー類の着用は厳禁とします。,HSST111W,健康／スポーツ科学,スポーツコーチング,スポーツ方法学,初級レベル（入門・導入）,スポーツ方法実習α群,１年以上,1,日本語,【対面】
2026,HSST111W,スポーツ方法実習I（サッカー）　04,檜山　康,スポーツ,秋学期,月３時限,01:１００-１１６ 01:所沢野球場 01:スポーツホール実習室１A 01:スポーツホール実習室１B,サッカーの本質はプレーする楽しさにある。楽しむための本質的な要素は、レベル......,2000002114042026200000211420,,"サッカーの本質はプレーする楽しさにある。楽しむための本質的な要素は、レベルに関係なく存在する。
本授業では、楽しむための本質的な要素について、様々なゲーム形式のトレーニングを行いながら学んでいく。
どのようなレベルの人たちでも「わかる」ことによって「できる」ようになることはたくさんあることを知って欲しい。そのような体験を積むことによって、サッカーを高いレベルで楽しむことを知って欲しいと考えている。
方法実習Ⅰでは主に個人レベルの戦術について「わかる」から「できる」という経験をして欲しいと考えている。",サッカーのプレーに必要とされる個人スキルの習得と戦術の理解。,各回の予習・復習には約90分～120分かかると想定されます。,"1:
第１回
サッカーを楽しむとはどういうことか？
戦術・技術について知る→経験する→実感する
2:
第２回
ボールなしの動き
複数人で動くことの難しさ→角度を取ること→体の向き
3:
第３回
ボールなしの動き・サポート・切り替え
トレーニングメニューの作り方→動きのタイミング→サポートの仕方
4:
第４回
ドリブル・ボールコントロール
ドリブルのポイント→ボールキープの方法→ボールキープとドリブルの組み合わせ
5:
第５回
プレーの先取り
予測→味方の動きを見る→動きの連動
6:
第６回
判断のスピード
移動スピードとは異なる→３人目の動き→動きの連動
7:
第７回
１対１の対応と全体に対する影響
間合い→ゲームへの影響→間合いの作り方
8:
第８回
チームワークとは？
目標を立てる→チーム全体が目標に向かう→プレーでの表現
9:
第９回
チャレンジ＆カバー
守備の連動→攻撃の連動
10:
第10回
攻撃の幅・周りを見る
どこをサポートするか判断する→配球を大きくする→動き出す
11:
第11回
動き出しのタイミング
攻撃と守備の連続性→パスが回る状況を考える
12:
第12回
切り替え・連動の基礎
攻守に切り替え時に何が生じているか→どのような状態にすれば有利になるか
13:
第13回
数的優位を生かす・組み立て
数的優位の作り方→数的優位を生かした組み立て
14:
第14回
後方からのサポート・プレーのプランを持つこと
囮の動き→組み立て→突破",,トップパフォーマンスへの挑戦（スポーツ科学学術院編監修、2007、ベースボールマガジン社）,"割合
評価基準
試験:
50％
実技テスト（リフティング）
レポート:
20％
授業内容の理解の程度
平常点評価:
30％
出席状況及び授業への取り組み方",実技に際しては、安全管理の観点から、足首を完全にカバーできるストッキングを着用すること。眼鏡・時計・アクセサリー類の着用は厳禁とします。,HSST111W,健康／スポーツ科学,スポーツコーチング,スポーツ方法学,初級レベル（入門・導入）,スポーツ方法実習α群,１年以上,1,日本語,【対面】
2026,HSST111W,スポーツ方法実習I（バドミントン）,渡辺　英次,スポーツ,秋学期,金１時限,01:１００-２０５ 01:スポーツホール実習室１A 01:スポーツホール実習室１B,日本には、バドミントンによく似た遊びに「羽根つき」がある。手や足を使って......,2000002122012026200000212220,,"日本には、バドミントンによく似た遊びに「羽根つき」がある。手や足を使って、あるいは、棒や板を使って、台に羽根を植え込んだものを打ち合う遊戯は世界各地で見られる。バドミントンは、こうした遊びが競技化されたもので、名称はイギリスのグロスターシャ州にあるバドミントンハウスに由来している。打ち出されたシャトルの動きは、スピーディで変化に富み、一流選手のスマッシュでは初速400ｋｍを超える。その一方で、スカートをはいたシャトルの形状から独特の飛行曲線を描きながら急減速するためラリーを続けることがとても容易であり、老若男女、誰でもが簡単にプレーを楽しむことが出来る特徴を有している。本邦では近年、各種目で世界top10入りし、メディアでも多く取り上げられたこともあり、競技人口が増加傾向にある。
本授業では、学校・企業・生涯スポーツの指導現場等で、羽根つき遊びからバドミントン競技に至るまでの技術習得の追体験を実践しながら技能向上を目指すとともに、対象に応じた指導方法やケガの予防含めて皆が安全に楽しくプレーするためにどのようにしたら良いのかを常に考え、実習を行う。
※この科目は主として実践的な教育が行われる科目です。",1．ルール、マナーを正しく理解し、実践できる。,各回の予習・復習には約90分～120分かかると想定されます。,"1:
第１回
オリエンテーション［
競技の特徴、教材、心構え、安全管理、評価等についての説明を行う
、競技の映像を見る、競技の状況、情報を知る］
【事前学習】競技を指導する立場になることについて、各自考えをまとめておくこと。
【事後学習】学修内容、取り組みを省察し、各自使用する用具、環境を確認すること。
2:
第２回
初歩的技術解説と実習Ⅰ［シャトル、ラケットの動き、環境（教場）の確認。体つくり・体ほぐし、模範演技等によって競技特性を理解する］
【事前学習】各ショットのフライトについて動画等閲覧し確認すること。
【事後学習】学修内容、取り組みを省察し、シャトル、ラケットの動きを確認すること。
3:
第３回
初歩的技術解説と実習Ⅱ［フットワーク、ラケットワークの理解］
【事前学習】フットワーク，ラケットワークについて動画等閲覧し確認すること。自身の体のコンディションを客観的に把握すること。
【事後学習】学修内容、取り組みを省察し、教材や動画を見て動きを確認すること。
4:
第４回
段階別技術実習Ⅰ［ドライブ、ヘアピン］
【事前学習】各ショットの打ち方、フライトを理解すること。
【事後学習】学修内容、取り組みを省察し、ショットの使用場面を理解すること。
5:
第５回
段階別技術実習Ⅱ［サーブ、ハイクリア］
【事前学習】各ショットの打ち方、フライトを確認すること。
【事後学習】学修内容、取り組みを省察し、ショットの使用場面を理解し、サーブ周りのルールを確認すること。
6:
第６回
段階別技術実習Ⅲ［ドロップ、スマッシュ］
【事前学習】各ショットの打ち方、フライトを確認すること。
【事後学習】学修内容、取り組みを省察し、正しいフォームについて確認すること。
7:
第７回
段階別技術実習4［コンビネーションプレー、コートの制約のあるゲーム］
ケガ・安全管理［バドミントンに多いケガ、体育館での振る舞い、リスクについて確認する］
【事前学習】競技の動きを確認し、スポーツに多いケガを確認すること。 （1時間）
【事後学習】学修内容、取り組みを省察し、正しい動きとケガの予防について確認すること。 （1時間）
8:
第８回
段階別技術実習5［ルールの制約のあるゲーム、道具の制約のあるゲーム］
ルールを知る［競技規則を見て、ルールを正しく理解する］
【事前学習】基本的なルールについて調べること。
【事後学習】学修内容、取り組みを省察し、ルールの疑問点について調べること。
9:
第９回
シングルスゲームの進め方［審判法の学習］
マナー、大会運営を知る［マナー、エチケット、スポーツマンシップとフェアプレーを理解する、大会運営について学ぶ］
【事前学習】シングルスのルールを確認すること。自分が行っているスポーツのマナー、エチケットを確認すること。
【事後学習】学修内容、取り組みを省察し、教材や動画を見てスポーツマンシップをフェアプレーについて考えること。
10:
第10回
ダブルスゲームの進め方［審判法の学習］
バドミントン選手の運動能力［競技に必要な運動能力について考える］
【事前学習】ダブルスのルールを確認すること。競技特性から、必要な運動能力について調べること。
【事後学習】学修内容、取り組みを省察し、競技の動きを確認すること。
11:
第11回
大会実習1［個人戦の進め方］
体育施設の状況を知る［スポーツを継続するために各施設のガイドラインを知る］
【事前学習】各種大会のドロー、タイムテーブルなどを確認すること。近隣の体育施設の状況を確認すること。
【事後学習】学修内容、取り組みを省察し、各施設の状況について調べること。
12:
第12回
大会実習2［団体戦の進め方］
ルールについて考える［アダプテッドスポーツについて考える］
【事前学習】各種大会のドロー、タイムテーブルなどを確認すること。オリンピック、パラリンピックのルールについて調べること。
【事後学習】学修内容、取り組みを省察し、国内、国際大会の状況について調べること。
13:
第13回
技術チェック［技術習熟度の確認。サーブテスト］
【事前学習】各ショットの良い打ち方を再確認すること。
【事後学習】学修内容、取り組みを省察し、うまくいかなかった点など課題を見つけて取り組むこと。
14:
第14回
理解度チェック［競技に関する理解度の確認。本授業のまとめ、質問、解説］
【事前学習】これまで学んだバドミントンに関する知識、ルール、マナー、情報について確認すること。
【事後学習】学修内容、取り組みを省察し、疑問点、間違えた点について確認すること。",必要がある場合は授業内で紹介します。,授業時に適宜紹介します。,"割合
評価基準
試験:
40％
技能・理解度を評価する。
平常点評価:
60％
授業に対する積極的な取り組みや、準備・片付けを含めた仲間との協力的な姿勢等総合的に評価する。","運動に適した服装（運動服）、室内履きを準備すること。
教育実習・就職活動・試合等の予定が入っており、証明書等が出ている場合は必ず本人が届け出ること。
各種連絡にはWaseda Moodleを使用します。",HSST111W,健康／スポーツ科学,スポーツコーチング,スポーツ方法学,初級レベル（入門・導入）,スポーツ方法実習β群,１年以上,1,日本語,【対面】
2026,HSST111W,スポーツ方法実習I（ソフトボール）,一之瀬　貴,スポーツ,秋学期,火３時限,01:１００-１１９ 01:所沢野球場,ソフトボールは、小学校体育のボール運動や中学校・高等学校体育の球技におい......,2000002124012026200000212420,,"ソフトボールは、小学校体育のボール運動や中学校・高等学校体育の球技において、ベースボール型スポーツの学習教材としてたいへん重視されている。また、地域や職場ではソフトボールがレクリエーションスポーツとして広く親しまれている。このように、ソフトボールは老若男女を問わず、いつでも、どこでも、だれでも楽しくプレーできるため、我が国で最も人気の高いスポーツの一つといえる。
本授業では、競技スポーツとしてのソフトボールだけでなく、学校体育や生涯スポーツとしてのソフトボールも総合的に学習する。",本授業では、様々な対象者に応じたソフトボールのプレーの仕方や楽しみ方を指導できるようになること、ウインドミル投法等のソフトボールの基本技術を模範提示できるようになることを目標とする。,復習として、授業中に学習したウインドミル投法の反復練習、段階的な技術指導方法の動画視聴を適宜課す。予習として、スローピッチソフトボールのルール、ファーストピッチソフトボールのルール、ピッチングの考え方等の事前学習を適宜課す。復習・予習には30分～60分程度かかると想定される。,"1:
第１回
オリエンテーション（授業内容・スケジュール、成績評価の説明）
2:
第２回
スローイング、キャッチング（ゴロ、フライ）
3:
第３回
ティーバッティング（狙い打つ、遠くへ飛ばす）
4:
第４回
ウインドミル投法１（基礎）、内野ダブルプレー
5:
第５回
ウインドミル投法２（基礎）、内外野カットオフプレー
6:
第６回
ウインドミル投法３（実践）、トスバッティング（狙い打つ、遠くへ飛ばす）
7:
第７回
ウインドミル投法４（実践）、トスバッティング（メジャーリーグゲーム）
8:
第８回
スローピッチソフトボールの試合１　歴史
9:
第９回
スローピッチソフトボールの試合２　ルールと競技特性
10:
第10回
スローピッチソフトボールの試合３　戦術
11:
第11回
ファーストピッチソフトボールの試合１　ルールと競技特性
12:
第12回
ファーストピッチソフトボールの試合２　戦術
13:
第13回
ティーボールの試合
14:
第14回
授業総括",,,"割合
評価基準
レポート:
10％
課題に対して授業で学習した内容を基に自らの考えをまとめられるかどうかを評価する。
平常点評価:
90％
授業への出席を最も重視する。その上、授業での積極的なプレー、他者への声がけ、チームワークの醸成、およびウインドミル投法の技術習得レベル等をみて総合的に評価する。","・第１回目の授業では教室でオリエンテーションを行う。
・全体を通じて実技中心の授業となるが、ルールや審判法等については授業中に適宜説明する。
・雨天時にはWaseda Moodleでソフトボールに関する課題を課す予定である。
・「投げる」「打つ」「捕る」「走る」といったソフトボールの基本動作を一から学習するので、男女を問わず、未経験者の受講も歓迎する。",HSST111W,健康／スポーツ科学,スポーツコーチング,スポーツ方法学,初級レベル（入門・導入）,,１年以上,1,日本語,【対面】
2026,HSST111W,スポーツ方法実習I（合気道）　03,佐藤　忠之,スポーツ,秋学期,火３時限,武道場,合気道を近代化して合気道競技を創始した富木謙治は幼少時から柔道を学び、大正......,2000002132032026200000213220,,"合気道を近代化して合気道競技を創始した富木謙治は幼少時から柔
道を学び、
大正時代末の早大学生時分には名手として鳴らしました。
その頃から武道界に於いて注目され始めていた新進武道の合気道を
創始者に就いて修行を開始し、
柔道と合気道の両技法を比較しながら統一的に理解し、
柔術史の中に柔道と合気道を科学的に位置づけました。すなわち、
互いに襟袖に組み付いて競い合う柔道と、
離れて拳や武器の攻撃に対応する合気道とを、
画然と分類したのです。
この授業では合気道の基本技能を総合的な比較の観点で学習します
。",合気道とは何か？柔道や剣道、空手などとどう違うのか？という知識の概要から、技術習得のための基本動作を学ぶ。基本動作の習熟にあわせて基本わざの学び方から、教え方へと触れる。,各回の復習と次回への予習には約30分程度はかかると想定される,"1:
第１回
導入　授業ガイダンス
2:
第２回
合気道の概要と導入実技ならびに理論
3:
第３回
目付・間合・構え・姿勢
礼法　受身法　運足法の講義および実習
4:
第４回
第３回の復習および基本動作（手刀の働き）の概要実習と実技
5:
第５回
根幹基本技能の習熟（運足・手刀動作）、受身
6:
第６回
根幹基本技能の習熟および基本技の学習
7:
第７回
根幹基本技能の習熟および基本技の学習
8:
第８回
根幹基本技能の習熟および基本技の学習
9:
第９回
根幹基本技能の習熟および基本技の学習
10:
第10回
根幹基本技能の習熟および基本技の学習
11:
第11回
根幹基本技能の習熟および基本技の学習
12:
第12回
履修内容のまとめと到達度の確認への準備①
13:
第13回
履修内容のまとめと到達度の確認への準備②
14:
第14回
到達度確認と反省","合気道の自修帖（基本編）　佐藤忠之著
授業中に渡すプリント類",武道論（大修館）　富木謙治著,"割合
評価基準
試験:
50％
全授業1４回中、規定出席数を満たした出席者にのみ到達度確認実技を課す。
なお、オンライン授業の場合は別案を以てアナウンスする。
レポート:
やむを得ない状況の発生や特別の場合以外は、課さない。
出席日数不足、到達度確認に於いて及第点以下の者に課す場合がある。
平常点評価:
50％
全授業1４回中、規定出席数を満たした出席者に対して評価する。
その他:
上記内容は臨機応変に、その都度最善を図って変更することがある。","基本的に教場に於ける対面授業を原則とする。
対面授業の場合、服装については道衣着用を厳則とする。
初回授業は授業進行案内ほか履修内容のオリエンテーションを行いますので
必ずしも道衣の必要はありません。ただし、次回以降は道衣を必要とします。
なお道衣の貸し出しは衛生上原則的にありません。",HSST111W,健康／スポーツ科学,スポーツコーチング,スポーツ方法学,初級レベル（入門・導入）,,１年以上,1,日本語,【対面】
2026,HSST111W,スポーツ方法実習I（フィットネス）　03,太田　章,スポーツ,秋学期,金３時限,01:スポーツホール実習室２ 01:武道場,本授業は自ら体を操るところからのフィットネストレーニングの運動方法を学ぶ......,2000002134032026200000213420,Fitnessを体験しよう？！,"本授業は自ら体を操るところからのフィットネストレーニングの運動方法を学ぶ。
１．身体の柔らかさ及び巧みな動きを高めるための運動
２．力強い動きを高める運動
３．動きを持続する能力を高める運動
すなわち、心拍数から見てみるエアロビクスなどの有酸素運動、筋肉に負荷を与えるレジスタンストレーニング、そして骨、骨格、靱帯、筋などの体を構成する部分の柔軟性を高めるストレッチングである。Ⅰでは主に基本動作を行う。
また、話題のFitness DVDなどの検証を行う。
毎回、３分２ラウンドのジョギング、２分３ラウンドの縄跳び、簡単なサーキットトレーニングを行った後に、入念なストレッチを行い、授業の内容に入ります。",フィットネスの基礎が理解できるようになり、トレーニングと筋力の関係が、わかるようになる。,各回の予習・復習には約90分～120分かかると想定されます。,"1:
第１回
オリエンテーション。実技を行うので着替えを持参のこと。
2:
第２回
基礎フィットネス、縄跳び、手押し車、二人で組んでするトレーニング、柔軟性向上のストレッチング
3:
第３回
基礎フィットネス、マット運動、ゲーム、部分トレーニング、柔軟性向上のストレッチング
4:
第４回
基礎フィットネス、ジョギング、ストレッチ、筋力トレーニング、柔軟性向上のストレッチング
5:
第５回
基礎フィットネス、エアロビクス、ストレッチ、細くするトレーニング、柔軟性向上のストレッチング
6:
第６回
基礎フィットネス、ボクササイズ、ストレッチ、部分トレーニング、柔軟性向上のストレッチング
7:
第７回
基礎フィットネス、キックボクササイズ、ストレッチ、筋トレーニング、柔軟性向上のストレッチング
8:
第８回
基礎フィットネス、ハイインパクトエアロビクス１、柔軟性向上のストレッチング
9:
第９回
基礎フィットネス、ローハイインパクトエアロビクス２、柔軟性向上のストレッチング
10:
第10回
基礎フィットネス、サーキットトレーニング、柔軟性向上のストレッチング
11:
第11回
基礎フィットネス、ウェイトサーキットトレーニング、柔軟性向上のストレッチング
12:
第12回
基礎フィットネス、キャットバンド、ブレード、ハードストレッチ、柔軟性向上のストレッチング
13:
第13回
基礎フィットネス、ハイインパクトエアロビクス、柔軟性向上のストレッチング
14:
第14回
基礎フィットネス、ハイインパクトエアロビクス、柔軟性向上のストレッチング、まとめ",,コピーにて配布する。,"割合
評価基準
レポート:
50％
レポート３本
平常点評価:
50％
出席点",,HSST111W,健康／スポーツ科学,スポーツコーチング,スポーツ方法学,初級レベル（入門・導入）,スポーツ方法実習β群,１年以上,1,日本語,【対面】
2026,HSST111W,スポーツ方法実習I（ダンス）　02,杉山　千鶴,スポーツ,秋学期,水４時限,01:１００-２０５ 01:スポーツホール実習室１A 01:スポーツホール実習室１B,本科目は主として実践的な教育が行われる科目である。文部科学省学習指導要領に......,2000002136022026200000213620,,"本科目は主として実践的な教育が行われる科目である。文部科学省学習指導要領に掲げられているダンスの3つの柱「創作ダンス」「現代的なリズムのダンス」「フォークダンス」のうち、創作ダンスに特化する。
内容としては、「踊る」「創る」の2点を行う。
１．「踊る」：その１・・・ストレッチ。深呼吸により新鮮な空気を全身に巡らせながら、軸と重心を確保し、そこに左右の半身を並べて整え、「踊る身体」を作る。
その２・・・創作にあたっては各自の身体語彙を用いる。そのため小品の学習を通して様々な振付を経験することを通して、自身の身体語彙を豊かにするとともに、多様な動きに順応できる身体を作る。
２．「創る」：創造的舞踊活動。自己の身体の持つ言語を駆使し、言いたいこと・やりたいことを作品化する。
またその過程において、指導者として作品創作を指導したり、或いは実践者として作品創作に取り組む際に留意する点、その過程において生じる課題等について見出し、検討・解決する。
以上の主体的経験によって、ダンスが創造性と独創性に満ち、自由な表現であることを知る。",１．踊る→自分の身体の語彙を豊かにする。,事前学習：動画サイトで多様なダンスを観る。（60分程度）,"1:
第1回：ガイダンス
本授業の内容と、本授業を進めるにあたって関わる点についての説明。
2:
第2回：ストレッチ、「踊る」の主体的体験①練習曲第1弾（１）　新しい語彙の体験
本授業で毎回行う「踊る身体」を作るストレッチについて、やり方・意識したい点等を説明しながら実践し、身体を通して感じ、理解する。
そして練習曲を教材に、これまでにあまり経験したことのなかった振付を学習し、身体の語彙を拡大する。
3:
第3回：「踊る」の主体的体験②練習曲第1弾（２）　ダンサーになる
振付をマスターする。
さらに作品の意味や意図をのせた踊り方、各自のこだわりや決めどころなどポイントや「見せ方」を押さえた踊り方を学習する。
4:
第4回：「踊る」から「創る」へ①練習曲第２弾（１）プロの振付に挑戦
（招聘講師予定）プロの舞踊家がその場で即興で創作した振付を学習する。
5:
第5回：「踊る」から「創る」へ②練習曲第２弾（２）続きを創ってみる
（ゲスト・スピーカー予定）前回の復習の後に、プロの舞踊家による新たな振付（複数で組むなど）を学習する。
そして少人数のグループで当該の舞踊家より出された「お題」にそって続きを創作し、つなげてみる。さらに当該の舞踊家が創作された振付を受けて新たにその続きを振り付けるのでこれを練習し、再びお題が出されるので、それにそって続きを創作する。
このように新たな振付の学習とお題に沿った創作という作業を繰り返し行う。授業時間の終わりには、最初から通す練習を繰り返し、作品の流れを作る。
6:
第6回：「踊る」から「創る」へ③練習曲第２弾（３）作品化と発表
（ゲスト・スピーカー予定）前回の復習の後に、プロの舞踊家による新たな振付を学習する。そして少人数のグループで当該の舞踊家より出された「お題」にそって続きを創作し、つなげて通して練習する。この新たな振付の学習とお題にそった創作という作業を繰り返す。
これをもって作品が完成するので、その後は通し練習を繰返して作品を仕上げ、発表する。
なお、発表の様子は記録として動画を撮影する。
7:
第7回：「創る」①創造的舞踊活動とは何か
①学校教育における創作ダンスの位置づけと意義、②創作ダンスという創造的な活動（＝創造的舞踊活動）、③創作ダンスを観るということについて講義する。
また今後、作品を創作するにあたっての注意事項や授業計画の詳細について説明し、参考として過去の事例を紹介する。
可能であればグルーピングを行い、テーマを検討する。
8:
第8回：「創る」②
テーマの決定、選曲、振付の開始
9:
第9回：「創る」③
振付と音合わせ、出来上がったところまでを通し練習
10:
第10回：「創る」④
振付と音合わせ、出来上がったところまでを通し練習。
当該の振付や場面を活かす空間構成の検討。
衣装や小道具等美術効果の検討。
11:
第11回：「創る」⑤
振付と音合わせを進め、振付を完了する。
空間構成を決め、作品の完成。
12:
第12回：「創る」⑥
通し稽古で踊り込み。
気になるところ、気付いたところを調整・修正し、作品を仕上げる。
衣装合わせ、小道具の扱いの練習。
13:
第13回：「創る」⑦リハーサル並びに大発表会
授業の前半の時間帯で最終練習。細かい部分を詰めて作品の完成度を上げる。また小道具や衣装を用いて練習し、扱いに慣れる。
授業の後半の時間帯で大発表会を開催する。自分とグループと作品に集中して踊り、そして手拍子や拍手で発表作品を盛り上げ、発表会という空間を作る。
なお、大発表会の様子は記録として動画を撮影する。
14:
第14回：総括
大発表会の動画観賞。改めて見つめることを通して各作品の内容と可能性を検討する。
創作ダンスについて考える。",なし。,なし,"割合
評価基準
試験:
25％
第6回目と第13回目の発表における創意工夫と表現の到達度。
レポート:
0％
状況に応じて課すことがある。
平常点評価:
60％
毎回の授業への参加状況・積極的な取組み
その他:
15％
随時課すシートへの記入内容","第１回目の授業は教場でガイダンスを行う。更衣不要、但し筆記具持参のこと。
なお第１回目の欠席者は、必ずWaseda Moodleよりガイダンス資料をダウンロードし熟読すること。
また状況により授業計画は変更する可能性がある。詳細は第1回目の授業で説明する。",HSST111W,健康／スポーツ科学,スポーツコーチング,スポーツ方法学,初級レベル（入門・導入）,スポーツ方法実習β群,１年以上,1,日本語,【対面】
2026,HSST111W,スポーツ方法実習I（レジスタンストレーニング）　03,加藤　智子,スポーツ,秋学期,木３時限,01:東伏見ｽﾎﾟｰﾂﾎｰﾙ（B1 ﾄﾚｰﾆﾝｸﾞﾙｰﾑ） 01:79-305講義室,抵抗を負荷することで身体の機能向上を図るResistance Trainingはスポーツ選......,2000002138032026200000213820,,"抵抗を負荷することで身体の機能向上を図るResistance Trainingはスポーツ選手はもとより、健康・体力づくり運動といった視点で一般成人においても広く実践されている。
不適切な方法での実施は傷害の発生を誘発する場合も少なくない。自ら実践するばかりでなく指導者として幅広く応用し得るレジスタンストレーニングの基本種目を習得することがねらいである。Deadlift（DL）、Squat（SQ）、Bench press（BP）、Power Clean（PC）を中心に、適切な挙上フォームを習得し、技能向上を目指す。また、トレーニングにおける補助や機器の扱いなどを含めた安全管理について、実践を通じて身につける。",Deadlift（DL）、Squat（SQ）、Bench press（BP）、Power Clean（PC）を中心に、安全に高重量を使用できる適切な挙上フォームを習得し、実践に耐えうる技術の向上を目指す。また、指導者としてもレジスタンストレーニングの基本種目を習得し、指導出来ることを最終目標とする。,各回の予習・復習には約90分～120分かかると想定されます。,"1:
第１回
オリエンテーション
2:
第２回
DL、BPの技術練習
3:
第３回
DL、PC、BPの技術練習
4:
第４回
DL、PC、SQの技術練習
5:
第５回
PC、SQ、BPの技術練習
6:
第６回
１RMの推定（nRMテスト；BP、SQ）
7:
第７回
グループ・トレーニング（12回×３）
8:
第８回
グループ・トレーニング（10回×３）
9:
第９回
グループ・トレーニング（８回×４）
10:
第10回
グループ・トレーニング（６回×４）、PCのフォームチェック
11:
第11回
グループ・トレーニング（３回×４）、PCのフォームチェック
12:
第12回
グループ・トレーニング（２回×５）、PCのフォームチェック
13:
第13回
１RM測定テスト（BP、SQ、PC）
14:
第14回
実技テスト（PC）",ストレングス＆コンディショニングⅡ［エクササイズ編］（大修館書店）,ストレングストレーニング＆コンディショニング第２版（ブックハウスHD）,"割合
評価基準
試験:
50％
教場にて実技試験を行います。
平常点評価:
50％
実技の授業なので、授業への出席と積極的な取り組みを評価します。",トレーニングウェア、シューズを着用すること。,HSST111W,健康／スポーツ科学,スポーツコーチング,スポーツ方法学,初級レベル（入門・導入）,スポーツ方法実習β群,１年以上,1,日本語,【対面】
2026,HSST111W,スポーツ方法実習I（レジスタンストレーニング）　04,加藤　智子,スポーツ,秋学期,木４時限,01:東伏見ｽﾎﾟｰﾂﾎｰﾙ（B1 ﾄﾚｰﾆﾝｸﾞﾙｰﾑ） 01:79-305講義室,抵抗を負荷することで身体の機能向上を図るResistance Trainingはスポーツ選......,2000002138042026200000213820,,"抵抗を負荷することで身体の機能向上を図るResistance Trainingはスポーツ選手はもとより、健康・体力づくり運動といった視点で一般成人においても広く実践されている。
不適切な方法での実施は傷害の発生を誘発する場合も少なくない。自ら実践するばかりでなく指導者として幅広く応用し得るレジスタンストレーニングの基本種目を習得することがねらいである。Deadlift（DL）、Squat（SQ）、Bench press（BP）、Power Clean（PC）を中心に、適切な挙上フォームを習得し、技能向上を目指す。また、トレーニングにおける補助や機器の扱いなどを含めた安全管理について、実践を通じて身につける。",Deadlift（DL）、Squat（SQ）、Bench press（BP）、Power Clean（PC）を中心に、安全に高重量を使用できる適切な挙上フォームを習得し、実践に耐えうる技術の向上を目指す。また、指導者としてもレジスタンストレーニングの基本種目を習得し、指導出来ることを最終目標とする。,各回の予習・復習には約90分～120分かかると想定されます。,"1:
第１回
オリエンテーション
2:
第２回
DL、BPの技術練習
3:
第３回
DL、PC、BPの技術練習
4:
第４回
DL、PC、SQの技術練習
5:
第５回
PC、SQ、BPの技術練習
6:
第６回
１RMの推定（nRMテスト；BP、SQ）
7:
第７回
グループ・トレーニング（12回×３）
8:
第８回
グループ・トレーニング（10回×３）
9:
第９回
グループ・トレーニング（８回×４）
10:
第10回
グループ・トレーニング（６回×４）、PCのフォームチェック
11:
第11回
グループ・トレーニング（３回×４）、PCのフォームチェック
12:
第12回
グループ・トレーニング（２回×５）、PCのフォームチェック
13:
第13回
１RM測定テスト（BP、SQ、PC）
14:
第14回
実技テスト（PC）",ストレングス＆コンディショニングⅡ［エクササイズ編］（大修館書店）,ストレングストレーニング＆コンディショニング第２版（ブックハウスHD）,"割合
評価基準
試験:
50％
教場にて実技試験を行います。
平常点評価:
50％
実技の授業なので、授業への出席と積極的な取り組みを評価します。",トレーニングウェア、シューズを着用すること。,HSST111W,健康／スポーツ科学,スポーツコーチング,スポーツ方法学,初級レベル（入門・導入）,スポーツ方法実習β群,１年以上,1,日本語,【対面】
2026,HSST111W,スポーツ方法実習I（スキー）,藤田　善也／岡田　利修,スポーツ,春季集中,無その他,実施場所未定,・尾瀬戸倉スキー場で秋学期授業終了後に3泊4日の合宿形式で行います。・将来教......,2000002146012026200000214620,,"・尾瀬戸倉スキー場で秋学期授業終了後に3泊4日の合宿形式で行います。
・将来教員を希望する学生、スポーツ・福祉関係の仕事につく学生、一般社会人として健康維持のためにスポーツを続けていく学生に対して、冬季スポーツとして最もポピュラーなスキーをより深く理解してもらうための授業です。
・スキーの醍醐味はもちろん、安全でかつ楽しいスキーをするための基本および基礎技術を徹底して学習し、上記に挙げたあらゆるシーンに応用できるスキー技術および指導技術を習得します。
・実習費用￥50,000予定（朝夕食宿泊費、リフト券代込。レンタルスキー・ウェア代は別途必要になります。）
※実習費用は変動の可能性があります。
・本授業はスキー場もしくは滞在ホテルの現地集合になります。",初心者から上級者までレベル別にグループ編成を行ない、技術と理論の学習を中心に展開する。,12月末の昼休みに一度Zoomにてオリエンテーションを行いますので、必ず出席してください。日程はいずれWaseda Moodleより連絡します。,"1:
第１回　担当：岡田利修
第１日目　　午前　実技（レベルによって指導種目は異なる）　　午後　実技
2:
第２回　担当：岡田利修
第１日目　　午前　実技（レベルによって指導種目は異なる）　　午後　実技
3:
第３回　担当：岡田利修
第１日目　　午前　実技（レベルによって指導種目は異なる）　　午後　実技
4:
第４回　担当：岡田利修
第１日目　　夜間　理論ミーティング
5:
第５回　担当：岡田利修
第２日目　　午前　実技　　午後　実技
6:
第６回　担当：岡田利修
第２日目　　午前　実技　　午後　実技
7:
第７回　担当：岡田利修
第２日目　　午前　実技　　午後　実技
8:
第８回　担当：岡田利修
第２日目　　夜間　ビデオミーティング
9:
第９回　担当：岡田利修
第３日目　　午前　実技　　午後　実技
10:
第10回　担当：岡田利修
第３日目　　午前　実技　　午後　実技
11:
第11回　担当：岡田利修
第３日目　　午前　実技　　午後　実技
12:
第12回
第３日目　　夜間　ビデオミーティング
13:
第13回　担当：岡田利修
第４日目　　午前　実技　　午後　実技試験
14:
第14回　担当：岡田利修
第４日目　　午前　実技　　午後　実技試験",なし。必要に応じて配布する。,「全日本スキー教程」、指導理論編,"割合
評価基準
試験:
30％
（実技）各レベルの目標技術の習熟度
レポート:
30％
授業（技術・指導法）中の要点の理解度
平常点評価:
20％
授業態度、目標に対しての意欲
その他:
20％
20","説明会ならびに合宿授業の予定はWaseda Moodle、メール等にて連絡するので必ず確認すること。
「集中講義日程」はスポーツ科学部Webサイトで確認すること。
https://www.waseda.jp/fsps/sps/students-2/registration/",HSST111W,健康／スポーツ科学,スポーツコーチング,スポーツ方法学,初級レベル（入門・導入）,スポーツ方法実習β群,１年以上,1,日本語,【対面】
2026,HSST111W,スポーツ方法実習I（スノーアクティビティ）,木村　和彦／岩沼　聡一朗／藤田　善也,スポーツ,春季集中,無その他,-,本授業の目的：雪山で行われる活動は、自然の理解、安全学習、スキー技術技術の......,2000002172012026200000217220,,"本授業の目的：雪山で行われる活動は、自然の理解、安全学習、スキー技術技術の習得、仲間との共存などのさまざまな効果を生み出し、生涯スポーツとして最適な活動であると同時に、青少年に対する教育効果が高い活動でもある。
この授業では、雪上イグルー制作、クロスカントリ―スキー、雪山ツアーなどを通して、厳しい雪山の自然の中で活動する上での知識や行動原則を身につけ、安全性と環境に配慮したスノーアクティビティの基礎的な技能を養う。",スノースポーツ（クロスカントリースキーなど）、イグルー制作、雪山スノーシューツアーなどを通して、冬の自然の中で活動する上での知識や行動原則を理解し、安全性と環境に配慮したスノーアクティビティの基礎的な技能を身につける,12月末の昼休みにZoomで事前に行われるガイダンスにて、冬山での活動についての基礎を学ぶ。このガイダンスへの出席が実習参加への条件となる。日程についてはMoodleからの連絡を確認すること。,"1:
第１回　担当：木村和彦、藤田善也、岩沼聡一郎
集中講義（第１日目）　開講式
2:
第２回　担当：木村和彦、藤田善也、岩沼聡一郎
集中講義（第１日目）　イグルー制作
3:
第３回　担当：木村和彦、藤田善也、岩沼聡一郎
集中講義（第１日目）　イグルー制作
4:
第４回　担当：木村和彦、藤田善也、岩沼聡一郎
集中講義（第１日目）　クロスカントリ―スキーレンタル、着脱練習、スキー講義
5:
第５回　担当：木村和彦、藤田善也、岩沼聡一郎
集中講義（第２日目）　クロスカントリースキー：基本歩行
6:
第６回　担当：木村和彦、藤田善也、岩沼聡一郎
集中講義（第２日目）　クロスカントリースキー：滑降基礎
7:
第７回　担当：木村和彦、藤田善也、岩沼聡一郎
集中講義（第２日目）　クロスカントリースキー：滑降応用
8:
第８回　担当：木村和彦、藤田善也、岩沼聡一郎
集中講義（第２日目）　クロスカントリースキー：総合
9:
第９回　担当：木村和彦、藤田善也、岩沼聡一郎
集中講義（第３日目）　ツアー①
10:
第10回　担当：木村和彦、藤田善也、岩沼聡一郎
集中講義（第３日目）　ツアー①
11:
第11回　担当：木村和彦、藤田善也、岩沼聡一郎
集中講義（第３日目）　ツアー②
12:
第12回　担当：木村和彦、藤田善也、岩沼聡一郎
集中講義（第３日目）　ツアー②
13:
第13回　担当：木村和彦、藤田善也、岩沼聡一郎
集中講義（第４日目）　雪上レクリエーション活動
14:
第14回　担当：木村和彦、藤田善也、岩沼聡一郎
集中講義（第４日目）　閉講式",,,"割合
評価基準
レポート:
30％
レポートによる評価
平常点評価:
70％
平常点による評価（ガイダンス出席・実習への積極的参画）","実習は菅平高原スキー場などを利用。宿泊は菅平セミナーハウスを利用。
プログラム参加費（宿泊費、スキーレンタル代など）は、
\30,000程度（現地までの交通費は含まない）
を予定。
※人数によっては所沢から現地までの高速バスを手配する可能性があry。
所定の事前ガイダンスに出席することを条件とし、欠席の場合、参加を認めない。
「集中講義日程」はスポーツ科学部Webサイトで確認すること。
https://www.waseda.jp/fsps/sps/students-2/registration/",HSST111W,健康／スポーツ科学,スポーツコーチング,スポーツ方法学,初級レベル（入門・導入）,スポーツ方法実習β群,１年以上,1,日本語,【対面】
2026,HSST111W,スポーツ方法実習II（フィットネス）  01,太田　章,スポーツ,秋学期,木３時限,01:スポーツホール実習室２ 01:武道場,本授業は体を操るところからのフィットネストレーニングであり、次の運動を学......,2000002200012026200000220020,Fitnessを指導、体験しよう？！,"本授業は体を操るところからのフィットネストレーニングであり、次の運動を学ぶ。
１．身体の柔らかさ及び巧みな動きを高めるための運動
２．力強い動きを高める運動
３．動きを持続する能力を高める運動
すなわち、心拍数から見てみるエアロビクスなどの有酸素運動、筋肉に負荷を与えるレジスタンストレーニング、そして骨、骨格、靱帯、筋などの体を構成する部分の柔軟性を高めるストレッチングである。Ⅱでは主に応用動作を行う。
そして、班を決めて、担当を決め、班ごとに、指導発表し、それを採点する。",有酸素、筋肉トレーニング、柔軽性向上を理解できるように、なり、指導できるようになる。,各回の予習・復習には約90分～120分かかると想定されます。,"1:
第１回
オリエンテーション。実技を行うので着替えを持参のこと。最初は、こちらの指導で運動を行う。次回からは、担当を決めてそれぞれの指導を行わせる。
2:
第２回
ウォームアップ、サーキットトレーニング、ジョギング、縄跳び、ストレッチ１、担当を決めてそれぞれの指導を行わせる。
3:
第３回
ウォームアップ、サーキットトレーニング、ジョギング、縄跳び、ストレッチ２、担当を決めてそれぞれの指導を行わせる。
4:
第４回
班ごとに、指導の係を決めて、分担分を指導する、次週にレポート提出　第１班、個人担当を決めてそれぞれの指導を行わせる。
5:
第５回
班ごとに、指導の係を決めて、分担分を指導する、次週にレポート提出　第２班、個人担当を決めてそれぞれの指導を行わせる。
6:
第６回
班ごとに、指導の係を決めて、分担分を指導する、次週にレポート提出　第３班、個人担当を決めてそれぞれの指導を行わせる。
7:
第７回
班ごとに、指導の係を決めて、分担分を指導する、次週にレポート提出　第４班、個人担当を決めてそれぞれの指導を行わせる。
8:
第８回
班ごとに、指導の係を決めて、分担分を指導する、２回目、次週にレポート提出　第１班、個人担当を決めてそれぞれの指導を行わせる。
9:
第９回
班ごとに、指導の係を決めて、分担分を指導する、２回目、次週にレポート提出　第２班、個人担当を決めてそれぞれの指導を行わせる。
10:
第10回
班ごとに、指導の係を決めて、分担分を指導する、２回目、次週にレポート提出　第３班、個人担当を決めてそれぞれの指導を行わせる。
11:
第11回
班ごとに、指導の係を決めて、分担分を指導する、２回目、次週にレポート提出　第４班、個人担当を決めてそれぞれの指導を行わせる。
12:
第12回
班ごとに、指導の係を決めて、分担分を指導する、３回目、次週にレポート提出　第１班、第２班
13:
第13回
班ごとに、指導の係を決めて、分担分を指導する、３回目、次週にレポート提出　第３班、第４班
14:
第14回
総合的に評価、まとめを行う。",,コピーにて配布する。,"割合
評価基準
レポート:
50％
３本レポート
平常点評価:
50％
出席点",,HSST111W,健康／スポーツ科学,スポーツコーチング,スポーツ方法学,初級レベル（入門・導入）,スポーツ方法実習γ群,１年以上,1,日本語,【対面】
2026,HSST111W,スポーツ方法実習II（フィットネス）  02,太田　章,スポーツ,秋学期,金４時限,01:スポーツホール実習室２ 01:武道場,本授業は体を操るところからのフィットネストレーニングであり、次の運動を学......,2000002200022026200000220020,Fitnessを指導、体験しよう？！,"本授業は体を操るところからのフィットネストレーニングであり、次の運動を学ぶ。
１．身体の柔らかさ及び巧みな動きを高めるための運動
２．力強い動きを高める運動
３．動きを持続する能力を高める運動
すなわち、心拍数から見てみるエアロビクスなどの有酸素運動、筋肉に負荷を与えるレジスタンストレーニング、そして骨、骨格、靱帯、筋などの体を構成する部分の柔軟性を高めるストレッチングである。Ⅱでは主に応用動作を行う。
そして、班を決めて、担当を決め、班ごとに、指導発表し、それを採点する。",有酸素、筋肉トレーニング、柔軽性向上を理解できるように、なり、指導できるようになる。,各回の予習・復習には約90分～120分かかると想定されます。,"1:
第１回
オリエンテーション。実技を行うので着替えを持参のこと。最初は、こちらの指導で運動を行う。次回からは、担当を決めてそれぞれの指導を行わせる。
2:
第２回
ウォームアップ、サーキットトレーニング、ジョギング、縄跳び、ストレッチ１、担当を決めてそれぞれの指導を行わせる。
3:
第３回
ウォームアップ、サーキットトレーニング、ジョギング、縄跳び、ストレッチ２、担当を決めてそれぞれの指導を行わせる。
4:
第４回
班ごとに、指導の係を決めて、分担分を指導する、次週にレポート提出　第１班、個人担当を決めてそれぞれの指導を行わせる。
5:
第５回
班ごとに、指導の係を決めて、分担分を指導する、次週にレポート提出　第２班、個人担当を決めてそれぞれの指導を行わせる。
6:
第６回
班ごとに、指導の係を決めて、分担分を指導する、次週にレポート提出　第３班、個人担当を決めてそれぞれの指導を行わせる。
7:
第７回
班ごとに、指導の係を決めて、分担分を指導する、次週にレポート提出　第４班、個人担当を決めてそれぞれの指導を行わせる。
8:
第８回
班ごとに、指導の係を決めて、分担分を指導する、２回目、次週にレポート提出　第１班、個人担当を決めてそれぞれの指導を行わせる。
9:
第９回
班ごとに、指導の係を決めて、分担分を指導する、２回目、次週にレポート提出　第２班、個人担当を決めてそれぞれの指導を行わせる。
10:
第10回
班ごとに、指導の係を決めて、分担分を指導する、２回目、次週にレポート提出　第３班、個人担当を決めてそれぞれの指導を行わせる。
11:
第11回
班ごとに、指導の係を決めて、分担分を指導する、２回目、次週にレポート提出　第４班、個人担当を決めてそれぞれの指導を行わせる。
12:
第12回
班ごとに、指導の係を決めて、分担分を指導する、３回目、次週にレポート提出　第１班、第２班
13:
第13回
班ごとに、指導の係を決めて、分担分を指導する、３回目、次週にレポート提出　第３班、第４班
14:
第14回
総合的に評価、まとめを行う。",,コピーにて配布する。,"割合
評価基準
レポート:
50％
３本レポート
平常点評価:
50％
出席点",,HSST111W,健康／スポーツ科学,スポーツコーチング,スポーツ方法学,初級レベル（入門・導入）,スポーツ方法実習γ群,１年以上,1,日本語,【対面】
2026,HSST111W,スポーツ方法実習II（陸上競技）　03,礒　繁雄,スポーツ,秋学期,水１時限,01:１００-２０４ 01:所沢陸上競技場,この実習は、スポーツ方法実習Ⅰ（陸上競技：トラック）または（陸上競技：フ......,2000002202032026200000220220,,"この実習は、スポーツ方法実習Ⅰ（陸上競技：トラック）または（陸上競技：フィールド）で取得した理論と技術をさらに深めることを目的とする。また、陸上競技種目の中で経験しにくい種目の理論と実技も構成している。さらに、学校教育に対応できるような技術の取得と理解には重点を置いている。
状況によりオンライン授業を行うことが考えられる。授業提供は基本的に対面授業の実施を第一とする。",走跳投の実践指導に至る技術視点やその理論背景を理解し、安全管理を備えた技能を取得する。,各回の予習・復習には約90分～120分かかると想定されます。,"1:
第１回
W-upでのHRの変動と安全管理の説明と実技
2:
第２回
「走り」の理論と技術取得内容の復習と実践
3:
第３回
短距離走の３つの加速局面の動作理論と技術取得
4:
第４回
スタート動作の技術取得
5:
第５回
短距離走の筋疲労と動作変化を撮影等により理解
6:
第６回
ハードリング技術の理解と補強動作の実技
7:
第７回
200ｍハードルのルール理解と測定
8:
第８回
投てき器具の操作と安全確保、競技ルールの理解と実践と測定ルールを学ぶ
9:
第９回
投げ動作の２つの違い（回転と並進）を実技
10:
第10回
前方跳躍種目の技術動作の理解と実践と測定ルールを学ぶ
11:
第11回
上方跳躍種目の技術動作の理解と実践と測定ルールを学ぶ
12:
第12回
リレー競技のルール説明、バトンパス技術と実践、400mリレー競技会
13:
第13回
視覚障がいの疑似体験と競技参加の実践方法
14:
第14回
半期のまとめ、クラブスポーツ指導者の可能性を提案する",,「図解コーチ　陸上競技」　佐々木 秀幸監修　成美堂出版,"割合
評価基準
試験:
30％
授業内評価
レポート:
10％
課題設定
平常点評価:
60％
出席等",スポーツ方法実習Ⅰ（陸上競技：トラック）とスポーツ方法実習Ⅰ（陸上競技：フィールド）と連携科目であり、高度な技術取得と理解を得るための科目として位置づけている。,HSST111W,健康／スポーツ科学,スポーツコーチング,スポーツ方法学,初級レベル（入門・導入）,スポーツ方法実習γ群,１年以上,1,日本語,【対面】
2026,HSST111W,スポーツ方法実習II（水泳）　03,奥野　景介,スポーツ,秋学期,水３時限,所沢アクア・アリーナ,本科目（方法実習Ⅱ）では、方法実習Ⅰで培った基礎的身体感覚をもとに、各種泳......,2000002204032026200000220420,,"本科目（方法実習Ⅱ）では、方法実習Ⅰで培った基礎的身体感覚をもとに、各種泳法およびターン技術など、より複合的・連続的な水中動作の理解と実践を深める。
浮力・抵抗・推進・支持といった身体原理を応用し、動作を統合的に組み立てる能力、状況に応じた動作の調整力、水中におけるリズム・効率性・協応性を向上させる。
さらに、アクアティクスを広いスポーツ文化として捉え、多様な実践領域への理解を深めることで、水中での身体の働きを多角的に捉える視点を育む。
これらを通して、身体リテラシーの発展的獲得を促すとともに、生涯にわたりアクアティクスに関わる豊かなライフスタイルの形成をめざす。",方法実習Ⅰで培った身体感覚をもとに、浮力・抵抗・推進等の原理を応用し、泳法間の切り替えやターンを含む連続的な水中動作を調整して実施できるようになる。また、動作の構造を理解し、水中での身体の働きを多角的に捉えられるようになる。さらに、身体リテラシーの発展と主体的なアクアティクス実践へとつなげる。,各回の予習・復習には約90分～120分かかると想定されます。,"1:
第１回
ガイダンス（競泳競技規則）
2:
第２回
バタフライ１（キック，プル）スカリング
3:
第３回
バタフライ２（コンビネーション）スカリング
4:
第４回
バタフライ　実技テスト25m，観察，振り返り
5:
第５回
各種泳法のターン技術１
6:
第６回
各種泳法のターン技術２
7:
第７回
各種泳法の総合練習（50m）１クロール
8:
第８回
各種泳法の総合練習（50m）２背泳ぎ
9:
第９回
各種泳法の総合練習（50m）３平泳ぎ
10:
第10回
各種泳法の総合練習（50m）４バタフライ
11:
第11回
個人メドレーの総合練習
12:
第12回
個人メドレーの実技テスト及び技術修正セッション
13:
第13回
アクアティクスへの理解（水球、AS、飛込、パラ等）招聘講師予定
14:
第14回
各種泳法及び個人メドレーの到達度の確認","新水泳指導教本（大修館書店）
水泳コーチ教本（大修館書店）
日本人の誰もが泳げるようになる本（中経出版）
DVD完全レッスン！水泳４泳法（日本文芸社）
水泳レベルアップシリーズ　平泳ぎ（ベースボールマガジン社）
水泳レベルアップシリーズ　バタフライ（ベースボールマガジン社）",特になし。,"割合
評価基準
試験:
70％
実技テストによる課題
レポート:
出席状況、授業への参加状況によって課題を与える場合がある
平常点評価:
30％
２／３以上の出席および実技参加","・本授業で行う実技テストの結果は、日本水泳連盟の定める「ニチレイ泳力検定」の基準に照合し、該当する資格級を付与する。
参考URL（
http://www.swim.or.jp/badgetest/index.html
）
・第１回目から実技を行うので、相応の準備をしてくること。
・水着（華美でないもの、スポーツ用）、ゴーグル、キャップは各自準備すること（必須）。
・連絡先：okunok@waseda.jp",HSST111W,健康／スポーツ科学,スポーツコーチング,スポーツ方法学,初級レベル（入門・導入）,スポーツ方法実習γ群,１年以上,1,日本語,【対面】
2026,HSST111W,スポーツ方法実習II（水泳）　04,武田　剛,スポーツ,秋学期,火３時限,所沢アクア・アリーナ,本科目（方法実習Ⅱ）では、方法実習Ⅰで培った基礎的身体感覚をもとに、各種泳法......,2000002204042026200000220420,,"本科目（方法実習Ⅱ）では、方法実習Ⅰで培った基礎的身体感覚をもとに、各種泳法およびターン技術など、より複合的・連続的な水中動作の理解と実践を深める。
浮力・抵抗・推進・支持といった身体原理を応用し、動作を統合的に組み立てる能力、状況に応じた動作の調整力、水中におけるリズム・効率性・協応性を向上させる。
さらに、アクアティクスを広いスポーツ文化として捉え、多様な実践領域への理解を深めることで、水中での身体の働きを多角的に捉える視点を育む。
これらを通して、身体リテラシーの発展的獲得を促すとともに、生涯にわたりアクアティクスに関わる豊かなライフスタイルの形成をめざす。",方法実習Ⅰで培った身体感覚をもとに、浮力・抵抗・推進等の原理を応用し、泳法間の切り替えやターンを含む連続的な水中動作を調整して実施できるようになる。また、動作の構造を理解し、水中での身体の働きを多角的に捉えられるようになる。さらに、身体リテラシーの発展と主体的なアクアティクス実践へとつなげる。,各回の予習・復習には約90分～120分かかると想定されます。,"1:
第１回
ガイダンス（競泳競技規則）
2:
第２回
バタフライ１（キック，プル）スカリング
3:
第３回
バタフライ２（コンビネーション）スカリング
4:
第４回
バタフライ　実技テスト25m，観察，振り返り
5:
第５回
各種泳法のターン技術１
6:
第６回
各種泳法のターン技術２
7:
第７回
各種泳法の総合練習（50m）１クロール
8:
第８回
各種泳法の総合練習（50m）２背泳ぎ
9:
第９回
各種泳法の総合練習（50m）３平泳ぎ
10:
第10回
各種泳法の総合練習（50m）４バタフライ
11:
第11回
個人メドレーの総合練習
12:
第12回
個人メドレーの実技テスト及び技術修正セッション
13:
第13回
アクアティクスへの理解（水球、AS、飛込、パラ等）招聘講師予定
14:
第14回
各種泳法及び個人メドレーの到達度の確認","新水泳指導教本（大修館書店）
水泳コーチ教本（大修館書店）
日本人の誰もが泳げるようになる本（中経出版）
DVD完全レッスン！水泳４泳法（日本文芸社）
水泳レベルアップシリーズ　平泳ぎ（ベースボールマガジン社）
水泳レベルアップシリーズ　バタフライ（ベースボールマガジン社）",特になし。,"割合
評価基準
試験:
70％
実技テストによる課題
レポート:
出席状況、授業への参加状況によって課題を与える場合がある
平常点評価:
30％
２／３以上の出席および実技参加","・本授業で行う実技テストの結果は、日本水泳連盟の定める「ニチレイ泳力検定」の基準に照合し、該当する資格級を付与する。
参考URL（
http://www.swim.or.jp/badgetest/index.html
）
・第１回目から実技を行うので、相応の準備をしてくること。
・水着（華美でないもの、スポーツ用）、ゴーグル、キャップは各自準備すること（必須）。
・連絡先：okunok@waseda.jp",HSST111W,健康／スポーツ科学,スポーツコーチング,スポーツ方法学,初級レベル（入門・導入）,スポーツ方法実習γ群,１年以上,1,日本語,【対面】
2026,HSST111W,スポーツ方法実習II（水泳）　05,奥野　景介,スポーツ,秋学期,水４時限,所沢アクア・アリーナ,本科目（方法実習Ⅱ）では、方法実習Ⅰで培った基礎的身体感覚をもとに、各種泳......,2000002204052026200000220420,,"本科目（方法実習Ⅱ）では、方法実習Ⅰで培った基礎的身体感覚をもとに、各種泳法およびターン技術など、より複合的・連続的な水中動作の理解と実践を深める。
浮力・抵抗・推進・支持といった身体原理を応用し、動作を統合的に組み立てる能力、状況に応じた動作の調整力、水中におけるリズム・効率性・協応性を向上させる。
さらに、アクアティクスを広いスポーツ文化として捉え、多様な実践領域への理解を深めることで、水中での身体の働きを多角的に捉える視点を育む。
これらを通して、身体リテラシーの発展的獲得を促すとともに、生涯にわたりアクアティクスに関わる豊かなライフスタイルの形成をめざす。",方法実習Ⅰで培った身体感覚をもとに、浮力・抵抗・推進等の原理を応用し、泳法間の切り替えやターンを含む連続的な水中動作を調整して実施できるようになる。また、動作の構造を理解し、水中での身体の働きを多角的に捉えられるようになる。さらに、身体リテラシーの発展と主体的なアクアティクス実践へとつなげる。,各回の予習・復習には約90分～120分かかると想定されます。,"1:
第１回
ガイダンス（競泳競技規則）
2:
第２回
バタフライ１（キック，プル）スカリング
3:
第３回
バタフライ２（コンビネーション）スカリング
4:
第４回
バタフライ　実技テスト25m，観察，振り返り
5:
第５回
各種泳法のターン技術１
6:
第６回
各種泳法のターン技術２
7:
第７回
各種泳法の総合練習（50m）１クロール
8:
第８回
各種泳法の総合練習（50m）２背泳ぎ
9:
第９回
各種泳法の総合練習（50m）３平泳ぎ
10:
第10回
各種泳法の総合練習（50m）４バタフライ
11:
第11回
個人メドレーの総合練習
12:
第12回
個人メドレーの実技テスト及び技術修正セッション
13:
第13回
アクアティクスへの理解（水球、AS、飛込、パラ等）招聘講師予定
14:
第14回
各種泳法及び個人メドレーの到達度の確認","新水泳指導教本（大修館書店）
水泳コーチ教本（大修館書店）
日本人の誰もが泳げるようになる本（中経出版）
DVD完全レッスン！水泳４泳法（日本文芸社）
水泳レベルアップシリーズ　平泳ぎ（ベースボールマガジン社）
水泳レベルアップシリーズ　バタフライ（ベースボールマガジン社）",特になし。,"割合
評価基準
試験:
70％
実技テストによる課題
レポート:
出席状況、授業への参加状況によって課題を与える場合がある
平常点評価:
30％
２／３以上の出席および実技参加","・本授業で行う実技テストの結果は、日本水泳連盟の定める「ニチレイ泳力検定」の基準に照合し、該当する資格級を付与する。
参考URL（
http://www.swim.or.jp/badgetest/index.html
）
・第１回目から実技を行うので、相応の準備をしてくること。
・水着（華美でないもの、スポーツ用）、ゴーグル、キャップは各自準備すること（必須）。
・連絡先：okunok@waseda.jp",HSST111W,健康／スポーツ科学,スポーツコーチング,スポーツ方法学,初級レベル（入門・導入）,スポーツ方法実習γ群,１年以上,1,日本語,【対面】
2026,HSST111W,スポーツ方法実習II（バレーボール）　01,武藤　鉄也,スポーツ,秋学期,水２時限,東伏見ｽﾎﾟｰﾂﾎｰﾙ（1F アリーナ）,本授業では、スポーツ方法実習Ⅰで履修した基本技術、動作を復習しながら、「......,2000002206012026200000220620,,本授業では、スポーツ方法実習Ⅰで履修した基本技術、動作を復習しながら、「個」の技術を有機的に結びつけ「チーム力」へと発展させる方法を学ぶ。バレーボールは瞬時に効果的な攻撃を判断し、また、自軍の空いたスペースをフォローしながらデフェンスを行うことが必要不可欠であるので、多くの実践を通じて、ゲームに必要な動きを学ぶ。さらに、個性の発揮と協調性のバランスがチームパフォーマンス向上、「楽しさ」および「充実」を生むことを体感していく。ルール、審判法をはじめとして試合の運営等についても実践的に学習する。教育実習に役立つ指導計画の作成についても学ぶ。,バレーボールの基礎・基本の技術を確認し、コンビネーションプレーを意識して応用技術へと発展させる。多くのゲームを通じて、仲間との協調性や役割を学び、ゲームの楽しさを知る。また、体力向上に役立つことを目標にする。ルールと審判法を学ぶ。,各回の予習・復習には約90分～120分かかると想定されます。,"1:
第１回
オリエンテーション（授業内容及び進め方についてのガイダンス）
2:
第２回
スポーツ方法実習Ⅰで習得した基本技能の復習および確認
3:
第３回
簡易的なゲーム（パスのみでラリーの応酬を学ぶ）
4:
第４回
ゲームを意識しての複合練習（３段攻撃）
5:
第５回
サーブレシーブの基本的なフォーメーションを理解し、実践する
6:
第６回
サーブレシーブの基本的なフォーメーションとコンビネーションプレーを実践する
7:
第７回
ルールと審判法を学ぶ
8:
第８回
役割を決めながらゲームを展開する
9:
第９回
ゲームを通してアタック、レシーブ、ブロックの基本フォーメーションを習得する
10:
第10回
ゲーム及び試合運営
11:
第11回
対人技能のスキルテスト
12:
第12回
単元計画や指導計画の作成についての講義
13:
第13回
ゲーム実践1
14:
第14回
ゲーム実践2","「バレーボール　基本を極めるドリル（差がつく練習法）」
ベースボールマガジン社",必要に応じて資料を配布。指定文献を適宜指示する。,"割合
評価基準
試験:
30％
実習中に攻撃・守備の技術習得についてのスキルテストを行う。
レポート:
10％
基礎・基本技術の習得に関する課題を適時与える。
平常点評価:
60％
平常点を重視して、W-upに取り組む姿勢や体力向上の意欲、技術習得に対する意欲、仲間との協力姿勢を評価対象とする。",,HSST111W,健康／スポーツ科学,スポーツコーチング,スポーツ方法学,初級レベル（入門・導入）,スポーツ方法実習γ群,１年以上,1,日本語,【対面】
2026,HSST111W,スポーツ方法実習II（バレーボール）　02,武藤　鉄也,スポーツ,秋学期,水１時限,東伏見ｽﾎﾟｰﾂﾎｰﾙ（1F アリーナ）,本授業では、スポーツ方法実習Ⅰで履修した基本技術、動作を復習しながら、「......,2000002206022026200000220620,,本授業では、スポーツ方法実習Ⅰで履修した基本技術、動作を復習しながら、「個」の技術を有機的に結びつけ「チーム力」へと発展させる方法を学ぶ。バレーボールは瞬時に効果的な攻撃を判断し、また、自軍の空いたスペースをフォローしながらデフェンスを行うことが必要不可欠であるので、多くの実践を通じて、ゲームに必要な動きを学ぶ。さらに、個性の発揮と協調性のバランスがチームパフォーマンス向上、「楽しさ」および「充実」を生むことを体感していく。ルール、審判法をはじめとして試合の運営等についても実践的に学習する。教育実習に役立つ指導計画の作成についても学ぶ。,バレーボールの基礎・基本の技術を確認し、コンビネーションプレーを意識して応用技術へと発展させる。多くのゲームを通じて、仲間との協調性や役割を学び、ゲームの楽しさを知る。また、体力向上に役立つことを目標にする。ルールと審判法を学ぶ。,各回の予習・復習には約90分～120分かかると想定されます。,"1:
第１回
オリエンテーション（授業内容及び進め方についてのガイダンス）
2:
第２回
スポーツ方法実習Ⅰで習得した基本技能の復習および確認
3:
第３回
簡易的なゲーム（パスのみでラリーの応酬を学ぶ）
4:
第４回
ゲームを意識しての複合練習（３段攻撃）
5:
第５回
サーブレシーブの基本的なフォーメーションを理解し、実践する
6:
第６回
サーブレシーブの基本的なフォーメーションとコンビネーションプレーを実践する
7:
第７回
ルールと審判法を学ぶ
8:
第８回
役割を決めながらゲームを展開する
9:
第９回
ゲームを通してアタック、レシーブ、ブロックの基本フォーメーションを習得する
10:
第10回
ゲーム及び試合運営
11:
第11回
対人技能のスキルテスト
12:
第12回
単元計画や指導計画の作成についての講義
13:
第13回
ゲーム実践1
14:
第14回
ゲーム実践2","「バレーボール　基本を極めるドリル（差がつく練習法）」
ベースボールマガジン社",必要に応じて資料を配布。指定文献を適宜指示する。,"割合
評価基準
試験:
30％
実習中に攻撃・守備の技術習得についてのスキルテストを行う。
レポート:
10％
基礎・基本技術の習得に関する課題を適時与える。
平常点評価:
60％
平常点を重視して、W-upに取り組む姿勢や体力向上の意欲、技術習得に対する意欲、仲間との協力姿勢を評価対象とする。",,HSST111W,健康／スポーツ科学,スポーツコーチング,スポーツ方法学,初級レベル（入門・導入）,スポーツ方法実習γ群,１年以上,1,日本語,【対面】
2026,HSST111W,スポーツ方法実習II（バスケットボール）　01,池内　泰明,スポーツ,秋学期,月２時限,東伏見ｽﾎﾟｰﾂﾎｰﾙ（1F アリーナ）,バスケットボールは、“ハビットゲーム”と言われるほど習慣化された瞬時の判断......,2000002208012026200000220820,,バスケットボールは、“ハビットゲーム”と言われるほど習慣化された瞬時の判断が要求される。この競技では時間的な制約（ルール）を受けることが多い、ゲームの中でその制約をうまくかわしながら感性的な表現をするところに面白みがあるとも言われているスポーツだ。方法実習Ⅰで習得した技術をうまく使って複数のコンビネーションを創る喜びを実体験してもらうつもりだ。またNBAや世界選手権などで実際に使われた最新の戦術戦略やスキルを紹介し、実際に体験してもらうつもりだ。,バスケットボール競技におけるディフェンスの概念の理解と、楽しくゲームができることを到達目標とする。,各回の予習・復習には約90分～120分かかると想定されます。,"1:
第１回
春学期のレビュー、コーディネーショントレーニング
2:
第２回
ディフェンスの考え方、基本姿勢、ミニゲーム
3:
第３回
ボールマンディフェンス１．ミニゲーム
4:
第４回
ボールマンディフェンス２．ミニゲーム
5:
第５回
ディナイディフェンス（オフボールマンのディフェンス１）ミニゲーム
6:
第６回
ピストルディフェンス（オフボールマンのディフェンス２）ミニゲーム
7:
第７回
チームディフェンス１．ポジション－ビジョン－トーク　ミニゲーム
8:
第８回
チームディフェンス２．４on４～５on５　ミニゲーム
9:
第９回
トランジションディフェンス　ミニゲーム
10:
第10回
ゾーンディフェンスの考え方、仕掛け、２－３ゾーン　ミニゲーム
11:
第11回
ゾーンディフェンスの考え方、仕掛け、３－２ゾーン　ミニゲーム
12:
第12回
チェンジングディフェンスの考え方と仕掛け、ミニゲーム
13:
第13回
戦術戦略行動を駆使したゲーム、ゲーム立案①
14:
第14回
戦術戦略行動を駆使したゲーム、ゲーム立案②",,"「倉石平のオフェンシブバスケットボール」
「倉石平のディフェンシブバスケットボール」
「倉石平のファンダメンタルバスケットボール（オフェンス編）」
「倉石平のファンダメンタルバスケットボール（ディフェンス編）」
（いずれも倉石平、ベースボールマガジン社）","割合
評価基準
試験:
30％
試験による評価
平常点評価:
70％
平常点による評価",,HSST111W,健康／スポーツ科学,スポーツコーチング,スポーツ方法学,初級レベル（入門・導入）,スポーツ方法実習γ群,１年以上,1,日本語,【対面】
2026,HSST111W,スポーツ方法実習II（バスケットボール）　02,池内　泰明,スポーツ,秋学期,月３時限,東伏見ｽﾎﾟｰﾂﾎｰﾙ（1F アリーナ）,バスケットボールは、“ハビットゲーム”と言われるほど習慣化された瞬時の判断......,2000002208022026200000220820,,バスケットボールは、“ハビットゲーム”と言われるほど習慣化された瞬時の判断が要求される。この競技では時間的な制約（ルール）を受けることが多い、ゲームの中でその制約をうまくかわしながら感性的な表現をするところに面白みがあるとも言われているスポーツだ。方法実習Ⅰで習得した技術をうまく使って複数のコンビネーションを創る喜びを実体験してもらうつもりだ。またNBAや世界選手権などで実際に使われた最新の戦術戦略やスキルを紹介し、実際に体験してもらうつもりだ。,バスケットボール競技におけるディフェンスの概念の理解と、楽しくゲームができることを到達目標とする。,各回の予習・復習には約90分～120分かかると想定されます。,"1:
第１回
春学期のレビュー、コーディネーショントレーニング
2:
第２回
ディフェンスの考え方、基本姿勢、ミニゲーム
3:
第３回
ボールマンディフェンス１．ミニゲーム
4:
第４回
ボールマンディフェンス２．ミニゲーム
5:
第５回
ディナイディフェンス（オフボールマンのディフェンス１）ミニゲーム
6:
第６回
ピストルディフェンス（オフボールマンのディフェンス２）ミニゲーム
7:
第７回
チームディフェンス１．ポジション－ビジョン－トーク　ミニゲーム
8:
第８回
チームディフェンス２．４on４～５on５　ミニゲーム
9:
第９回
トランジションディフェンス　ミニゲーム
10:
第10回
ゾーンディフェンスの考え方、仕掛け、２－３ゾーン　ミニゲーム
11:
第11回
ゾーンディフェンスの考え方、仕掛け、３－２ゾーン　ミニゲーム
12:
第12回
チェンジングディフェンスの考え方と仕掛け、ミニゲーム
13:
第13回
戦術戦略行動を駆使したゲーム、ゲーム立案①
14:
第14回
戦術戦略行動を駆使したゲーム、ゲーム立案②",,"「倉石平のオフェンシブバスケットボール」
「倉石平のディフェンシブバスケットボール」
「倉石平のファンダメンタルバスケットボール（オフェンス編）」
「倉石平のファンダメンタルバスケットボール（ディフェンス編）」
（いずれも倉石平、ベースボールマガジン社）","割合
評価基準
試験:
30％
試験による評価
平常点評価:
70％
平常点による評価",,HSST111W,健康／スポーツ科学,スポーツコーチング,スポーツ方法学,初級レベル（入門・導入）,スポーツ方法実習γ群,１年以上,1,日本語,【対面】
2026,HSST111W,スポーツ方法実習II（バスケットボール）　03,池内　泰明,スポーツ,秋学期,月４時限,東伏見ｽﾎﾟｰﾂﾎｰﾙ（1F アリーナ）,バスケットボールは、“ハビットゲーム”と言われるほど習慣化された瞬時の判断......,2000002208032026200000220820,,バスケットボールは、“ハビットゲーム”と言われるほど習慣化された瞬時の判断が要求される。この競技では時間的な制約（ルール）を受けることが多い、ゲームの中でその制約をうまくかわしながら感性的な表現をするところに面白みがあるとも言われているスポーツだ。方法実習Ⅰで習得した技術をうまく使って複数のコンビネーションを創る喜びを実体験してもらうつもりだ。またNBAや世界選手権などで実際に使われた最新の戦術戦略やスキルを紹介し、実際に体験してもらうつもりだ。,バスケットボール競技におけるディフェンスの概念の理解と、楽しくゲームができることを到達目標とする。,各回の予習・復習には約90分～120分かかると想定されます。,"1:
第１回
春学期のレビュー、コーディネーショントレーニング
2:
第２回
ディフェンスの考え方、基本姿勢、ミニゲーム
3:
第３回
ボールマンディフェンス１．ミニゲーム
4:
第４回
ボールマンディフェンス２．ミニゲーム
5:
第５回
ディナイディフェンス（オフボールマンのディフェンス１）ミニゲーム
6:
第６回
ピストルディフェンス（オフボールマンのディフェンス２）ミニゲーム
7:
第７回
チームディフェンス１．ポジション－ビジョン－トーク　ミニゲーム
8:
第８回
チームディフェンス２．４on４～５on５　ミニゲーム
9:
第９回
トランジションディフェンス　ミニゲーム
10:
第10回
ゾーンディフェンスの考え方、仕掛け、２－３ゾーン　ミニゲーム
11:
第11回
ゾーンディフェンスの考え方、仕掛け、３－２ゾーン　ミニゲーム
12:
第12回
チェンジングディフェンスの考え方と仕掛け、ミニゲーム
13:
第13回
戦術戦略行動を駆使したゲーム、ゲーム立案①
14:
第14回
戦術戦略行動を駆使したゲーム、ゲーム立案②",,"「倉石平のオフェンシブバスケットボール」
「倉石平のディフェンシブバスケットボール」
「倉石平のファンダメンタルバスケットボール（オフェンス編）」
「倉石平のファンダメンタルバスケットボール（ディフェンス編）」
（いずれも倉石平、ベースボールマガジン社）","割合
評価基準
試験:
30％
試験による評価
平常点評価:
70％
平常点による評価",,HSST111W,健康／スポーツ科学,スポーツコーチング,スポーツ方法学,初級レベル（入門・導入）,スポーツ方法実習γ群,１年以上,1,日本語,【対面】
2026,HSST111W,スポーツ方法実習II（バスケットボール）　04,倉石　平,スポーツ,秋学期,金２時限,東伏見ｽﾎﾟｰﾂﾎｰﾙ（1F アリーナ）,バスケットボールは、“ハビットゲーム”と言われるほど習慣化された瞬時の判断......,2000002208042026200000220820,,バスケットボールは、“ハビットゲーム”と言われるほど習慣化された瞬時の判断が要求される。この競技では時間的な制約（ルール）を受けることが多い、ゲームの中でその制約をうまくかわしながら感性的な表現をするところに面白みがあるとも言われているスポーツだ。方法実習Ⅰで習得した技術をうまく使って複数のコンビネーションを創る喜びを実体験してもらうつもりだ。またNBAや世界選手権などで実際に使われた最新の戦術戦略やスキルを紹介し、実際に体験してもらうつもりだ。,バスケットボール競技におけるディフェンスの概念の理解と、楽しくゲームができることを到達目標とする。,各回の予習・復習には約90分～120分かかると想定されます。,"1:
第１回
春学期のレビュー、コーディネーショントレーニング
2:
第２回
ディフェンスの考え方、基本姿勢、ミニゲーム
3:
第３回
ボールマンディフェンス１．ミニゲーム
4:
第４回
ボールマンディフェンス２．ミニゲーム
5:
第５回
ディナイディフェンス（オフボールマンのディフェンス１）ミニゲーム
6:
第６回
ピストルディフェンス（オフボールマンのディフェンス２）ミニゲーム
7:
第７回
チームディフェンス１．ポジション－ビジョン－トーク　ミニゲーム
8:
第８回
チームディフェンス２．４on４～５on５　ミニゲーム
9:
第９回
トランジションディフェンス　ミニゲーム
10:
第10回
ゾーンディフェンスの考え方、仕掛け、２－３ゾーン　ミニゲーム
11:
第11回
ゾーンディフェンスの考え方、仕掛け、３－２ゾーン　ミニゲーム
12:
第12回
チェンジングディフェンスの考え方と仕掛け、ミニゲーム
13:
第13回
戦術戦略行動を駆使したゲーム、ゲーム立案①
14:
第14回
戦術戦略行動を駆使したゲーム、ゲーム立案②",,"「倉石平のオフェンシブバスケットボール」
「倉石平のディフェンシブバスケットボール」
「倉石平のファンダメンタルバスケットボール（オフェンス編）」
「倉石平のファンダメンタルバスケットボール（ディフェンス編）」
（いずれも倉石平、ベースボールマガジン社）","割合
評価基準
試験:
30％
試験による評価
平常点評価:
70％
平常点による評価",,HSST111W,健康／スポーツ科学,スポーツコーチング,スポーツ方法学,初級レベル（入門・導入）,スポーツ方法実習γ群,１年以上,1,日本語,【対面】
2026,HSST111W,スポーツ方法実習II（バスケットボール）　06,池内　泰明,スポーツ,秋学期,木２時限,東伏見ｽﾎﾟｰﾂﾎｰﾙ（1F アリーナ）,バスケットボールは、“ハビットゲーム”と言われるほど習慣化された瞬時の判断......,2000002208062026200000220820,,バスケットボールは、“ハビットゲーム”と言われるほど習慣化された瞬時の判断が要求される。この競技では時間的な制約（ルール）を受けることが多い、ゲームの中でその制約をうまくかわしながら感性的な表現をするところに面白みがあるとも言われているスポーツだ。方法実習Ⅰで習得した技術をうまく使って複数のコンビネーションを創る喜びを実体験してもらうつもりだ。またNBAや世界選手権などで実際に使われた最新の戦術戦略やスキルを紹介し、実際に体験してもらうつもりだ。,バスケットボール競技におけるディフェンスの概念の理解と、楽しくゲームができることを到達目標とする。,各回の予習・復習には約90分～120分かかると想定されます。,"1:
第１回
春学期のレビュー、コーディネーショントレーニング
2:
第２回
ディフェンスの考え方、基本姿勢、ミニゲーム
3:
第３回
ボールマンディフェンス１．ミニゲーム
4:
第４回
ボールマンディフェンス２．ミニゲーム
5:
第５回
ディナイディフェンス（オフボールマンのディフェンス１）ミニゲーム
6:
第６回
ピストルディフェンス（オフボールマンのディフェンス２）ミニゲーム
7:
第７回
チームディフェンス１．ポジション－ビジョン－トーク　ミニゲーム
8:
第８回
チームディフェンス２．４on４～５on５　ミニゲーム
9:
第９回
トランジションディフェンス　ミニゲーム
10:
第10回
ゾーンディフェンスの考え方、仕掛け、２－３ゾーン　ミニゲーム
11:
第11回
ゾーンディフェンスの考え方、仕掛け、３－２ゾーン　ミニゲーム
12:
第12回
チェンジングディフェンスの考え方と仕掛け、ミニゲーム
13:
第13回
戦術戦略行動を駆使したゲーム、ゲーム立案①
14:
第14回
戦術戦略行動を駆使したゲーム、ゲーム立案②",,"「倉石平のオフェンシブバスケットボール」
「倉石平のディフェンシブバスケットボール」
「倉石平のファンダメンタルバスケットボール（オフェンス編）」
「倉石平のファンダメンタルバスケットボール（ディフェンス編）」
（いずれも倉石平、ベースボールマガジン社）","割合
評価基準
試験:
30％
試験による評価
平常点評価:
70％
平常点による評価",,HSST111W,健康／スポーツ科学,スポーツコーチング,スポーツ方法学,初級レベル（入門・導入）,スポーツ方法実習γ群,１年以上,1,日本語,【対面】
2026,HSST111W,スポーツ方法実習II（バスケットボール）　07,池内　泰明,スポーツ,秋学期,木３時限,東伏見ｽﾎﾟｰﾂﾎｰﾙ（1F アリーナ）,バスケットボールは、“ハビットゲーム”と言われるほど習慣化された瞬時の判断......,2000002208072026200000220820,,バスケットボールは、“ハビットゲーム”と言われるほど習慣化された瞬時の判断が要求される。この競技では時間的な制約（ルール）を受けることが多い、ゲームの中でその制約をうまくかわしながら感性的な表現をするところに面白みがあるとも言われているスポーツだ。方法実習Ⅰで習得した技術をうまく使って複数のコンビネーションを創る喜びを実体験してもらうつもりだ。またNBAや世界選手権などで実際に使われた最新の戦術戦略やスキルを紹介し、実際に体験してもらうつもりだ。,バスケットボール競技におけるディフェンスの概念の理解と、楽しくゲームができることを到達目標とする。,各回の予習・復習には約90分～120分かかると想定されます。,"1:
第１回
春学期のレビュー、コーディネーショントレーニング
2:
第２回
ディフェンスの考え方、基本姿勢、ミニゲーム
3:
第３回
ボールマンディフェンス１．ミニゲーム
4:
第４回
ボールマンディフェンス２．ミニゲーム
5:
第５回
ディナイディフェンス（オフボールマンのディフェンス１）ミニゲーム
6:
第６回
ピストルディフェンス（オフボールマンのディフェンス２）ミニゲーム
7:
第７回
チームディフェンス１．ポジション－ビジョン－トーク　ミニゲーム
8:
第８回
チームディフェンス２．４on４～５on５　ミニゲーム
9:
第９回
トランジションディフェンス　ミニゲーム
10:
第10回
ゾーンディフェンスの考え方、仕掛け、２－３ゾーン　ミニゲーム
11:
第11回
ゾーンディフェンスの考え方、仕掛け、３－２ゾーン　ミニゲーム
12:
第12回
チェンジングディフェンスの考え方と仕掛け、ミニゲーム
13:
第13回
戦術戦略行動を駆使したゲーム、ゲーム立案①
14:
第14回
戦術戦略行動を駆使したゲーム、ゲーム立案②",,"「倉石平のオフェンシブバスケットボール」
「倉石平のディフェンシブバスケットボール」
「倉石平のファンダメンタルバスケットボール（オフェンス編）」
「倉石平のファンダメンタルバスケットボール（ディフェンス編）」
（いずれも倉石平、ベースボールマガジン社）","割合
評価基準
試験:
30％
試験による評価
平常点評価:
70％
平常点による評価",,HSST111W,健康／スポーツ科学,スポーツコーチング,スポーツ方法学,初級レベル（入門・導入）,スポーツ方法実習γ群,１年以上,1,日本語,【対面】
2026,HSST111W,スポーツ方法実習II（バスケットボール）　08,池内　泰明,スポーツ,秋学期,木４時限,東伏見ｽﾎﾟｰﾂﾎｰﾙ（1F アリーナ）,バスケットボールは、“ハビットゲーム”と言われるほど習慣化された瞬時の判断......,2000002208082026200000220820,,バスケットボールは、“ハビットゲーム”と言われるほど習慣化された瞬時の判断が要求される。この競技では時間的な制約（ルール）を受けることが多い、ゲームの中でその制約をうまくかわしながら感性的な表現をするところに面白みがあるとも言われているスポーツだ。方法実習Ⅰで習得した技術をうまく使って複数のコンビネーションを創る喜びを実体験してもらうつもりだ。またNBAや世界選手権などで実際に使われた最新の戦術戦略やスキルを紹介し、実際に体験してもらうつもりだ。,バスケットボール競技におけるディフェンスの概念の理解と、楽しくゲームができることを到達目標とする。,各回の予習・復習には約90分～120分かかると想定されます。,"1:
第１回
春学期のレビュー、コーディネーショントレーニング
2:
第２回
ディフェンスの考え方、基本姿勢、ミニゲーム
3:
第３回
ボールマンディフェンス１．ミニゲーム
4:
第４回
ボールマンディフェンス２．ミニゲーム
5:
第５回
ディナイディフェンス（オフボールマンのディフェンス１）ミニゲーム
6:
第６回
ピストルディフェンス（オフボールマンのディフェンス２）ミニゲーム
7:
第７回
チームディフェンス１．ポジション－ビジョン－トーク　ミニゲーム
8:
第８回
チームディフェンス２．４on４～５on５　ミニゲーム
9:
第９回
トランジションディフェンス　ミニゲーム
10:
第10回
ゾーンディフェンスの考え方、仕掛け、２－３ゾーン　ミニゲーム
11:
第11回
ゾーンディフェンスの考え方、仕掛け、３－２ゾーン　ミニゲーム
12:
第12回
チェンジングディフェンスの考え方と仕掛け、ミニゲーム
13:
第13回
戦術戦略行動を駆使したゲーム、ゲーム立案①
14:
第14回
戦術戦略行動を駆使したゲーム、ゲーム立案②",,"「倉石平のオフェンシブバスケットボール」
「倉石平のディフェンシブバスケットボール」
「倉石平のファンダメンタルバスケットボール（オフェンス編）」
「倉石平のファンダメンタルバスケットボール（ディフェンス編）」
（いずれも倉石平、ベースボールマガジン社）","割合
評価基準
試験:
30％
試験による評価
平常点評価:
70％
平常点による評価",,HSST111W,健康／スポーツ科学,スポーツコーチング,スポーツ方法学,初級レベル（入門・導入）,スポーツ方法実習γ群,１年以上,1,日本語,【対面】
2026,HSST111W,スポーツ方法実習II（サッカー）　02,堀野　博幸,スポーツ,秋学期,金３時限,01:東伏見サッカ―場 01:79-501講義室,方法実習Ⅰで習得した技術をもとに、現代サッカーの戦略的ゲームを体験する。......,2000002210022026200000221020,,"方法実習Ⅰで習得した技術をもとに、現代サッカーの戦略的ゲームを体験する。ダイナミックなプレーの楽しさを実現するため、フルコートでのゲームを中心に授業を進めていく。試合においては、様々な戦術やフォーメーションなど用いて、楽しみながらモダンサッカーを体現してもらう。
実技授業では、受講生をチーム分けし、授業の後半ではリーグ戦を毎週行い、総合成績を決定する。各チームは、自分達でチーム戦略やメンバーなどを決定するなど、チームマネジメントは学生が主体的に行い、チームマネジメント能力を養成する。
またサッカーの理論習得と分析能力の向上を目的として、講義に加えサッカーの試合の現地分析とビデオ分析を行い、レポート作成を行う。方法実習Ⅱでは、チーム戦術と戦略を分析対象とする。",サッカーのプレーに必要とされるグループ・チームスキルの習得と戦術の理解。,各回の予習・復習は、シラバスの内容を参照のうえ、各自で行うこととします。,"1:
テーマ１
ガイダンス・導入ゲーム
2:
テーマ２
プレッシング、ゲーム
3:
テーマ３
ポゼッション、ゲーム
4:
テーマ４
戦術・戦術論：個人
5:
テーマ５
戦術・戦術論：グループ
6:
テーマ６
ゲーム：個人戦術の実践
7:
テーマ７
ゲーム：グループ戦術の実践
8:
テーマ８
現地における試合のゲーム分析にて振替
9:
テーマ９
ビデオによる試合のゲーム分析
10:
テーマ１０
試合の分析レポート作成
11:
テーマ１１
ゲーム：チーム戦術の基礎
12:
テーマ１２
ゲーム：チーム戦術の応用
13:
テーマ１３
ゲーム またはゲーム分析
14:
テーマ１４
コーチングに関わる諸問題（招聘講師予定）",特になし。,トップパフォーマンスへの挑戦（スポーツ科学学術院編監修、2007、ベースボールマガジン社）,"割合
評価基準
レポート:
50％
課題レポートを評価する
平常点評価:
50％
授業への取り組みを評価する","授業紹介ビデオ
https://youtu.be/Syak_Fj-lJs
実技に際しては、安全管理の観点から、足首を完全にカバーできるストッキングを着用すること。眼鏡・時計・アクセサリー類の着用は厳禁とします。",HSST111W,健康／スポーツ科学,スポーツコーチング,スポーツ方法学,初級レベル（入門・導入）,スポーツ方法実習γ群,１年以上,1,日本語,【対面】
2026,HSST111W,スポーツ方法実習II（柔道）　01,射手矢　岬,スポーツ,秋学期,水２時限,武道場,スポーツ方法実習Ⅰ（柔道）で習得した技能のさらなる向上を図ると共に他の技も......,2000002212012026200000221220,,"スポーツ方法実習Ⅰ（柔道）で習得した技能のさらなる向上を図ると共に他の技も解説する。
体力差、技術差や経験差などを考慮し、工夫しながら安全に自由練習（乱取）を行う。
さらなる技能向上のために既習技を用いた連絡変化技について解説する。","自由練習や連絡変化技の練習を通して、技の理合いを理解し、得意技を身につける。
柔道の実技を通して礼法も身につける。",予習としてWaseda Moodleに掲載するレジュメを事前に読み、各テーマに関する基礎的な知識を得ておくこと。また、授業前は体調を整えておくこと。,"1:
第１回
ガイダンス
2:
第２回
基本動作（受け身、体さばき）、投げ技の連絡技１：膝車、支釣込足を用いた連絡技
3:
第３回
基本動作（受け身、体さばき）、投げ技の連絡技２：出足払、送足払を用いた連絡技
4:
第４回
投げ技の連絡技３：体落、大腰を用いた連絡技
5:
第５回
投げ技の連絡技４：小内刈、大内刈を用いた連絡技
6:
第６回
投げ技の連絡技５：大外刈、小外刈を用いた連絡技
7:
第７回
投げ技の変化技１：膝車、支釣込足を用いた変化技
8:
第８回
投げ技の変化技２：出足払、送足払を用いた変化技
9:
第９回
投げ技の変化技３：体落、大腰を用いた変化技
10:
第10回
投げ技の変化技４：小内刈、大内刈を用いた変化技
11:
第11回
投げ技の変化技５：大外刈、小外刈を用いた連絡技
抑え技１：袈裟固、後袈裟固を用いた連絡技
12:
第12回
抑え技２：横四方固、上四方固を用いた連絡技
投技と固技（抑え技）の総合練習
13:
第13回
投技と固技（抑え技）の総合練習
演武の練習
14:
第14回
技能テスト（演武）",必要に応じて資料を配布する。,"学校体育実技指導資料第2集 「柔道指導の手引(三訂版)」_文部科学省
https://www.mext.go.jp/a_menu/sports/jyujitsu/1334217.htm
安全で楽しい柔道授業ガイド ＿全日本柔道連盟
http://judo.or.jp/cms/wp-content/uploads/2019/02/h30-bukatsudo-guidebook.pdf","割合
評価基準
試験:
30％
実習発表での、投技・固技の基本技の約束練習での習熟度。
平常点評価:
70％
主体的・積極的な授業参加度、相手を尊重し安全に対する配慮を評価します。",,HSST111W,健康／スポーツ科学,スポーツコーチング,スポーツ方法学,初級レベル（入門・導入）,スポーツ方法実習γ群,１年以上,1,日本語,【対面】
2026,HSST111W,スポーツ方法実習II（柔道）　02,射手矢　岬,スポーツ,秋学期,水３時限,武道場,スポーツ方法実習Ⅰ（柔道）で習得した技能のさらなる向上を図ると共に他の技も......,2000002212022026200000221220,,"スポーツ方法実習Ⅰ（柔道）で習得した技能のさらなる向上を図ると共に他の技も解説する。
体力差、技術差や経験差などを考慮し、工夫しながら安全に自由練習（乱取）を行う。
さらなる技能向上のために既習技を用いた連絡変化技について解説する。","自由練習や連絡変化技の練習を通して、技の理合いを理解し、得意技を身につける。
柔道の実技を通して礼法も身につける。",予習としてWaseda Moodleに掲載するレジュメを事前に読み、各テーマに関する基礎的な知識を得ておくこと。また、授業前は体調を整えておくこと。,"1:
第１回
ガイダンス
2:
第２回
基本動作（受け身、体さばき）、投げ技の連絡技１：膝車、支釣込足を用いた連絡技
3:
第３回
基本動作（受け身、体さばき）、投げ技の連絡技２：出足払、送足払を用いた連絡技
4:
第４回
投げ技の連絡技３：体落、大腰を用いた連絡技
5:
第５回
投げ技の連絡技４：小内刈、大内刈を用いた連絡技
6:
第６回
投げ技の連絡技５：大外刈、小外刈を用いた連絡技
7:
第７回
投げ技の変化技１：膝車、支釣込足を用いた変化技
8:
第８回
投げ技の変化技２：出足払、送足払を用いた変化技
9:
第９回
投げ技の変化技３：体落、大腰を用いた変化技
10:
第10回
投げ技の変化技４：小内刈、大内刈を用いた変化技
11:
第11回
投げ技の変化技５：大外刈、小外刈を用いた連絡技
抑え技１：袈裟固、後袈裟固を用いた連絡技
12:
第12回
抑え技２：横四方固、上四方固を用いた連絡技
投技と固技（抑え技）の総合練習
13:
第13回
投技と固技（抑え技）の総合練習
演武の練習
14:
第14回
技能テスト（演武）",必要に応じて資料を配布する。,"学校体育実技指導資料第2集 「柔道指導の手引(三訂版)」_文部科学省
https://www.mext.go.jp/a_menu/sports/jyujitsu/1334217.htm
安全で楽しい柔道授業ガイド ＿全日本柔道連盟
http://judo.or.jp/cms/wp-content/uploads/2019/02/h30-bukatsudo-guidebook.pdf","割合
評価基準
試験:
30％
実習発表での、投技・固技の基本技の約束練習での習熟度。
平常点評価:
70％
主体的・積極的な授業参加度、相手を尊重し安全に対する配慮を評価します。",,HSST111W,健康／スポーツ科学,スポーツコーチング,スポーツ方法学,初級レベル（入門・導入）,スポーツ方法実習γ群,１年以上,1,日本語,【対面】
2026,HSST111W,スポーツ方法実習II（剣道）,元田　亨,スポーツ,秋学期,火３時限,01:スポーツホール実習室１A 01:スポーツホール実習室１B,スポーツ方法実習Ⅰ（剣道）で習得した技能の向上を図ると共に、応用練習、試......,2000002214012026200000221420,,スポーツ方法実習Ⅰ（剣道）で習得した技能の向上を図ると共に、応用練習、試合練習を取り入れる。また、木刀による剣道基本技稽古法も練習する。,スポーツ方法実習Ⅰの到達目標をより一層高める事、また昇段審査を受験出来る様実技向上を図る。,剣道経験の少ない受講生は、十分に復習することが望ましい。,"1:
第１回
ガイダンス
2:
第２回
基本練習　（礼法、構え、足捌き、素振り）
3:
第３回
基本練習　（剣道具の着装法）
4:
第４回
基本練習　（打突法と受け方）
5:
第５回
基本練習　（切り返し、打ち込み稽古）
6:
第６回
応用練習　（引き技、連続技）
7:
第７回
応用練習　（面に対する応じ技）
8:
第８回
応用練習　（甲手に対する応じ技）
9:
第９回
応用練習、互角稽古
10:
第10回
木刀による剣道基本技稽古法　（基本１，２，３）
11:
第11回
木刀による剣道基本技稽古法　（基本４，５，６）
12:
第12回
木刀による剣道基本技稽古法　（基本７，８，９）
13:
第13回
木刀による剣道基本技稽古法　（基本１～９））
14:
第14回
実技試験",必要に応じてプリントを配布する。,授業時に紹介する。,"割合
評価基準
試験:
50％
実技テスト
平常点評価:
50％
出席重視",剣道具、竹刀、木刀は貸与する。,HSST111W,健康／スポーツ科学,スポーツコーチング,スポーツ方法学,初級レベル（入門・導入）,スポーツ方法実習γ群,１年以上,1,日本語,【対面】
2026,HSST111W,スポーツ方法実習II（ダンス） 01,杉山　千鶴／梶川　高志,スポーツ,秋学期,木３時限,01:１００-２１２ 01:スポーツホール実習室１A 01:スポーツホール実習室１B,本科目は主として実践的な教育が行われる科目である。方法実習Ⅰに続く「創作ダ......,2000002216012026200000221620,,"本科目は主として実践的な教育が行われる科目である。
方法実習Ⅰに続く「創作ダンス」と、「現代的なリズムのダンス」の２本立ての内容である。
１．「創作ダンス」
（１）方法実習Ⅰの経験を踏まえ、自身の言いたいこと・やりたいことを貫いたダンス作品を創作する。
併せて方法実習Ⅰとは異なった、劇場型スペースにおいて大発表会を開催する。
（２）振付の構成（組合せ）、空間構成（隊形や出ハケの活用）、照明効果についての講義により、「舞台で発表する」作品について理解する。
（３）（２）の講義を踏まえて作品を創作する。
ある程度作品がまとまったところで、舞台を想定したスペースで練習し、作品を固めていく。
（４）作品を活かす衣裳や小道具、照明などの美術について検討する。
（５）大発表会の会場で舞台稽古を行う。振付や空間構成を確認・調整する。また衣裳や小道具、照明のタイミングについても調整する。
（６）大発表会では様々なグループの作品を観賞し、空間や美術について事例を通して学習する。
※大発表会は公開形式とする。ただし状況に応じて変更の生じることがある。
２．「現代的なリズムのダンス」
プロの舞踊家によるワークショップを通した学習。
（１）リズムに乗るという基礎的な技法及び簡単な振付を習得する。
（２）（1）の振付に各自の創作を加えて作品化し、発表する。",本授業では、指導者（学校教育やダンススタジオ）或いは実践者として、作品の創作とその指導、発表や発表会の運営の際に向き合う以下の点について、実践と事例を通して理解する。,"事前学習：さまざまなダンスの動画を観賞する。
事後学習：授業で学習した内容の復習とイメージトレーニング。使用曲を聴き込んで身体に刷り込む。
※いずれも日常的に30～60分が望ましい。","1:
第１回：ガイダンス
（担当：杉山千鶴）本授業の概要ならびに授業に関わる事項について説明する。
2:
第２回：現代的なリズムのダンス①
（
担当：梶川高志）基礎の学習、振付の体験
3:
第３回：現代的なリズムのダンス②
（担当：梶川高志）振付の練習
4:
第４回：現代的なリズムのダンス③
（担当：梶川高志）振付の習得、部分の創作
5:
第５回：現代的なリズムのダンス④
（担当：梶川高志）作品化と発表
6:
第６回：創造的舞踊活動①講義と作品創作
（担当：杉山千鶴）劇場型スペースで発表するということについての講義を行い、事例を紹介する。振付の構成、空間構成、照明効果について考える。
7:
第７回：創造的舞踊活動②作品創作
（担当：杉山千鶴）テーマの決定、選曲、振付の開始
8:
第８回：創造的舞踊活動③作品創作
（担当：杉山千鶴）振付、音合わせ
9:
第９回：創造的舞踊活動④作品創作
（担当：杉山千鶴）振付、音合わせ、空間構成
10:
第10回：創造的舞踊活動⑤作品創作、美術の検討
（担当：杉山千鶴）振付、音合わせ、空間構成。衣裳・小道具等美術の検討
11:
第11回：創造的舞踊活動⑥作品の完成と照明案
（担当：杉山千鶴）通し稽古と修正を経て作品の完成。
舞台を想定したスペースで場当たりと通し練習を行う。動画を撮影してチェックし、作品の完成度を高める。
照明案の検討。衣装合わせと小道具の扱いの確認。
12:
第12回：創造的舞踊活動⑦舞台稽古
（担当：杉山千鶴）グループごとに順番に舞台稽古を行う。流れは以下の通り。
舞台稽古１回目：舞台上で場当たり（位置、移動の軌跡の確認）と音楽をかけて通す。
この時、照明合わせを行う。また小道具や大道具についての確認を行う。
→その後、舞台稽古1回目の内容を踏まえて修正・調整する。照明と音響の確認を行う。
→舞台稽古２回目：舞台上で確認の後、照明・音楽付きで通す。
13:
第13回：創造的舞踊活動⑧舞台稽古と大発表会
（担当：杉山千鶴）授業の前半の時間帯に、大発表会のプログラム順で舞台稽古（＝本番同様の通し）を行い、最終調整する。
授業の後半の時間帯に、大発表会を開催する。
14:
第14回：まとめ
（担当：杉山千鶴）大発表会のビデオ鑑賞。劇場型スペースにおける発表について作品創作・指導上の留意点の検討と本授業の総括。",なし,なし,"割合
評価基準
試験:
25％
第5回・第13回の発表作品における創意工夫と達成度
レポート:
0％
出席状況に応じて課すことがある。
平常点評価:
60％
毎回の授業への参加状況・取り組み姿勢
その他:
15％
随時課すシートの記入内容","第１回目の授業は教場でガイダンスを行うため、更衣不要。但し筆記具持参のこと。なお第1回目の授業に欠席した者は、Waseda Moodleからガイダンス時の配布資料をダウンロードし熟読すること。
状況により授業内容と授業計画に変更の生じることがある。その際はWaseda Moodleを通じて周知する。",HSST111W,健康／スポーツ科学,スポーツコーチング,スポーツ方法学,初級レベル（入門・導入）,スポーツ方法実習γ群,１年以上,1,日本語,【対面】
2026,HSST111W,スポーツ方法実習II（ダンス） 02,杉山　千鶴／梶川　高志,スポーツ,秋学期,木４時限,01:１００-２１２ 01:スポーツホール実習室１A 01:スポーツホール実習室１B,本科目は主として実践的な教育が行われる科目である。方法実習Ⅰに続く「創作ダ......,2000002216022026200000221620,,"本科目は主として実践的な教育が行われる科目である。
方法実習Ⅰに続く「創作ダンス」と、「現代的なリズムのダンス」の２本立ての内容である。
１．「創作ダンス」
（１）方法実習Ⅰの経験を踏まえ、自身の言いたいこと・やりたいことを貫いたダンス作品を創作する。
併せて方法実習Ⅰとは異なった、劇場型スペースにおいて大発表会を開催する。
（２）振付の構成（組合せ）、空間構成（隊形や出ハケの活用）、照明効果についての講義により、「舞台で発表する」作品について理解する。
（３）（２）の講義を踏まえて作品を創作する。
ある程度作品がまとまったところで、舞台を想定したスペースで練習し、作品を固めていく。
（４）作品を活かす衣裳や小道具、照明などの美術について検討する。
（５）大発表会の会場で舞台稽古を行う。振付や空間構成を確認・調整する。また衣裳や小道具、照明のタイミングについても調整する。
（６）大発表会では様々なグループの作品を観賞し、空間や美術について事例を通して学習する。
※大発表会は公開形式とする。ただし状況に応じて変更の生じることがある。
２．「現代的なリズムのダンス」
プロの舞踊家によるワークショップを通した学習。
（１）リズムに乗るという基礎的な技法及び簡単な振付を習得する。
（２）（1）の振付に各自の創作を加えて作品化し、発表する。",本授業では、指導者（学校教育やダンススタジオ）或いは実践者として、作品の創作とその指導、発表や発表会の運営の際に向き合う以下の点について、実践と事例を通して理解する。,"事前学習：さまざまなダンスの動画を観賞する。
事後学習：授業で学習した内容の復習とイメージトレーニング。使用曲を聴き込んで身体に刷り込む。
※いずれも日常的に30～60分が望ましい。","1:
第１回：ガイダンス
（担当：杉山千鶴）本授業の概要ならびに授業に関わる事項について説明する。
2:
第２回：現代的なリズムのダンス①
（
担当：梶川高志）基礎の学習、振付の体験
3:
第３回：現代的なリズムのダンス②
（担当：梶川高志）振付の練習
4:
第４回：現代的なリズムのダンス③
（担当：梶川高志）振付の習得、部分の創作
5:
第５回：現代的なリズムのダンス④
（担当：梶川高志）作品化と発表
6:
第６回：創造的舞踊活動①講義と作品創作
（担当：杉山千鶴）劇場型スペースで発表するということについての講義を行い、事例を紹介する。振付の構成、空間構成、照明効果について考える。
7:
第７回：創造的舞踊活動②作品創作
（担当：杉山千鶴）テーマの決定、選曲、振付の開始
8:
第８回：創造的舞踊活動③作品創作
（担当：杉山千鶴）振付、音合わせ
9:
第９回：創造的舞踊活動④作品創作
（担当：杉山千鶴）振付、音合わせ、空間構成
10:
第10回：創造的舞踊活動⑤作品創作、美術の検討
（担当：杉山千鶴）振付、音合わせ、空間構成。衣裳・小道具等美術の検討
11:
第11回：創造的舞踊活動⑥作品の完成と照明案
（担当：杉山千鶴）通し稽古と修正を経て作品の完成。
舞台を想定したスペースで場当たりと通し練習を行う。動画を撮影してチェックし、作品の完成度を高める。
照明案の検討。衣装合わせと小道具の扱いの確認。
12:
第12回：創造的舞踊活動⑦舞台稽古
（担当：杉山千鶴）グループごとに順番に舞台稽古を行う。流れは以下の通り。
舞台稽古１回目：舞台上で場当たり（位置、移動の軌跡の確認）と音楽をかけて通す。
この時、照明合わせを行う。また小道具や大道具についての確認を行う。
→その後、舞台稽古1回目の内容を踏まえて修正・調整する。照明と音響の確認を行う。
→舞台稽古２回目：舞台上で確認の後、照明・音楽付きで通す。
13:
第13回：創造的舞踊活動⑧舞台稽古と大発表会
（担当：杉山千鶴）授業の前半の時間帯に、大発表会のプログラム順で舞台稽古（＝本番同様の通し）を行い、最終調整する。
授業の後半の時間帯に、大発表会を開催する。
14:
第14回：まとめ
（担当：杉山千鶴）大発表会のビデオ鑑賞。劇場型スペースにおける発表について作品創作・指導上の留意点の検討と本授業の総括。",なし,なし,"割合
評価基準
試験:
25％
第5回・第13回の発表作品における創意工夫と達成度
レポート:
0％
出席状況に応じて課すことがある。
平常点評価:
60％
毎回の授業への参加状況・取り組み姿勢
その他:
15％
随時課すシートの記入内容","第１回目の授業は教場でガイダンスを行うため、更衣不要。但し筆記具持参のこと。なお第1回目の授業に欠席した者は、Waseda Moodleからガイダンス時の配布資料をダウンロードし熟読すること。
状況により授業内容と授業計画に変更の生じることがある。その際はWaseda Moodleを通じて周知する。",HSST111W,健康／スポーツ科学,スポーツコーチング,スポーツ方法学,初級レベル（入門・導入）,スポーツ方法実習γ群,１年以上,1,日本語,【対面】
2026,HSST111W,スポーツ方法実習II（ダンス） 03,杉山　千鶴／梶川　高志,スポーツ,秋学期,木２時限,01:１００-２１２ 01:スポーツホール実習室１A 01:スポーツホール実習室１B,本科目は主として実践的な教育が行われる科目である。方法実習Ⅰに続く「創作ダ......,2000002216032026200000221620,,"本科目は主として実践的な教育が行われる科目である。
方法実習Ⅰに続く「創作ダンス」と、「現代的なリズムのダンス」の２本立ての内容である。
１．「創作ダンス」
（１）方法実習Ⅰの経験を踏まえ、自身の言いたいこと・やりたいことを貫いたダンス作品を創作する。
併せて方法実習Ⅰとは異なった、劇場型スペースにおいて大発表会を開催する。
（２）振付の構成（組合せ）、空間構成（隊形や出ハケの活用）、照明効果についての講義により、「舞台で発表する」作品について理解する。
（３）（２）の講義を踏まえて作品を創作する。
ある程度作品がまとまったところで、舞台を想定したスペースで練習し、作品を固めていく。
（４）作品を活かす衣裳や小道具、照明などの美術について検討する。
（５）大発表会の会場で舞台稽古を行う。振付や空間構成を確認・調整する。また衣裳や小道具、照明のタイミングについても調整する。
（６）大発表会では様々なグループの作品を観賞し、空間や美術について事例を通して学習する。
※大発表会は公開形式とする。ただし状況に応じて変更の生じることがある。
２．「現代的なリズムのダンス」
プロの舞踊家によるワークショップを通した学習。
（１）リズムに乗るという基礎的な技法及び簡単な振付を習得する。
（２）（1）の振付に各自の創作を加えて作品化し、発表する。",本授業では、指導者（学校教育やダンススタジオ）或いは実践者として、作品の創作とその指導、発表や発表会の運営の際に向き合う以下の点について、実践と事例を通して理解する。,"事前学習：さまざまなダンスの動画を観賞する。
事後学習：授業で学習した内容の復習とイメージトレーニング。使用曲を聴き込んで身体に刷り込む。
※いずれも日常的に30～60分が望ましい。","1:
第１回：ガイダンス
（担当：杉山千鶴）本授業の概要ならびに授業に関わる事項について説明する。
2:
第２回：現代的なリズムのダンス①
（
担当：梶川高志）基礎の学習、振付の体験
3:
第３回：現代的なリズムのダンス②
（担当：梶川高志）振付の練習
4:
第４回：現代的なリズムのダンス③
（担当：梶川高志）振付の習得、部分の創作
5:
第５回：現代的なリズムのダンス④
（担当：梶川高志）作品化と発表
6:
第６回：創造的舞踊活動①講義と作品創作
（担当：杉山千鶴）劇場型スペースで発表するということについての講義を行い、事例を紹介する。振付の構成、空間構成、照明効果について考える。
7:
第７回：創造的舞踊活動②作品創作
（担当：杉山千鶴）テーマの決定、選曲、振付の開始
8:
第８回：創造的舞踊活動③作品創作
（担当：杉山千鶴）振付、音合わせ
9:
第９回：創造的舞踊活動④作品創作
（担当：杉山千鶴）振付、音合わせ、空間構成
10:
第10回：創造的舞踊活動⑤作品創作、美術の検討
（担当：杉山千鶴）振付、音合わせ、空間構成。衣裳・小道具等美術の検討
11:
第11回：創造的舞踊活動⑥作品の完成と照明案
（担当：杉山千鶴）通し稽古と修正を経て作品の完成。
舞台を想定したスペースで場当たりと通し練習を行う。動画を撮影してチェックし、作品の完成度を高める。
照明案の検討。衣装合わせと小道具の扱いの確認。
12:
第12回：創造的舞踊活動⑦舞台稽古
（担当：杉山千鶴）グループごとに順番に舞台稽古を行う。流れは以下の通り。
舞台稽古１回目：舞台上で場当たり（位置、移動の軌跡の確認）と音楽をかけて通す。
この時、照明合わせを行う。また小道具や大道具についての確認を行う。
→その後、舞台稽古1回目の内容を踏まえて修正・調整する。照明と音響の確認を行う。
→舞台稽古２回目：舞台上で確認の後、照明・音楽付きで通す。
13:
第13回：創造的舞踊活動⑧舞台稽古と大発表会
（担当：杉山千鶴）授業の前半の時間帯に、大発表会のプログラム順で舞台稽古（＝本番同様の通し）を行い、最終調整する。
授業の後半の時間帯に、大発表会を開催する。
14:
第14回：まとめ
（担当：杉山千鶴）大発表会のビデオ鑑賞。劇場型スペースにおける発表について作品創作・指導上の留意点の検討と本授業の総括。",なし,なし,"割合
評価基準
試験:
25％
第5回・第13回の発表作品における創意工夫と達成度
レポート:
0％
出席状況に応じて課すことがある。
平常点評価:
60％
毎回の授業への参加状況・取り組み姿勢
その他:
15％
随時課すシートの記入内容","第１回目の授業は教場でガイダンスを行うため、更衣不要。但し筆記具持参のこと。なお第1回目の授業に欠席した者は、Waseda Moodleからガイダンス時の配布資料をダウンロードし熟読すること。
状況により授業内容と授業計画に変更の生じることがある。その際はWaseda Moodleを通じて周知する。",HSST111W,健康／スポーツ科学,スポーツコーチング,スポーツ方法学,初級レベル（入門・導入）,スポーツ方法実習γ群,１年以上,1,日本語,【対面】
2026,HSST111W,スポーツ方法実習II（レジスタンストレーニング）,岡田　純一,スポーツ,秋学期,木２時限,東伏見ｽﾎﾟｰﾂﾎｰﾙ（B1 ﾄﾚｰﾆﾝｸﾞﾙｰﾑ）,スポーツ方法実習Ⅰ（レジスタンストレーニング）において、習得した技能を発......,2000002218012026200000221820,,スポーツ方法実習Ⅰ（レジスタンストレーニング）において、習得した技能を発展、応用していくため、種々のトレーニング種目、トレーニングシステムを実践していく。身体部位、動作別に分類されたトレーニング種目を30種目程度取り上げる。それぞれの運動について、その主働筋や実施上の留意点を理解し、トレーニング効果を高める上で必要な実践法を学ぶ。さらに各種トレーニングシステムの実践を通じて、目的・対象に応じたプログラムの内容について理解を深める。,"Squat（SQ）、Bench press（BP）およびPower clean（PC）における目標１RM値（体重比）を設定し実践力向上を図る。
種々のレジスタンスエクササイズを適切に実施できる。",各回の予習・復習には約90分～120分かかると想定されます。,"1:
第１回
オリエンテーション／Power clean, Back squat, Bench pressの復習
2:
第２回
Power clean, Back squat, Bench press（６RM-test）
3:
第３回
Arm curl, Concentration curl, Hammer curl, Front raise, Lateral raise, Cheat system.
Power clean, Back squat, Bench press（トレーニング）
4:
第４回
Bent over rowing, Upright rowing, Bent over, Exhaustion-set system.
Power clean, Back squat, Bench press（トレーニング）
5:
第５回
Front squat, Stiff-legged deadlift, Forced Repetitions system.
Power clean, Back squat, Bench press（トレーニング）
6:
第６回
Front press, Back press, Push press, Push jerk, Multi-poundage system.
Power clean, Back squat, Bench press（トレーニング）
7:
第７回
Pull-over, Triceps extension, Lunge Squat, Forward lunge, Side lunge.
Power clean, Back squat, Bench press（実技テスト）
8:
第８回
Fly, Bent over lateral raise, Flying sprit, Compound set system.
Power clean, Back squat, Bench press（トレーニング）
9:
第９回
Shoulder shrug, Split jerk, Power snatch, Super set system.
Power clean, Back squat, Bench press（トレーニング）
10:
第10回
Wrist flexion, Wrist extension, Wrist roller, Triangle system.
Power clean, Back squat, Bench press（トレーニング）
11:
第11回
Sit-ups, Leg raise, Dip, One Hand Row, Step-up, Lat-pull-down, Circuit system.
Power clean, Back squat, Bench press（トレーニング）
12:
第12回
Leg extension, Leg curl, Calf raise, Leg press, Super Slow and Negative system.
Power clean, Back squat, Bench press（トレーニング）
13:
第13回
口頭試問
Power clean, Back squat, Bench press（トレーニング）
14:
第14回
Power clean, Back squat, Bench press（1RM-test）",ストレングス＆コンディショニングⅡ［エクササイズ編］（大修館書店）,ストレングストレーニング＆コンディショニング第４版（ブックハウスHD）,"割合
評価基準
試験:
50％
口頭試問／挙上実績
平常点評価:
50％
トレーニング記録の評価","スポーツ方法実習Ⅰ（レジスタンストレーニング）を履修済みであること．
初回からトレーニング室で実施するので，トレーニングウェア、シューズを着用すること。",HSST111W,健康／スポーツ科学,スポーツコーチング,スポーツ方法学,初級レベル（入門・導入）,スポーツ方法実習γ群,１年以上,1,日本語,【対面】
2026,HSST111W,スポーツ方法実習II（器械運動）　01,土屋　純,スポーツ,秋学期,水２時限,スポーツホール実習室２,学校体育の７運動領域の一つである「器械運動」で取り扱われる内容のうち、「......,2000002220012026200000222020,,"学校体育の７運動領域の一つである「器械運動」で取り扱われる内容のうち、「鉄棒運動」をとりあげる。具体的には、以下のような課題「技」を設定し、その習得と習熟をはかることを通して、中学校・高等学校保健体育科教員として「器械運動」を指導する上で最低限必要な技能の習得とその指導方法を学習する。
鉄棒
・逆上がり
・足かけ上がり、腿かけ上がり
・け上がり
・前方支持回転
・後方支持回転
・踏み越し下り
・支持回転振り出し下り",上記に示した技ができるようになる。さらにその指導方法を理解できる。,各回の予習・復習には約90分～120分かかると想定されます。,"1:
第１回
ガイダンス
2:
第２回
テーマ：懸垂振動、内容：懸垂振動の技術解説と練習方法の実習
3:
第３回
テーマ：足かけ上がり、内容：足かけ上がりの技術解説と練習方法の実習
4:
第４回
テーマ：け上がり（１）、内容：け上がりの技術解説と練習方法の実習（基礎）
5:
第５回
テーマ：け上がり（２）、内容：け上がりの技術解説と練習方法の実習（応用）
6:
第６回
テーマ：前方支持回転、内容：前方支持回転の技術解説と練習方法の実習
7:
第７回
テーマ：逆上がり・後方支持回転、内容：逆上がり・後方支持回転の技術解説と練習方法の実習
8:
第８回
テーマ：下り技、内容：下り技の技術解説と練習方法の実習
9:
第９回
テーマ：各自課題練習（前方支持回転系）
10:
第10回
テーマ：各自課題練習（後方支持回転系）
11:
第11回
テーマ：各自課題練習（上がり技）
12:
第12回
テーマ：技能到達度の確認と解説（単独技・上がり技）
13:
第13回
テーマ：技能到達度の確認と解説（単独技・中技と下り技）
14:
第14回
テーマ：技能到達度の確認と解説（連続技）",なし,なし,"割合
評価基準
試験:
40％
第13、14、15回の授業時の技能到達度の確認によって課題技の習熟度を評価する。上記課題技が習得できない場合は単位の認定はなされない。
平常点評価:
60％
毎回の授業での取り組みの姿勢について評価する。なお、欠席が4回以上の場合には単位の認定はなされない。",教員養成を主眼とした実習であるので、履修者は教員志望であることが望ましく、授業参加に際してはそうした自覚を求める。,HSST111W,健康／スポーツ科学,スポーツコーチング,スポーツ方法学,初級レベル（入門・導入）,スポーツ方法実習γ群,１年以上,1,日本語,【対面】
2026,HSST111W,スポーツ方法実習II（器械運動）　02,水島　宏一,スポーツ,秋学期,月２時限,スポーツホール実習室２,学校体育の７運動領域の一つである「器械運動」で取り扱われる内容のうち、「......,2000002220022026200000222020,,"学校体育の７運動領域の一つである「器械運動」で取り扱われる内容のうち、「鉄棒運動」をとりあげる。具体的には、以下のような課題「技」を設定し、その習得と習熟をはかることを通して、中学校・高等学校保健体育科教員として「器械運動」を指導する上で最低限必要な技能の習得とその指導方法を学習する。
鉄棒
・逆上がり
・足かけ上がり、腿かけ上がり
・け上がり
・前方支持回転
・後方支持回転
・踏み越し下り
・支持回転振り出し下り",上記に示した技ができるようになる。さらにその指導方法を理解できる。,各回の予習・復習には約90分～120分かかると想定されます。,"1:
第１回
ガイダンス
2:
第２回
テーマ：懸垂振動、内容：懸垂振動の技術解説と練習方法の実習
3:
第３回
テーマ：足かけ上がり、内容：足かけ上がりの技術解説と練習方法の実習
4:
第４回
テーマ：け上がり（１）、内容：け上がりの技術解説と練習方法の実習（基礎）
5:
第５回
テーマ：け上がり（２）、内容：け上がりの技術解説と練習方法の実習（応用）
6:
第６回
テーマ：前方支持回転、内容：前方支持回転の技術解説と練習方法の実習
7:
第７回
テーマ：逆上がり・後方支持回転、内容：逆上がり・後方支持回転の技術解説と練習方法の実習
8:
第８回
テーマ：下り技、内容：下り技の技術解説と練習方法の実習
9:
第９回
テーマ：各自課題練習（前方支持回転系）
10:
第10回
テーマ：各自課題練習（後方支持回転系）
11:
第11回
テーマ：各自課題練習（上がり技）
12:
第12回
テーマ：技能到達度の確認と解説（単独技・上がり技）
13:
第13回
テーマ：技能到達度の確認と解説（単独技・中技と下り技）
14:
第14回
テーマ：技能到達度の確認と解説（連続技）",なし,なし,"割合
評価基準
試験:
40％
第13、14、15回の授業時の技能到達度の確認によって課題技の習熟度を評価する。上記課題技が習得できない場合は単位の認定はなされない。
平常点評価:
60％
毎回の授業での取り組みの姿勢について評価する。なお、欠席が4回以上の場合には単位の認定はなされない。",教員養成を主眼とした実習であるので、履修者は教員志望であることが望ましく、授業参加に際してはそうした自覚を求める。,HSST111W,健康／スポーツ科学,スポーツコーチング,スポーツ方法学,初級レベル（入門・導入）,スポーツ方法実習γ群,１年以上,1,日本語,【対面】
2026,HSST111W,スポーツ方法実習II（レスリング）,太田　章,スポーツ,秋学期,木２時限,01:スポーツホール実習室２ 01:武道場,レスリング競技は、マット上で２名の競技者が相対し、格闘して相手を組み伏せ......,2000002226012026200000222620,オリンピックレスリングを体験しよう？！,"レスリング競技は、マット上で２名の競技者が相対し、格闘して相手を組み伏せ、その両肩を同時にマットにつける（フォール）ことで勝負が決まる競技である。歴史的には紀元前約2000年の古代エジプトのものといわれる、ナイル河畔のベニハッサンの墓壁にレスリングの群像が無数に刻まれていたのが発見されたのをはじめ、古代ギリシャ時代、ローマ時代を通じて、古代オリンピックの主要種目の一つであった。もちろん近代オリンピックには、第１回アテネ大会（1896年）から採用され現在に至っている。すなわちレスリングは人間のもつ動物としての本能を引き出すスポーツであると言えるだろう。
この授業はUWW（国際レスリング協会）のフリースタイルおよびグレコローマンスタイルの型でオリンピックなどの国際試合に共通したレスリングを基本から実践し、そのスタンド技術、グランド技術を学び、VIDEO解析なども含めて理解し、試合ができるようになるまでを行う授業である。Ⅱは秋学期に応用的なものを行う。
毎回、３分２ラウンドのジョギング、２分３ラウンドの縄跳び、簡単なサーキットトレーニングを行った後にストレッチを行い、技の練習に入ります。",より深く、技のかけひきが、できるようになり、本格的に試合ができるようになる。,各回の予習・復習には約90分～120分かかると想定されます。,"1:
第１回
オリエンテーション。実技を行うので着替えを持参のこと。
2:
第２回
応用、レスリングの技の連続練習、タックル、投げ技、寝技１
3:
第３回
応用、レスリングの技の連続練習、タックル、投げ技、寝技２
4:
第４回
応用、レスリングの技の連続練習、タックル、投げ技、寝技３
5:
第５回
応用、レスリングの技の連続練習、タックル、投げ技、寝技４
6:
第６回
応用、レスリングの技の連続練習、タックル、投げ技、寝技５
7:
第７回
グランドレスリング技の駆け引き、シチュエーションレスリング１
8:
第８回
グランドレスリング技の駆け引き、シチュエーションレスリング２
9:
第９回
グランドレスリング技の駆け引き、シチュエーションレスリング３
10:
第10回
グランドレスリング技の駆け引き、シチュエーションレスリング４
11:
第11回
グランドレスリング技の駆け引き、シチュエーションレスリング５
12:
第12回
スパーリング１
13:
第13回
スパーリング２
14:
第14回
スパーリング３、まとめ",,コピーにて配付する。,"割合
評価基準
レポート:
20％
レポートによる評価
平常点評価:
80％
出席重視",,HSST111W,健康／スポーツ科学,スポーツコーチング,スポーツ方法学,初級レベル（入門・導入）,スポーツ方法実習γ群,１年以上,1,日本語,【対面】
2026,LANE202L,英語表現論I　02,須永　美奈子,スポーツ,秋学期,月１時限,79-305講義室,このコースは、基本的に対面授業である。英字新聞のオンライン記事を読み、レ......,2000002440022026200000244020,時事問題,このコースは、基本的に対面授業である。英字新聞のオンライン記事を読み、レポート作成しクラスメイトと討論する内容となる。,時事問題を英語で情報収集し、意見発信できる力を養う。,各回の予習・復習には約60分～100分かかると想定される。,"1:
第１回
オリエンテーション（本講義の目的と概要） ／ 本講義の目的と概要について説明する。
2:
第２回
英文記事の構成
3:
第３回
Headlineの文法：概論
4:
第４回
Heaｄlineの文法：省略の文法
5:
第５回
Ｈｅａｄｌｉｎｅの文法：前提知識
6:
第６回
Ｈｅａｄｌｉｎｅの演習
7:
第７回
Ｌｅａｄ　の概論
8:
第８回
Ｌｅａｄ　の演習
9:
第９回
Ｂｏｄｙ（本文）　の概論
10:
第10回
Ｂｏｄｙ（本文）　の演習
11:
第11回
The Japan Times
12:
第12回
CNN
13:
第13回
BBC
14:
第14回
総復習",なし。全てWaseda Moodle上にアップする。,,"割合
評価基準
試験:
0％
ペーパー試験は実施しない。
レポート:
70％
Waseda Moodleで提出。
平常点評価:
30％
出席率。
その他:
0％
上記の2点で成績評価する。","課題提出で出席を取る（提出期限厳守）。
欠席の数が4回以上になった場合は単位取得できない。",LANE202L,語学,英語,英語,中級レベル（発展・応用）,英語,２年以上,2,日本語,【対面】
2026,LANE202L,英語表現論II　02,須永　美奈子,スポーツ,秋学期,月２時限,79-305講義室,このコースは基本的に対面授業である。英文の記事を読み、各国の文化を比較し討......,2000002450022026200000245020,比較文化,このコースは基本的に対面授業である。英文の記事を読み、各国の文化を比較し討論する。,英文記事の読解と討論を繰り返すことにより、グローバルな視点を常に持ち、異文化を理解し受容する精神力を育てる。,各回の予習・復習には約60分～100分かかると想定される。,"1:
第１回
オリエンテーション　本講義の目的と概要について説明。
2:
第２回
Mind Map
3:
第３回
Major differences between individualistic and collectivistic cultures
4:
第４回
Happiness Factors
5:
第５回
Public opinions and Individual opinions
6:
第６回
Politeness
7:
第７回
Nonverbal communication
8:
第８回
Globalization
9:
第９回
Climate Change
10:
第10回
TED Speech
11:
第11回
Native Language that are difficult to express in English
12:
第12回
ABC News
13:
第13回
ABC News: What would you do?
14:
第14回
All Review",なし。すべてWaseda Moodle上で公開。,,"割合
評価基準
試験:
0％
ペーパー試験は実施しない。
レポート:
70％
Waseda Moodleで提出。
平常点評価:
30％
出席率
その他:
0％
上記の２点で評価する。","課題提出（提出期限厳守）で出席を取る。
欠席の数が4回以上になった場合は単位取得できない。",LANE202L,語学,英語,英語,中級レベル（発展・応用）,英語,２年以上,2,日本語,【対面】
2026,LANE202L,英語表現論III　02,須永　美奈子,スポーツ,秋学期,月３時限,79-305講義室,このコースは基本的に対面授業である。　英語４技能のうち、特にリーディング力......,2000002460022026200000246020,Science,このコースは基本的に対面授業である。　英語４技能のうち、特にリーディング力を伸ばすことに重点を置く。,自然科学、スポーツ科学のサイトから最新情報を得て、理解し討論する力を養う。,各回の予習・復習には約60分～100分かかると想定される。,"1:
第１回
オリエンテーション
2:
第２回
The Living World
3:
第３回
The Natural World
4:
第４回
The Technological World
5:
第５回
The World Beyond
6:
第６回
Climate Change
7:
第７回
Too Hot to Live?
8:
第８回
TED　Talk　概論
9:
第９回
TED　Talk 演習
10:
第10回
National Geographic：概論
11:
第11回
National Geographic：演習
12:
第12回
CNN Sports:  概論
13:
第13回
CNN Sports:  演習
14:
第14回
All Review",なし。すべてWaseda Moodle上にアップする。,,"割合
評価基準
試験:
0％
ペーパー試験は実施しない。
レポート:
70％
Waseda Moodleで提出。
平常点評価:
30％
出席率。
その他:
0％
上記の2点で成績評価する。","課題提出（期限厳守）で出席を取る。
欠席回数が4回以上になった場合は単位習得できない。",LANE202L,語学,英語,英語,中級レベル（発展・応用）,英語,２年以上,2,日本語,【対面】
2026,LANE103L,スポーツ英語Ｂ：種目別（バスケットボール）　02,倉石　平,スポーツ,秋学期,水３時限,79-303講義室,バスケットボール競技はアメリカで創案された。そのため使われる言語はほぼ英......,2000002520022026200000252020,,"バスケットボール競技はアメリカで創案された。そのため使われる言語はほぼ英語である。競技自身もNBAを中心としたアメリカでシステム開発がなされていることがあり、特殊な英語でいろいろな意味を形成している。したがってバスケットボールでは、文献・雑誌からTVの実況・解説にいたるまで特別な表現方法を使用することが多い。
本授業では、歴史、ルールなどの文献、戦術・基本的なプレイのダイアグラム、そして実際の雑誌の記事やDVDを使用して、バスケットボール独特の英語表現を説明する。またバスケットボール競技を観戦する楽しみを初心者の人にも知ってほしいと考えている。ヒアリング能力も向上させてもらいたい。",・バスケットボールにおけるルール；基本的なプレイ・戦術の理解,各回の予習・復習には約90分～120分かかると想定されます。,"1:
第１回
オリエンテーション、本講義の内容と注意
2:
第２回
バスケットボールの特殊な言い回し、ダイアグラムの解読
3:
第３回
バスケットボールの基本的なルール　１（Original）
4:
第４回
バスケットボールの基本的なルール　２（International）
5:
第５回
バスケットボールの基本的なルール　３（NBA）
6:
第６回
バスケットボールの用語の説明　１
7:
第７回
バスケットボールの用語の説明　２
8:
第８回
バスケットボールの戦術・戦略の説明　１
9:
第９回
バスケットボールの戦術・戦略の説明　２
10:
第10回
バスケットボールゲームの観戦と説明　１
11:
第11回
バスケットボールゲームの観戦と説明　２
12:
第12回
バスケットボールゲームの観戦と説明　３
13:
第13回
バスケットボールゲームの観戦と説明　4
14:
第14回
まとめ　達成度テストもしくはレポート",特に指定なし。必要に応じて紹介する。,必要に応じて紹介する。,"割合
評価基準
試験:
50％
第1４回目の授業時間中に試験を実施
レポート:
50％
毎回の授業の理解度の確認のためにレポートを課す",,LANE103L,語学,英語,英語,初級レベル（入門・導入）,コミュニケーション科目,１年以上,2,日本語,【対面】
2026,LANE103L,スポーツ英語Ｂ：種目別（バスケットボール）　03,倉石　平／松藤　貴秋,スポーツ,秋学期,金３時限,79-303講義室,バスケットボール競技はアメリカで創案された。そのため使われる言語はほぼ英......,2000002520032026200000252020,,"バスケットボール競技はアメリカで創案された。そのため使われる言語はほぼ英語である。競技自身もNBAを中心としたアメリカでシステム開発がなされていることがあり、特殊な英語でいろいろな意味を形成している。したがってバスケットボールでは、文献・雑誌からTVの実況・解説にいたるまで特別な表現方法を使用することが多い。
本授業では、歴史、ルールなどの文献、戦術・基本的なプレイのダイアグラム、そして実際の雑誌の記事やDVDを使用して、バスケットボール独特の英語表現を説明する。またバスケットボール競技を観戦する楽しみを初心者の人にも知ってほしいと考えている。ヒアリング能力も向上させてもらいたい。",・バスケットボールにおけるルール；基本的なプレイ・戦術の理解,各回の予習・復習には約90分～120分かかると想定されます。,"1:
第１回
オリエンテーション、本講義の内容と注意
2:
第２回
バスケットボールの特殊な言い回し、ダイアグラムの解読
3:
第３回
バスケットボールの基本的なルール　１（Original）
4:
第４回
バスケットボールの基本的なルール　２（International）
5:
第５回
バスケットボールの基本的なルール　３（NBA）
6:
第６回
バスケットボールの用語の説明　１
7:
第７回
バスケットボールの用語の説明　２
8:
第８回
バスケットボールの戦術・戦略の説明　１
9:
第９回
バスケットボールの戦術・戦略の説明　２
10:
第10回
バスケットボールゲームの観戦と説明　１
11:
第11回
バスケットボールゲームの観戦と説明　２
12:
第12回
バスケットボールゲームの観戦と説明　３
13:
第13回
バスケットボールゲームの観戦と説明　4
14:
第14回
まとめ　達成度テストもしくはレポート",特に指定なし。必要に応じて紹介する。,必要に応じて紹介する。,"割合
評価基準
試験:
50％
第1４回目の授業時間中に試験を実施
レポート:
50％
毎回の授業の理解度の確認のためにレポートを課す",,LANE103L,語学,英語,英語,初級レベル（入門・導入）,コミュニケーション科目,１年以上,2,日本語,【対面】
2026,LANE103L,スポーツ英語Ｂ：種目別（サッカー）　03,小林　美由紀,スポーツ,秋学期,木１時限,79-305講義室,世界最大のスポーツであるサッカーを通じて、国際舞台でコミュニケーションを......,2000002521032026200000252120,,"世界最大のスポーツであるサッカーを通じて、国際舞台でコミュニケーションを取れる能力を養うことを目的とする。
授業は基本的に英語で行い、積極的に発話することが求められる。
最新のサッカー情報やルールなどの英文を読んだり、試合の実況や選手のインタビューを聞き取ったり、ゲームレポートを書いたり、サッカーを通じた英語表現を学ぶ。
毎回授業の最初に簡単な小テスト（クイズ）を行い、前回までの復習をする。
コースは、出席、クイズ、宿題、期末テスト、オーラルインタビューで、評価を決定する。",自身が、サッカーの選手として、指導者として、運営者として、メディアとして、観客として、海外に行った場合、最低限のコミュニケーションが可能にようになることをこの講義の目標とする。,各回の予習・復習には約30分～90分かかると想定されます。,"1:
第１回
オリエンテーション・自己紹介
2:
第２回
世界のサッカー組織（１）
3:
第３回
世界のサッカー組織（２）
4:
第４回
世界のサッカー、日本のサッカー
5:
第５回
FIFAワールドカップ
6:
第６回
FIFAワールドカップ
7:
第７回
Match Article の書き方
8:
第８回
Match Article の書き方
9:
第９回
Match Article の書き方　実践
10:
第10回
日本、世界のサッカー最新トピック
11:
第11回
日本、世界のサッカー最新トピック
12:
第12回
日本、世界のサッカー最新トピック
13:
第13回
前回までのレビュー
14:
第14回
筆記テストとオーラルインタビュー",,,"割合
評価基準
試験:
25％
試験による評価
レポート:
13％
宿題による評価
平常点評価:
55％
平常点による評価　出席／授業態度（30％）　授業で行われるクイズの点数。（25％）
その他:
7％
オーラルインタビュー",授業の最初に、毎回10問のクイズを行う（平常点評価に含む）,LANE103L,語学,英語,英語,初級レベル（入門・導入）,コミュニケーション科目,１年以上,2,日本語,【対面】
2026,LANE103L,スポーツ英語Ｂ：種目別（サッカー）　04,小林　美由紀,スポーツ,秋学期,木２時限,79-305講義室,世界最大のスポーツであるサッカーを通じて、国際舞台でコミュニケーションを......,2000002521042026200000252120,,"世界最大のスポーツであるサッカーを通じて、国際舞台でコミュニケーションを取れる能力を養うことを目的とする。
授業は基本的に英語で行い、積極的に発話することが求められる。
最新のサッカー情報やルールなどの英文を読んだり、試合の実況や選手のインタビューを聞き取ったり、ゲームレポートを書いたり、サッカーを通じた英語表現を学ぶ。
毎回授業の最初に簡単な小テスト（クイズ）を行い、前回までの復習をする。
コースは、出席、クイズ、宿題、期末テスト、オーラルインタビューで、評価を決定する。",自身が、サッカーの選手として、指導者として、運営者として、メディアとして、観客として、海外に行った場合、最低限のコミュニケーションが可能にようになることをこの講義の目標とする。,各回の予習・復習には約30分～90分かかると想定されます。,"1:
第１回
オリエンテーション・自己紹介
2:
第２回
世界のサッカー組織（１）
3:
第３回
世界のサッカー組織（２）
4:
第４回
世界のサッカー、日本のサッカー
5:
第５回
FIFAワールドカップ
6:
第６回
FIFAワールドカップ
7:
第７回
Match Article の書き方
8:
第８回
Match Article の書き方
9:
第９回
Match Article の書き方　実践
10:
第10回
日本、世界のサッカー最新トピック
11:
第11回
日本、世界のサッカー最新トピック
12:
第12回
日本、世界のサッカー最新トピック
13:
第13回
前回までのレビュー
14:
第14回
筆記テストとオーラルインタビュー",,,"割合
評価基準
試験:
25％
試験による評価
レポート:
13％
宿題による評価
平常点評価:
55％
平常点による評価　出席／授業態度（30％）　授業で行われるクイズの点数。（25％）
その他:
7％
オーラルインタビュー",授業の最初に、毎回10問のクイズを行う（平常点評価に含む）,LANE103L,語学,英語,英語,初級レベル（入門・導入）,コミュニケーション科目,１年以上,2,日本語,【対面】
2026,LANE103L,スポーツ英語Ｂ：種目別（陸上競技）　02,欠畑　岳,スポーツ,秋学期,金２時限,１００-２０５,陸上競技の中心は欧米であり、世界最高峰の試合ダイヤモンドリーグも欧米各国を......,2000002522022026200000252220,,"陸上競技の中心は欧米であり、世界最高峰の試合ダイヤモンドリーグも欧米各国を中心に開催される。
世界陸上競技連盟はモナコに拠点を構え、陸上競技の普及・強化・育成に取り組む国際競技団体であり、多くの国際問題にも取り組んでいる。また、各主要競技会のスケジュールやルール改正も世界陸連の決定に従うため、「英語」により情報を得ることが必須となる。本講義では、各コンテンツに触れながら、陸上競技の世界的なトレンドや歴史についても解説していく。各回の冒頭には基本的な日常会話の英語表現についても紹介する。設定されたテーマについて、グループディスカッションやグループワークにより理解を深める。","・陸上競技に関連する英語のドキュメント、各コンテンツに触れ、国際競技力向上、国際連携に必要な視点や知識を獲得する。
・陸上競技の各種目における技術・戦術の基本的を理解する。",各回の予習・復習には約30-60分かかると想定されます。,"1:
第１回
授業ガイダンス、履修上の注意、評価方法の説明、オリエンテーション
2:
第２回
陸上競技の概要、世界陸連における普及、強化、育成の取組
3:
第３回
ダイヤモンドリーグの概要
4:
第４回
国際競技会への試合参加、交渉、代理人との連携
5:
第５回
日本と欧米諸国、東南アジア地域との競技スケジュールの比較
6:
第６回
短距離走の競技規則、技術戦術の理解
7:
第７回
ハードル走の競技規則、技術戦術の理解
8:
第８回
中・長距離走の競技規則、技術戦術の理解
9:
第９回
走幅跳の競技規則、技術戦術の理解
10:
第10回
走高跳の競技規則、技術戦術の理解
11:
第11回
走り幅跳びについて　動画による技術理解
12:
第12回
砲丸投げ、槍投げの競技規則、技術戦術の理解
13:
第13回
クロスカントリー、駅伝の競技規則、技術戦術の理解
14:
第14回
到達度の確認",教室で資料を配布します,,"割合
評価基準
試験:
50％
最終回には、到達度の確認としてテストを実施します
レポート:
20％
毎回の授業で簡単な記述を求めます
平常点評価:
30％
授業態度含め総合的に評価します",＊なお授業の展開により内容を入れ替えることもあります。,LANE103L,語学,英語,英語,初級レベル（入門・導入）,コミュニケーション科目,１年以上,2,日本語,【対面】
2026,LANE103L,スポーツ英語Ｂ：種目別（水泳）,松浦　由生子,スポーツ,秋学期,火４時限,-,水泳競技に関連する国際雑誌に掲載された最新の文献から専門的知識を身につける......,2000002523012026200000252320,,水泳競技に関連する国際雑誌に掲載された最新の文献から専門的知識を身につける。水泳競技に関する学術論文の検索方法を学び、興味がある内容に関する科学的知識を収集するスキルを身につける。,水泳競技における基本的な表現や用語に対する理解ができるようになる。水泳競技に関連した英語論文をデータベースから検索し、論文の内容を把握することができるようになる。,各回の予習・復習には約90分～120分かかると想定されます。,"1:
第１回
受講ガイダンス
2:
第２回
水泳に関する英語の基礎知識と専門用語、文献検索方法の解説
3:
第３回
水泳に関する英語の学術論文の読解①（グループワーク）
4:
第４回
水泳に関する英語の学術論文の読解②（グループワーク）
5:
第５回
水泳に関する英語の学術論文の読解③（グループワーク）
6:
第６回
水泳に関する英語の学術論文の読解④（グループワーク）
7:
第７回
発表の準備（グールプワーク）
8:
第８回
水泳に関する科学的エビデンス（論文）の紹介①（発表と議論）
9:
第９回
水泳に関する科学的エビデンス（論文）の紹介②（発表と議論）
10:
第10回
水泳に関する科学的エビデンス（論文）の紹介③（発表と議論）
11:
第11回
水泳に関する科学的エビデンス（論文）の紹介④（発表と議論）
12:
第12回
水泳に関する科学的エビデンス（論文）の紹介⑤（発表と議論）
13:
第13回
水泳に関する科学的エビデンス（論文）の紹介⑥（発表と議論）
14:
第14回
水泳に関する科学的エビデンス（論文）の紹介⑦（発表と議論）",なし,なし,"割合
評価基準
レポート:
70％
課題の提出状況（英語論文の事前の抄読、担当論文の要約、自分で検索した論文の日本語訳）
平常点評価:
30％
出席状況、授業中の発言、講義への参加姿勢によって評価する。",グループワークおよびプレゼンテーションを実施する。授業形式はオンラインで実施する。,LANE103L,語学,英語,英語,初級レベル（入門・導入）,コミュニケーション科目,１年以上,2,日本語,【オンライン】リアルタイム配信
2026,LANE103L,スポーツ英語Ｃ：会話　04,バートレイ　ドナルド　クレイトン,スポーツ,秋学期,月２時限,１００-２０４,This course gives you maximum freedom of expression. To let you speak free......,2000002530042026200000253020,English Discusssion,"This course gives you maximum freedom of expression. To let you speak freely, you will choose what topics you want to discuss in the style of informal meetings. Because of the unrestricted nature（open format) of the course, you must attend classes regularly to ensure continuity within the lessons.",This course will not only improve your speaking skills but also enhance logical reasoning.,各回の予習・復習には約90分～120分かかると想定されます。,"1:
第１回
Introduction to Class - Lesson overview
2:
第２回
Effective strategies for discussion
3:
第３回
Useful expressions & developing Listening Skills
4:
第４回
Deciding topic for discussion
5:
第５回
Discussion of the topic
6:
第６回
Continuing the discussion of the topic
7:
第７回
Post-discussion analysis & post-discussion reports to be submitted within two weeks.
8:
第８回
Topic for discussion
9:
第９回
Discussion
10:
第10回
Continuing the discussion
11:
第11回
Post-discussion analysis & post-discussion reports to be submitted within two weeks.
12:
第12回
Topic for discussion
13:
第13回
Discussion
14:
第14回
Continuing the discussion","No textbook. However, you must bring your dictionary, notebook & writing implements to each lesson. Handouts & other related materials shall be provided by the instructor.",None.,"割合
評価基準
試験:
0％
N/A
レポート:
50％
Post-discussion reports
平常点評価:
50％
Active participation in discussions.
その他:
0％
N/A",,LANE103L,語学,英語,英語,初級レベル（入門・導入）,コミュニケーション科目,１年以上,1,日本語,【対面】
2026,LANE103L,スポーツ英語Ｄ：文献（健康スポーツ） 02,中村　宣博,スポーツ,秋学期,水１時限,１００-１１６,健康スポーツ分野における重要な専門用語とその概念・定義を学んだ上で、当該分......,2000002541022026200000254120,,健康スポーツ分野における重要な専門用語とその概念・定義を学んだ上で、当該分野に関する英語の学術論文の読解に挑戦します。また、英語の学術論文の検索方法を学び、興味があるトピックについてエビデンスを収集するスキルを養います。,"・健康スポーツ分野における重要な専門用語を理解する。
・健康スポーツに関する英語の学術論文を適切に読解できるようになる。
・興味があるトピックに関する英語の学術論文を検索し、エビデンスを収集できるようになる。",各回の予習・復習には約90分～120分かかると想定されます。,"1:
第１回
受講ガイダンス：授業の概要と進め方
2:
第２回
科学論文の構成・読み方・種類の理解
3:
第３回
英語論文の検索方法の理解
4:
第４回
健康スポーツに関する
英語論文の読解
5:
第５回
健康スポーツに関する専門用語の理解①
6:
第６回
健康スポーツに関する専門用語の理解②
7:
第７回
グループワーク
（論文の担当箇所をグループメンバーに紹介、発表準備）
8:
第８回
健康スポーツに関する英語の学術論文の読解①（発表と議論、教員による解説）
9:
第９回
健康スポーツに関する英語の学術論文の読解②（発表と議論、教員による解説）
10:
第10回
健康スポーツに関する英語の学術論文の読解③（発表と議論、教員による解説）
11:
第11回
グループワーク（テーマ決定、英語の学術論文の検索、役割分担）
12:
第12回
興味があるトピックに関するエビデンスの紹介①（発表と議論）
13:
第13回
興味があるトピックに関するエビデンスの紹介②（発表と議論）
14:
第14回
興味があるトピックに関するエビデンスの紹介③（発表と議論）",必要に応じて資料等を配布します。,,"割合
評価基準
試験:
10％
小テストの得点
レポート:
50％
課題の提出状況により評価します。課題は以下を予定しています。
平常点評価:
40％
・授業の出席状況、授業中の発言、グループワークへの参加姿勢：20%
・発表（2回）の内容：20%","・授業中に分からない英単語の意味を調べられるように、英和・和英辞書を持参するか（電子辞書可）、ネットワークに接続されたノートパソコン、タブレットあるいはスマートフォンなどを準備してください。
・授業中に資料のPDFファイルを見られるように、タブレットやノートパソコンの持参を推奨します。
・授業を通じて数本の英語論文を読むことになります。課題も多く大変だと思いますが、「英語論文の読解に挑戦したい」という意欲のある方は、是非受講してください。",LANE103L,語学,英語,英語,初級レベル（入門・導入）,コミュニケーション科目,１年以上,2,日本語,【対面】
2026,LANE103L,スポーツ英語Ｄ：文献（トレーナー）　01,渡部　賢一,スポーツ,秋学期,無フルOD,-,この科目では、アスレティックトレーニングに関する教科書及び文献（いずれも......,2000002543012026200000254320,,この科目では、アスレティックトレーニングに関する教科書及び文献（いずれも英文）から、アスレティックトレーナーの教育システム、アスレティックトレーナーの責務、スポーツ傷害の予防、評価、応急処置、リハビリテーション、スポーツ傷害などのトピックを抜粋し、これを日本語に翻訳する。本授業は全回オンデマンド授業として実施します。,この授業を通してアスレティックトレーナーの全体像をつかみスポーツ傷害についての知識を身につけながら、アスレティックトレーニングに関する文献を英語で理解できるようにする。,各回の予習・復習には約90分～120分かかると想定されます。,"1:
第１回
Course Guidance　受講ガイダンス
2:
第２回
Core Concepts in Athletic Training and Therapy I　アスレティックトレーニング概論 I
3:
第３回
Core Concepts in Athletic Training and Therapy II　アスレティックトレーニング概論 II
4:
第４回
Core Concepts in Athletic Training and Therapy II　アスレティックトレーニング概論 III
5:
第５回
Injury Classifications I　傷害の分類 I
6:
第６回
Injury Classifications I　傷害の分類 II
7:
第７回
Injury Classifications II　傷害の分類 III
8:
第８回
Terminologies of Functional Anatomy　機能解剖学用語 I
9:
第９回
Terminologies of Functional Anatomy　機能解剖学用語 II
10:
第10回
Terminologies of Functional Anatomy　機能解剖学用語 III
11:
第11回
Selected Topics in Athletic Injuries I　スポーツ傷害 I
12:
第12回
Selected Topics in Athletic Injuries ＩI　スポーツ傷害 ＩI
13:
第13回
Selected Topics in Athletic Injuries ＩIＩ　スポーツ傷害 ＩIＩ
14:
第14回
Selected Topics in Athletic Injuries IV　スポーツ傷害 IV",,"『ステッドマン医学大辞典』　メジカルビュー社
『リーダーズ英和辞典』　研究社","割合
評価基準
その他:
100％
毎回実施する小テストの合計",14回分の授業計画に記載されている内容は前後する場合があります。,LANE103L,語学,英語,英語,初級レベル（入門・導入）,コミュニケーション科目,１年以上,2,日本語,【オンライン】フルオンデマンド
2026,LANE103L,スポーツ英語Ｄ：文献（トレーナー）　04,前道　俊宏,スポーツ,秋学期,水３時限,１００-４１０,将来トレーナーとして活躍するためには日々英語論文から最新の専門知識を取り入......,2000002543042026200000254320,,この科目では、アスレティックトレーニングに関する教科書及び文献（いずれも英文）から、アスレティックトレーナーの教育システム、アスレティックトレーナーの責務、スポーツ傷害の予防、評価、応急処置、リハビリテーション、スポーツ傷害などのトピックを抜粋し、これを日本語に翻訳する。本授業は全回オンデマンド授業として実施します。,この授業を通してアスレティックトレーナーの全体像をつかみスポーツ傷害についての知識を身につけながら、アスレティックトレーニングに関する文献を英語で理解できるようにする。,各回の予習・復習には約90分～120分かかると想定されます。,"1:
第１回
Course Guidance　受講ガイダンス
2:
第２回
Core Concepts in Athletic Training and Therapy I　アスレティックトレーニング概論 I
3:
第３回
Core Concepts in Athletic Training and Therapy II　アスレティックトレーニング概論 II
4:
第４回
Core Concepts in Athletic Training and Therapy II　アスレティックトレーニング概論 III
5:
第５回
Injury Classifications I　傷害の分類 I
6:
第６回
Injury Classifications I　傷害の分類 II
7:
第７回
Injury Classifications II　傷害の分類 III
8:
第８回
Terminologies of Functional Anatomy　機能解剖学用語 I
9:
第９回
Terminologies of Functional Anatomy　機能解剖学用語 II
10:
第10回
Terminologies of Functional Anatomy　機能解剖学用語 III
11:
第11回
Selected Topics in Athletic Injuries I　スポーツ傷害 I
12:
第12回
Selected Topics in Athletic Injuries ＩI　スポーツ傷害 ＩI
13:
第13回
Selected Topics in Athletic Injuries ＩIＩ　スポーツ傷害 ＩIＩ
14:
第14回
Selected Topics in Athletic Injuries IV　スポーツ傷害 IV",,"『ステッドマン医学大辞典』　メジカルビュー社
『リーダーズ英和辞典』　研究社","割合
評価基準
その他:
100％
毎回実施する小テストの合計",14回分の授業計画に記載されている内容は前後する場合があります。,LANE103L,語学,英語,英語,初級レベル（入門・導入）,コミュニケーション科目,１年以上,2,日本語,【オンライン】フルオンデマンド
2026,LANE103L,スポーツ英語Ｄ：文献（スポーツ文化） 03,安永　太地,スポーツ,秋学期,水４時限,79-402講義室,本講義では、英語初級レベルを対象としてスポーツ文化に関する英語文献を講読......,2000002544032026200000254420,,本講義では、英語初級レベルを対象としてスポーツ文化に関する英語文献を講読し、基礎知識と専門語彙を養成する。特に、近年国際的に注目されるIntegrity（誠実さ）やWell-being（よく生きる、良い状態）といった日本語のみでは捉えきれない概念について、英語文献を手がかりに意味・内容を検討する。また、国際的な主要スポーツ団体の英文報告書を要約・比較することで、スポーツ文化への多角的理解を深める。,"・スポーツ文化に関する基礎概念と専門語彙を理解する。
・英語文献を要約し、論点を整理できる。
・諸外国の議論を比較し、自らの見解を述べられる。",各回の予習・復習には約90分～120分かかると想定されます。,"1:
第１回
授業ガイダンス：本講義の目的と概要、進め方
2:
第２回
英語論文の読解方法と検索方法（1）
3:
第３回
英語論文の読解方法と検索方法（2）
4:
第４回
英語論文の読解方法と検索方法（3）
5:
第５回
英語文献と生成AIの活用とリスク（1）
6:
第６回
英語文献と生成AIの活用とリスク（2）
7:
第７回
諸外国の英語文献（Sport Integrity）に関する要約・議論（1）
8:
第８回
諸外国の英語文献（Sport Integrity）に関する要約・議論（2）
9:
第９回
諸外国の英語文献（Sport Integrity）に関する要約・議論（3）
10:
第１０回
英語文献と国際的なキャリア（1）（ゲストスピーカーを予定）
11:
第１１回
英語文献と国際的なキャリア（2）（ゲストスピーカーを予定）
12:
第１２回
諸外国の英語文献（Well-being in Sport）に関する要約・議論（1）
13:
第１３回
諸外国の英語文献（Well-being in Sport）に関する要約・議論（2）
14:
第１４回
諸外国の英語文献（Well-being in Sport）に関する要約・議論（3）",毎回資料を配布します。,,"割合
評価基準
レポート:
75％
課題は授業内に提示します。（3回×25点）
平常点評価:
25％
一部授業のリアクションペーパー（25点）",授業中に分からない英単語の意味を調べられるように、辞書・ノートパソコン、タブレット等を準備してください。,LANE103L,語学,英語,英語,初級レベル（入門・導入）,コミュニケーション科目,１年以上,2,日本語,【対面】
2026,LANE101L,スポーツ英語Ｄ：文献（医科学）,塚本　敏人,スポーツ,秋学期,火２時限,１００-２０４,スポーツ医科学に関連する英語の教科書・記事・学術論文を講読し、基本的な読解......,2000002550012026200000255020,,スポーツ医科学に関連する英語の教科書・記事・学術論文を講読し、基本的な読解方法を学ぶとともに、基礎的な知識や専門用語を学ぶ。また、個人の目的・興味に応じた適切な学習を行うための国際的な学術論文の検索方法についても解説する。,"・スポーツ医科学に関する専門用語に慣れ、国際的な学術論文読解のための基礎知識を身につける。
・スポーツ医科学に関する最新の研究成果を学ぶために、学術論文を検索し、内容を理解できるようになる。",各回の予習・復習には約90分～120分かかると想定される。,"1:
第１回
受講ガイダンス：本講義の目的と概要、進め方について説明する
2:
第２回
教科書・記事の読解１
英語の教科書や記事を講読するための基本的な読解方法および専門用語を学ぶ
3:
第３回
教科書・記事の読解２
英語の教科書や記事を講読するための基本的な読解方法および専門用語を学ぶ
4:
第４回
国際的学術論文の読解方法１
研究成果を学ぶため、基礎的な研究手法や研究デザインについて学ぶ
5:
第５回
国際的学術論文の読解方法２
国際的学術論文を講読するための基本的な読解方法および専門用語を学ぶ
6:
第６回
国際的学術論文の読解方法３
国際的学術論文を講読するための基本的な読解方法および専門用語を学ぶ
7:
第７回
国際的学術論文の検索方法１
国際的学術論文を検索する方法を学ぶ
8:
第８回
国際的学術論文の検索方法２（グループワーク）
興味のあるテーマについての国際的学術論文を検索する
9:
第９回
国際的学術論文の検索方法３（グループワーク）
興味のあるテーマについての国際的学術論文を講読する
10:
第10回
国際的学術論文の読解１（プレゼンテーション）
グループワークの成果を発表する
11:
第11回
国際的学術論文の読解２（プレゼンテーション）
グループワークの成果を発表する
12:
第12回
国際的学術論文の読解３（プレゼンテーション）
グループワークの成果を発表する
13:
第13回
国際的学術論文の読解４（プレゼンテーション）
グループワークの成果を発表する
14:
第14回
国際的学術論文の読解５（プレゼンテーション）
グループワークの成果を発表する",なし（資料は適宜配布する）,なし,"割合
評価基準
試験:
20％
第15回目の授業時間中に試験を実施し、到達度の確認を行う。
平常点評価:
30％
授業理解度の確認のため、小テスト（復習テスト）を不定期で行う。
その他:
50％
国際的学術論文の読解とプレゼンテーションにより評価を行う。","グループワークおよびプレゼンテーションを実施する。
授業には、英和・和英辞書を必ず持参すること。
※受講者数や授業の進行状況によって講義内容が変更になる場合がある。",LANE101L,語学,英語,英語,初級レベル（入門・導入）,コミュニケーション科目,１年以上,2,日本語,【対面】
2026,LANE103L,スポーツ英語Ｄ：文献（トレーニング科学）,川間　羅聖,スポーツ,秋学期,水３時限,１００-１１６,本講義では、スポーツパフォーマンス向上や健康増進、傷害予防等を目的として“......,2000002558012026200000255820,,本講義では、スポーツパフォーマンス向上や健康増進、傷害予防等を目的として“トレーニング“を実施・処方する学生が、自身の経験だけでなく最新の科学的知見を取り入れられるように、トレーニング科学に関する英語論文を収集・読解する方法を学びます。スポーツ現場での疑問や仮説を解決するために、英語論文をどのように探し、理解し、実生活に活かしていくか、その一連のプロセスの習得を目指します。英語力そのものの向上を目的とするのではなく、必要な情報を適切に取得し活用することを重視するため、英語に不安がある学生もぜひトライしていただきたい。,英語論文の読解方法を理解し、トレーニング科学に関する基礎知識を習得することを目標とする。また英文読解に慣れ、最新の知見を学ぶことで、学生自身の今後の勉学・研究・生活へ活用することを目指す。,各回の予習・復習には約90分～120分かかると想定されます。,"1:
第1回：ガイダンス（本講義の目的・概要・評価基準）/科学英語論文の重要性
2:
第2回：英語論文の構成と読み方（各項目における構成・読解ポイントの紹介）、収集法（代表的検索ツール, AIツールの活用と限界等）
3:
第3回：自身が選定した論文の論文読解、要約・ペアディスカッション
4:
第4回：トレーニング科学に関する論文読解、理解度チェック、解答解説
5:
第5回：トレーニング科学に関する論文読解、理解度チェック、解答解説
6:
第6回：トレーニング科学に関する論文読解、理解度チェック、解答解説
7:
第7回：トレーニング科学に関する論文読解、理解度チェック、解答解説
8:
第8回：自身が選定した複数の論文の論文読解、要約・ペアディスカッション
9:
第9回：トレーニング科学に関する論文読解、理解度チェック、解答解説
10:
第10回：トレーニング科学に関する論文読解、理解度チェック、解答解説
11:
第11回：ペア・グループワーク（論文選定・読解・ディスカッション）
12:
第12回：ペア・グループワーク（ディスカッション・資料作成・発表練習）
13:
第13回：ペア・グループプレゼンテーション
14:
第14回：ペア・グループプレゼンテーション",,授業で取り扱う英語論文を適宜配布する。,"割合
評価基準
試験:
70％
各授業時間中に実施する確認テストの評価
レポート:
平常点評価:
30％
授業の出席状況、授業中の発言、グループワークへの参加姿勢：10%・発表の内容：20%",受講者数や受講生からの要望、進捗に応じて講義形態を変更する可能性があります。ネットワークに接続されたノートパソコン、タブレットあるいはスマートフォンなどを準備してください。,LANE103L,語学,英語,英語,初級レベル（入門・導入）,コミュニケーション科目,１年以上,2,日本語,【対面】
2026,LANE103L,スポーツ英語Ｄ：文献（身体運動科学）,守下　卓也,スポーツ,秋学期,火２時限,79-304講義室,身体運動科学に関する英語学術論文の読解に挑戦します．本授業では，英語学術論......,2000002559012026200000255920,,身体運動科学に関する英語学術論文の読解に挑戦します．本授業では，英語学術論文の基本的な構成や読み方，文献の検索・選定方法を学び，主に自身が興味を持つトピックに関する英語学術論文を読解します．英語力そのものも大切ですが，必要な情報を適切に取得し，その内容を整理・活用する力を重視します．また，発表やペア・グループワークを通じて，論文から得た情報を他者と共有し，議論する経験を積みます．,"- 英語学術論文の基本的な構成を理解し，必要な情報を読み取ることができる．
- 自身が興味を持つトピックを明確にし，それに関連する英語学術論文を検索・選定することができる．
- 英語学術論文から必要な情報を適切に取得・整理し，自身の興味との関連を説明することができる．
- 英語学術論文から得た情報について，発表やディスカッションを通じて他者に説明し，意見交換することができる．",各回の内容に応じて，授業後の復習，英語学術論文の読解，文献検索，レポート・発表資料の作成・修正等を行ってください．発表やペア・グループワークの前には，必要に応じて準備を行ってください．事前・事後学修を合わせて，各回約90分〜120分を目安とします．,"1:
第１回：ガイダンス：本授業の目的と概要，進め方，評価方法
事前にシラバスを確認する．授業後に授業の進め方を確認し，自身が興味を持つ身体運動科学のトピックについて考える．
2:
第２回：英語学術論文の構成と読み方（各項目における構成・読解ポイントの紹介）と収集方法（検索ツールの紹介）
授業後に英語学術論文の基本的な構成と文献検索方法を復習する．
3:
第３回：身体運動科学で扱われる主なトピックの紹介
授業後に，自身が特に興味を持ったトピックとその理由について考え，整理する．
4:
第４回：身体運動科学の英語学術論文で用いられる専門用語・表現の紹介
授業後に，授業で扱った専門用語・表現を復習するとともに，自身が興味を持つトピックに関連する検索語を考える．
5:
第５回：身体運動科学に関する興味のあるトピックについて，エビデンスの収集に挑戦する①（トピックの設定・論文検索・選定）
自身が興味を持つトピックについて考えておく．授業後に，授業中に検索・選定した英語学術論文について，その論文が自身の興味とどのように関連しているのかを整理する．
6:
第６回：身体運動科学に関する興味のあるトピックについて，エビデンスの収集に挑戦する②（論文読解・レポート作成・発表準備）
前回選定した論文を必要な範囲で読み進める．授業後に，論文の内容と自身の興味との関連についてまとめ，レポートおよび発表資料を完成させ，発表準備を行う．
7:
第７回：自身が興味を持つトピックについて，選定した英語学術論文と得られた情報を発表する
第7回までにレポートを提出し，発表準備・練習を行う．授業後に発表および質疑応答を振り返る．
8:
第８回：文献の検索・選定・読解に関して感じた疑問・難しさの共有とディスカッション
これまでの文献検索・選定・読解で感じた疑問や難しさを整理する．授業後にディスカッションの内容を振り返る．
9:
第９回：ペア・グループワーク①（論文選定・読解・ディスカッション）
授業後に論文の読解を進め，ペア・グループで議論した内容を整理する．
10:
第１０回：ペア・グループワーク①（ディスカッション・資料作成・発表練習）
必要に応じて論文の読解と発表資料の準備を進める．授業後に発表資料を完成させ，発表練習を行う．
11:
第１１回：ペア・グループ発表①
ペア・グループで発表準備・練習を行う．授業後に発表および質疑応答を振り返る．
12:
第１２回：ペア・グループワーク②（論文選定・読解・ディスカッション）
授業後に論文の読解を進め，ペア・グループで議論した内容を整理する．
13:
第１３回：ペア・グループワーク②（ディスカッション・資料作成・発表練習）
必要に応じて論文の読解と発表資料の準備を進める．授業後に発表資料を完成させ，発表練習を行う．
14:
第１４回：ペア・グループ発表②
ペア・グループで発表準備・練習を行う．授業後に発表および質疑応答を振り返り，本授業で学んだ内容を整理する．",特になし．,授業で使用する英語学術論文・資料は，必要に応じて授業中またはWaseda Moodleを通じて適宜提示します．,"レポート　20％
第7回までに，自身が興味を持つ身体運動科学のトピックに関連する英語学術論文を検索・選定し，自身の興味，選定した論文の内容，および両者の関連について簡潔にまとめたレポートを提出します．自身の興味を明確に説明できているか，適切な論文を選定できているか，論文の内容と自身の興味との関連を説明できているかを評価します．
個人発表　20％
第7回に，自身が興味を持つトピックと選定した英語学術論文について発表します．論文の内容を適切に理解・整理できているか，論文から得た情報を自身の興味と関連づけて説明できているか，また，その内容を他者にわかりやすく伝えることができているかを評価します．，論文の内容と自身の興味との関連を説明できているかを評価します．
ペア・グループワークおよび発表　40％
第9〜11回および第12〜14回に実施する2回のペア・グループワークについて，各20％として評価します．論文の選定・読解・ディスカッション・発表準備への貢献度に加え，第11回および第14回の発表において，論文から得た情報を適切に整理し，わかりやすく説明できているかを評価します．
授業中のディスカッション・質疑応答への参加　20％
ペア・グループワーク以外の授業中のディスカッションや，個人・グループ発表時の質疑応答への参加を評価します．単なる発言回数ではなく，授業内容や他者の発表を踏まえて，自身の考えや疑問を適切に表現し，意見交換に参加できているかを評価します．",発表とディスカッションを重視する授業となります．個人での発表を第7回，ペア・グループ発表を第11・14回に予定しています．発表やグループワークについては，授業内で適宜フィードバックを行います．将来，研究活動に興味のある受講生にも有用な内容です．受講者数に応じて，ペア・グループの構成や発表形式等を一部変更する場合があります．,LANE103L,語学,英語,英語,初級レベル（入門・導入）,コミュニケーション科目,１年以上,2,日本語,【対面】
2026,LANE103L,スポーツ英語Ｄ：文献（運動・健康科学）,守下　卓也,スポーツ,秋学期,月３時限,１００-１１４,運動・健康科学に関する英語学術論文の読解に挑戦します．本授業では，英語学術......,2000002561012026200000256120,,運動・健康科学に関する英語学術論文の読解に挑戦します．本授業では，英語学術論文の基本的な構成や読み方，文献の検索・選定方法を学び，主に自身が興味を持つトピックに関する英語学術論文を読解します．英語力そのものも大切ですが，必要な情報を適切に取得し，その内容を整理・活用する力を重視します．また，発表やペア・グループワークを通じて，論文から得た情報を他者と共有し，議論する経験を積みます．,"- 英語学術論文の基本的な構成を理解し，必要な情報を読み取ることができる．
- 自身が興味を持つトピックを明確にし，それに関連する英語学術論文を検索・選定することができる．
- 英語学術論文から必要な情報を適切に取得・整理し，自身の興味との関連を説明することができる．
- 英語学術論文から得た情報について，発表やディスカッションを通じて他者に説明し，意見交換することができる．",各回の内容に応じて，授業後の復習，英語学術論文の読解，文献検索，レポート・発表資料の作成・修正等を行ってください．発表やペア・グループワークの前には，必要に応じて準備を行ってください．事前・事後学修を合わせて，各回約90分〜120分を目安とします．,"1:
第１回：ガイダンス：本授業の目的と概要，進め方，評価方法
事前にシラバスを確認する．授業後に授業の進め方を確認し，自身が興味を持つ身体運動科学のトピックについて考える．
2:
第２回：英語学術論文の構成と読み方（各項目における構成・読解ポイントの紹介）と収集方法（検索ツールの紹介）
授業後に英語学術論文の基本的な構成と文献検索方法を復習する．
3:
第３回：運動・健康科学で扱われる主なトピックの紹介
授業後に，自身が特に興味を持ったトピックとその理由について考え，整理する．
4:
第４回：運動・健康科学の英語学術論文で用いられる専門用語・表現の紹介
授業後に，授業で扱った専門用語・表現を復習するとともに，自身が興味を持つトピックに関連する検索語を考える．
5:
第５回：運動・健康科学に関する興味のあるトピックについて，エビデンスの収集に挑戦する①（トピックの設定・論文検索・選定）
自身が興味を持つトピックについて考えておく．授業後に，授業中に検索・選定した英語学術論文について，その論文が自身の興味とどのように関連しているのかを整理する．
6:
第６回：運動・健康科学に関する興味のあるトピックについて，エビデンスの収集に挑戦する②（論文読解・レポート作成・発表準備）
前回選定した論文を必要な範囲で読み進める．授業後に，論文の内容と自身の興味との関連についてまとめ，レポートおよび発表資料を完成させ，発表準備を行う．
7:
第７回：自身が興味を持つトピックについて，選定した英語学術論文と得られた情報を発表する
第7回までにレポートを提出し，発表準備・練習を行う．授業後に発表および質疑応答を振り返る．
8:
第８回：文献の検索・選定・読解に関して感じた疑問・難しさの共有とディスカッション
これまでの文献検索・選定・読解で感じた疑問や難しさを整理する．授業後にディスカッションの内容を振り返る．
9:
第９回：ペア・グループワーク①（論文選定・読解・ディスカッション）
授業後に論文の読解を進め，ペア・グループで議論した内容を整理する．
10:
第１０回：ペア・グループワーク①（ディスカッション・資料作成・発表練習）
必要に応じて論文の読解と発表資料の準備を進める．授業後に発表資料を完成させ，発表練習を行う．
11:
第１１回：ペア・グループ発表①
ペア・グループで発表準備・練習を行う．授業後に発表および質疑応答を振り返る．
12:
第１２回：ペア・グループワーク②（論文選定・読解・ディスカッション）
授業後に論文の読解を進め，ペア・グループで議論した内容を整理する．
13:
第１３回：ペア・グループワーク②（ディスカッション・資料作成・発表練習）
必要に応じて論文の読解と発表資料の準備を進める．授業後に発表資料を完成させ，発表練習を行う．
14:
第１４回：ペア・グループ発表②
ペア・グループで発表準備・練習を行う．授業後に発表および質疑応答を振り返り，本授業で学んだ内容を整理する．",特になし．,授業で使用する英語学術論文・資料は，必要に応じて授業中またはWaseda Moodleを通じて適宜提示します．,"レポート　20％
第7回までに，自身が興味を持つ運動・健康科学のトピックに関連する英語学術論文を検索・選定し，自身の興味，選定した論文の内容，および両者の関連について簡潔にまとめたレポートを提出します．自身の興味を明確に説明できているか，適切な論文を選定できているか，論文の内容と自身の興味との関連を説明できているかを評価します．
個人発表　20％
第7回に，自身が興味を持つトピックと選定した英語学術論文について発表します．論文の内容を適切に理解・整理できているか，論文から得た情報を自身の興味と関連づけて説明できているか，また，その内容を他者にわかりやすく伝えることができているかを評価します．，論文の内容と自身の興味との関連を説明できているかを評価します．
ペア・グループワークおよび発表　40％
第9〜11回および第12〜14回に実施する2回のペア・グループワークについて，各20％として評価します．論文の選定・読解・ディスカッション・発表準備への貢献度に加え，第11回および第14回の発表において，論文から得た情報を適切に整理し，わかりやすく説明できているかを評価します．
授業中のディスカッション・質疑応答への参加　20％
ペア・グループワーク以外の授業中のディスカッションや，個人・グループ発表時の質疑応答への参加を評価します．単なる発言回数ではなく，授業内容や他者の発表を踏まえて，自身の考えや疑問を適切に表現し，意見交換に参加できているかを評価します．",発表とディスカッションを重視する授業となります．個人での発表を第7回，ペア・グループ発表を第11・14回に予定しています．発表やグループワークについては，授業内で適宜フィードバックを行います．将来，研究活動に興味のある受講生にも有用な内容です．受講者数に応じて，ペア・グループの構成や発表形式等を一部変更する場合があります．,LANE103L,語学,英語,英語,初級レベル（入門・導入）,コミュニケーション科目,１年以上,2,日本語,【対面】
2026,STAX102L,情報処理　02,守下　卓也／安永　太地／藤田　善也,スポーツ,秋学期,火１時限,79-201講義室,現在のネットワーク社会において、ネットワークの利用はもちろんのこと、情報......,2000002580022026200000258020,,現在のネットワーク社会において、ネットワークの利用はもちろんのこと、情報を処理・表現する能力は誰しも期待されている。この講義では、受講者の大学での学習・研究はもとより、社会で活躍していくために有益な知識と技術を、実践を交えながら身につけることを目標とする。,Word、Excelを中心として情報処理技術を身につけ、より高度な情報処理技術を自ら習得していくための基礎を身につける。,各回の予習・復習には約90分～120分かかると想定されます。,"1:
第１回
受講ガイダンス
2:
第２回
Wordによる文書作成
3:
第３回
Wordによる図を含む文書作成
4:
第４回
Wordによる表作成
5:
第５回
Wordにおける文書のレイアウト
6:
第６回
Power Pointによるプレゼンテーション用資料の作成
7:
第７回
Excelによる関数を用いた表計算
8:
第８回
Excelによるマルチシート計算
9:
第９回
Excelによる棒グラフの作成
10:
第10回
Excelによる散布グラフの作成
11:
第11回
Excelによるデータ抽出
12:
第12回
Excelのデータ抽出とグラフ作成の複合操作
13:
第13回
ワードとエクセルを用いた文書作成
14:
第14回
まとめと到達度の確認",なし。適宜、資料を配布。,PC・ネットワーク利用ガイド,"割合
評価基準
試験:
50％
採点
レポート:
25％
レポート提出回数および採点
平常点評価:
25％
主体的な授業参加度",自身のPC（充電器などの付属品を含む）を持参する必要があります。,STAX102L,統計学,統計学,統計学,初級レベル（入門・導入）,コミュニケーション科目,１年以上,2,日本語,【対面】
2026,STAX102L,情報処理　04,前道　俊宏／藤田　善也,スポーツ,秋学期,水１時限,１００-１１５,現在のネットワーク社会において、ネットワークの利用はもちろんのこと、情報......,2000002580042026200000258020,,現在のネットワーク社会において、ネットワークの利用はもちろんのこと、情報を処理・表現する能力は誰しも期待されている。この講義では、受講者の大学での学習・研究はもとより、社会で活躍していくために有益な知識と技術を、実践を交えながら身につけることを目標とする。,Word、Excelを中心として情報処理技術を身につけ、より高度な情報処理技術を自ら習得していくための基礎を身につける。,各回の予習・復習には約90分～120分かかると想定されます。,"1:
第１回
受講ガイダンス
2:
第２回
Wordによる文書作成
3:
第３回
Wordによる図を含む文書作成
4:
第４回
Wordによる表作成
5:
第５回
Wordにおける文書のレイアウト
6:
第６回
Power Pointによるプレゼンテーション用資料の作成
7:
第７回
Excelによる関数を用いた表計算
8:
第８回
Excelによるマルチシート計算
9:
第９回
Excelによる棒グラフの作成
10:
第10回
Excelによる散布グラフの作成
11:
第11回
Excelによるデータ抽出
12:
第12回
Excelのデータ抽出とグラフ作成の複合操作
13:
第13回
ワードとエクセルを用いた文書作成
14:
第14回
まとめと到達度の確認",なし。適宜、資料を配布。,PC・ネットワーク利用ガイド,"割合
評価基準
試験:
50％
採点
レポート:
25％
レポート提出回数および採点
平常点評価:
25％
主体的な授業参加度",自身のPC（充電器などの付属品を含む）を持参する必要があります。,STAX102L,統計学,統計学,統計学,初級レベル（入門・導入）,コミュニケーション科目,１年以上,2,日本語,【対面】
2026,STAX102L,情報処理　07,柳谷　登志雄／藤田　善也,スポーツ,秋学期,金２時限,３２２端末室,現在のネットワーク社会において、ネットワークの利用はもちろんのこと、情報......,2000002580072026200000258020,,現在のネットワーク社会において、ネットワークの利用はもちろんのこと、情報を処理・表現する能力は誰しも期待されている。この講義では、受講者の大学での学習・研究はもとより、社会で活躍していくために有益な知識と技術を、実践を交えながら身につけることを目標とする。,Word、Excelを中心として情報処理技術を身につけ、より高度な情報処理技術を自ら習得していくための基礎を身につける。,各回の予習・復習には約90分～120分かかると想定されます。,"1:
第１回
受講ガイダンス
2:
第２回
Wordによる文書作成
3:
第３回
Wordによる図を含む文書作成
4:
第４回
Wordによる表作成
5:
第５回
Wordにおける文書のレイアウト
6:
第６回
Power Pointによるプレゼンテーション用資料の作成
7:
第７回
Excelによる関数を用いた表計算
8:
第８回
Excelによるマルチシート計算
9:
第９回
Excelによる棒グラフの作成
10:
第10回
Excelによる散布グラフの作成
11:
第11回
Excelによるデータ抽出
12:
第12回
Excelのデータ抽出とグラフ作成の複合操作
13:
第13回
ワードとエクセルを用いた文書作成
14:
第14回
まとめと到達度の確認",なし。適宜、資料を配布。,PC・ネットワーク利用ガイド,"割合
評価基準
試験:
50％
採点
レポート:
25％
レポート提出回数および採点
平常点評価:
25％
主体的な授業参加度",自身のPC（充電器などの付属品を含む）を持参する必要があります。,STAX102L,統計学,統計学,統計学,初級レベル（入門・導入）,コミュニケーション科目,１年以上,2,日本語,【対面】
2026,STAX102L,情報処理　08,柳谷　登志雄／藤田　善也,スポーツ,秋学期,金３時限,01:３２１-１端末室 01:３２１-２端末室,現在のネットワーク社会において、ネットワークの利用はもちろんのこと、情報......,2000002580082026200000258020,,現在のネットワーク社会において、ネットワークの利用はもちろんのこと、情報を処理・表現する能力は誰しも期待されている。この講義では、受講者の大学での学習・研究はもとより、社会で活躍していくために有益な知識と技術を、実践を交えながら身につけることを目標とする。,Word、Excelを中心として情報処理技術を身につけ、より高度な情報処理技術を自ら習得していくための基礎を身につける。,各回の予習・復習には約90分～120分かかると想定されます。,"1:
第１回
受講ガイダンス
2:
第２回
Wordによる文書作成
3:
第３回
Wordによる図を含む文書作成
4:
第４回
Wordによる表作成
5:
第５回
Wordにおける文書のレイアウト
6:
第６回
Power Pointによるプレゼンテーション用資料の作成
7:
第７回
Excelによる関数を用いた表計算
8:
第８回
Excelによるマルチシート計算
9:
第９回
Excelによる棒グラフの作成
10:
第10回
Excelによる散布グラフの作成
11:
第11回
Excelによるデータ抽出
12:
第12回
Excelのデータ抽出とグラフ作成の複合操作
13:
第13回
ワードとエクセルを用いた文書作成
14:
第14回
まとめと到達度の確認",なし。適宜、資料を配布。,PC・ネットワーク利用ガイド,"割合
評価基準
試験:
50％
採点
レポート:
25％
レポート提出回数および採点
平常点評価:
25％
主体的な授業参加度",自身のPC（充電器などの付属品を含む）を持参する必要があります。,STAX102L,統計学,統計学,統計学,初級レベル（入門・導入）,コミュニケーション科目,１年以上,2,日本語,【対面】
2026,HSSE231L,スポーツ動作情報解析　06,柳谷　登志雄／藤田　善也,スポーツ,秋学期,金４時限,３２１-１端末室,スポーツ動作を情報処理の視点から明らかにすることは、人の運動メカニズムを......,2000002590062026200000259020,,"スポーツ動作を情報処理の視点から明らかにすることは、人の運動メカニズムを理解することはもちろんのこと、客観的なデータに基づくスポーツスキルの評価や指導を行う能力を養う上での基礎となる。この講義では、スポーツ動作データの測定方法、解析方法、評価方法など、スポーツ動作データを取り扱う情報処理技術を実践を交えながら身につけることを目標とする。
予習として、教科書の事前読了を求める。予習には90分～120かかると想定される。",コンピュータを用いた動作解析技法の仕組みを理解し、実際の動作ビデオ映像を用いた動作解析処理の演習を通して動作解析技法を身につける。,各回の予習・復習には約90分～120分かかると想定されます。,"1:
第１回
受講ガイダンス
2:
第２回
スポーツ動作のビデオ撮影
3:
第３回
手動デジタイズ
4:
第４回
自動デジタイズ
5:
第５回
スティックピクチャによる動作表示
6:
第６回
動作データの平滑化
7:
第７回
身体重心の算出
8:
第８回
変位、速度の算出
9:
第９回
加速度の算出
10:
第10回
関節角度の算出
11:
第11回
関節角速度、関節角加速度の算出
12:
第12回
力の算出
13:
第13回
関節トルク計算の仕組み
14:
第14回
まとめ、課題提示",講義用テキストを配布,スポーツバイオメカニズム　深代他編著　朝倉書店,"割合
評価基準
試験:
課さない
レポート:
50％
提出回数および採点
平常点評価:
50％
主体的（積極的）な授業参加度",,HSSE231L,健康／スポーツ科学,身体運動科学,バイオメカニクス,中級レベル（発展・応用）,コミュニケーション科目,２年以上,2,日本語,【対面】
2026,HSSE231L,スポーツ動作情報解析　07,柳谷　登志雄／藤田　善也,スポーツ,秋学期,金５時限,３２１-１端末室,スポーツ動作を情報処理の視点から明らかにすることは、人の運動メカニズムを......,2000002590072026200000259020,,"スポーツ動作を情報処理の視点から明らかにすることは、人の運動メカニズムを理解することはもちろんのこと、客観的なデータに基づくスポーツスキルの評価や指導を行う能力を養う上での基礎となる。この講義では、スポーツ動作データの測定方法、解析方法、評価方法など、スポーツ動作データを取り扱う情報処理技術を実践を交えながら身につけることを目標とする。
予習として、教科書の事前読了を求める。予習には90分～120かかると想定される。",コンピュータを用いた動作解析技法の仕組みを理解し、実際の動作ビデオ映像を用いた動作解析処理の演習を通して動作解析技法を身につける。,各回の予習・復習には約90分～120分かかると想定されます。,"1:
第１回
受講ガイダンス
2:
第２回
スポーツ動作のビデオ撮影
3:
第３回
手動デジタイズ
4:
第４回
自動デジタイズ
5:
第５回
スティックピクチャによる動作表示
6:
第６回
動作データの平滑化
7:
第７回
身体重心の算出
8:
第８回
変位、速度の算出
9:
第９回
加速度の算出
10:
第10回
関節角度の算出
11:
第11回
関節角速度、関節角加速度の算出
12:
第12回
力の算出
13:
第13回
関節トルク計算の仕組み
14:
第14回
まとめ、課題提示",講義用テキストを配布,スポーツバイオメカニズム　深代他編著　朝倉書店,"割合
評価基準
試験:
課さない
レポート:
50％
提出回数および採点
平常点評価:
50％
主体的（積極的）な授業参加度",,HSSE231L,健康／スポーツ科学,身体運動科学,バイオメカニクス,中級レベル（発展・応用）,コミュニケーション科目,２年以上,2,日本語,【対面】
2026,HSSE181L,基礎栄養学,田口　素子／谷澤　薫平,スポーツ,秋学期,月２時限,１００-２１１,栄養の機能や消化・吸収と代謝、食生活の基礎知識について学びます。,2000002715012026200000271520,,栄養の機能や消化・吸収と代謝、食生活の基礎知識について学びます。,日常生活における健康の保持・増進のための栄養摂取の基礎知識について学び、スポーツにおけるコンデイショニングの土台となる栄養・食生活について基礎的な理解をすることを目標とします。,事前に教科書の該当回を読んでおくことを求めます。各回の予習・復習には約90分～120分かかると想定されます。,"1:
第１回/ オリエンテーション/ 栄養の概念
オリエンテーション：本講義の目的と概要について説明
栄養の概念：栄養の定義、栄養と健康の関わり
2:
第２回/ 食物の摂取
食物の摂取：空腹感と食欲、摂食量の調節、食事のリズムとタイミング
3:
第３回/ 消化・吸収と栄養素の体内動態1
消化・吸収と栄養素の体内動態1：消化と吸収、消化酵素
4:
第４回/ 消化・吸収と栄養素の体内動態2
消化・吸収と栄養素の体内動態2：消化の調節、栄養素別の消化について
5:
第５回/ 炭水化物の栄養
炭水化物の栄養：糖質の体内代謝、血糖とその調節、食物繊維の生理効果
6:
第６回/ 脂質の栄養
脂質の栄養：脂質の種類と働き、脂質の体内代謝、脂質の量と質の評価
7:
第７回/ たんぱく質の栄養
たんぱく質の栄養：たんぱく質の体内代謝、アミノ酸の代謝
8:
第８回/ ビタミンの栄養
ビタミンの栄養：ビタミンの構造と機能、ビタミンの代謝と栄養学的機能
9:
第９回/ ミネラルの栄養
ミネラルの栄養：ミネラルの分類と機能、ミネラルの栄養学的機能
10:
第10回/ 水･電解質の栄養的意義
水･電解質の栄養的意義：水の出納、電解質の代謝
11:
第11回/ エネルギー代謝
エネルギー代謝：エネルギー代謝の概念、エネルギー消費量、臓器別エネルギー代謝
12:
第12回/ アルコールの吸収と分解
アルコールの吸収と分解
13:
第13回/ 遺伝形質と栄養の相互作用
遺伝形質と栄養の相互作用：DNA・遺伝子・ゲノム、遺伝子発現、栄養素の代謝と遺伝子多型 (谷澤薫平先生担当)
14:
第14回/ まとめ
まとめと到達度確認テスト",羊土社　栄養科学イラストレイテッド　基礎栄養学第5版　（田地陽一編）,必要に応じて資料を配布します。,"割合
評価基準
試験:
80％
授業時間内に到達度確認テストを実施し、理解度を評価します。
平常点評価:
20％
リアクションペーパーなどによる主体的な授業参加を評価します。",「スポーツ栄養学」の受講を希望する学生は本講義を履修しておくと理解を深めることができます。,HSSE181L,健康／スポーツ科学,身体運動科学,スポーツ栄養学,初級レベル（入門・導入）,基礎科目,１年以上,2,日本語,【対面】
2026,HSSM161L,衛生学　02,天笠　志保,スポーツ,秋学期,無フルOD,教室未定,衛生学は、公衆衛生学と共に、健康の維持・増進、疾病予防のために重要な科目で......,2000002720022026200000272020,社会環境と健康,"衛生学は、公衆衛生学と共に、健康の維持・増進、疾病予防のために重要な科目であり、健康政策や教育現場での実践的活用のための基礎を理解するために必須である。環境衛生、産業衛生、食品衛生、学校保健における環境・安全管理といった領域における、物質、成分もしくは因子の生体影響、健康被害を防止する方法、それを解明する手法などを学習する。授業では、衛生学の歴史、疫学の目的と手法、感染症、水・大気・室内空気などの環境衛生、食品衛生（ベネフィットと危険性）、職場環境の因子（化学的要因、物理的要因、ストレス）、生活習慣－ライフステージ－疾病の関係、などについて、テーマごとに講義を行う。
本授業は全回オンデマンド授業として実施する。",スポーツ科学を学ぶ学生にとって必要とされる、保健体育・健康教育に必要な基本的な原理や科学的な知識の習得、技能の活用や論理的科学的思考を行う習慣を身に着けることを到達目標とする。健康の基礎となる、食、運動、休息の知識をもち、健康を害する因子を正しく理解し、自らの生活に活用できるようになる。健康やスポーツ関連の報道に関心を持ち、衛生学的、疫学的根拠に基づいて自分なりに評価し検証できる能力を習得する。,各回の予習・復習には約90分～120分かかる。,"1:
第１回
オリエンテーション：本講義の目的と概要について説明。成績評価方針と欠席等の取扱いルールを示す。
序論：衛生・健康の定義、健康の社会的決定要因、予防の概念について説明する。
2:
第２回
衛生学の歴史
衛生学（医学）の歴史から、健康問題の変遷と対処法の発展を学び、健康事象の現状と課題を考える。
疫学的方法による健康の理解１
人間集団における病気の分布や発生原因の研究に重要な疫学の考え方を学ぶ。
3:
第３回
疫学的方法による健康の理解２
人間集団における病気の分布や発生原因の研究に重要な疫学の考え方を学ぶ。
4:
第４回
環境衛生１：環境が健康に及ぼす影響
環境保健の基礎および近隣の建造環境と行動の関連を学ぶ。
5:
第５回
環境衛生２：
環境が健康に及ぼす影響
環境汚染（大気、水など）や地球環境問題と健康の関係を学ぶ。
また熱中症対策とその対策について学ぶ。
6:
第６回
学校衛生（学校保健）
学校における環境・健康・安全管理と、児童生徒および教職員の健康増進
について学ぶ。
7:
第７回
産業衛生（産業保健）
働く人の健康、職業性疾患の原因と対策、健康管理と課題
について学ぶ。
8:
第８回
生活習慣と健康１
循環器疾患の現状とその予防法について学ぶ。
9:
第９回
生活習慣と健康２
がんの現状とその予防法について学ぶ。
10:
第10回
感染症
感染症の特徴と、感染症予防のための対策と知識。
性感染症、結核、肝炎等、感染経路と予防・治療
について学ぶ。
11:
第11回
保健衛生行政
わが国における衛生行政組織とその活動
について学ぶ。
12:
第12回
精神衛生（精神保健）
心の健康（メンタルヘルス）
の現状を理解し、その対策について学ぶ。
13:
第13回
食品衛生（食品保健）
食物と健康、食品の衛生・安全管理について学ぶ。
14:
第14回
講義の復習・まとめ、
理解度の確認",指定しない　（適宜、講義資料や参考資料を配布する）,・コンパクト公衆衛生学、朝倉書店、ISBN 978-4-254-64050-2、2022年刊行（第7版）,"割合
評価基準
レポート:
40％
衛生学に関するレポートで評価する。
平常点評価:
60％
各回の講義後の課題により、衛生学に関する知識を確認する。",,HSSM161L,健康／スポーツ科学,スポーツ医科学,衛生学,初級レベル（入門・導入）,基礎科目,１年以上,2,日本語,【オンライン】フルオンデマンド
2026,HSSC141L,舞踊と身体文化,柳下　惠美,スポーツ,秋学期,火４時限,-,舞踊はその時々の文化、社会によって形作られ、時には相互に影響し合うことがあ......,2000002735012026200000273520,芸術文化史（バレエの発祥から現代のダンスまでの変遷）,"舞踊はその時々の文化、社会によって形作られ、時には相互に影響し合うことがあります。ダンサーが自身の舞踊を披露する場合、通常その舞踊に見合った空間と伴奏が必要となり、美術、音楽、詩、演劇、文学、歴史等の理解が重要な要素となります。これらを踏まえ、舞踊（バレエとダンス）に主眼を置き、
・舞踊以外の芸術（美術、音楽、詩、演劇等）や文学、歴史に興味を持っている学生
・舞踊について知識がないが興味がある学生
・舞踊についてもっと専門的に知りたい学生
いずれをも対象に、幅広く門戸を開きます。
16世紀に発祥した舞踊（バレエ）から現代のダンスに至るまでどのような経緯があったのかについて、各時代の代表的ダンサーを注視しつつ、舞踊のスタイルと特徴、身体のムーブメントの進化、文化、社会、歴史的背景についても講義します。さらに、教員自身のバレエ・ダンス経験も交え、国内外で鑑賞した作品やダンサーについても触れます。
授業では、関連文献や資料（写真、絵画、雑誌、舞踊の映像ほか関連するあらゆる資料）を用い、パワーポイントを使用して解説します。
本講義は「ディプロマポリシー」の「
多様な学問・文化・言語・価値観の交流を育み、地球社会に主体的に貢献できる人材を育成する」という目的に沿ったものになります。",・舞踊（バレエ、ダンス）の基本的知識の習得,各回で扱う内容について、自分なりの意見が書けるように各自予習・復習を行うこと（およそ60分～90分程度かかることが想定されます）,"1:
第１回
ガイダンス：本講義の目的と概要についての説明
2:
第２回
バレエの発祥～ルイ14世の宮廷バレエ、フランスのバレエと18世紀のバレリーナ：カマルゴとサレ
3:
第３回
19世紀のバレエ（マリー・タリオーニとロマン主義、4大バレリーナ）
4:
第４回
マリウス・プティパとチャイコフスキー：ロシアのバレエ、音楽とバレエ
5:
第５回
20世紀総合芸術としてのバレエの誕生：バレエ・リュス
6:
第６回
バレエの改革者ミハイル・フォーキンと男性スター：ワツラフ・ニジンスキー、女性スター：アンナ・パヴロワと""瀕死の白鳥""
7:
第７回
ジョージ・バランシンとアメリカのバレエ、ニネット・ド・ヴァロワとイギリスのバレエ、世界的に活躍している日本人バレエダンサー
8:
第８回
モダンダンスのはじまり、ロイ・フラー、パリ万博
9:
第９回
イザドラ・ダンカンの創出した舞踊と舞踊学校、同時代の芸術家（ゴードン・クレイグ、オーギュスト・ロダン、アンナ・パヴロワ、コンスタンチン・スタニスラフスキー、ワツラフ・ニジンスキー、セルゲイ・ディアギレフほか）との交流
10:
第10回
ルス・セント・デニスとデニショーン舞踊学校
11:
第11回
マーサ・グラハムとアメリカのモダンダンス、マース・カニングハムとポスト・モダンダンス
12:
第12回
ドイツのモダンダンスのはじまり（エミール・ジャック＝ダルクローズ、ルドルフ・フォン・ラバン、マリー・ウィグマンなど）
13:
第13回
ピナ・バウシュの""タンツテアター""/ コンテンポラリーダンス
14:
第14回
20世紀に世界で活躍した日本人舞踊家 川上貞奴、花子、伊藤道郎/総括",,,"割合
評価基準
試験:
0％
試験は行いません
レポート:
30％
授業で取り上げたテーマに関する自分なりの考え・意見を提出
平常点評価:
70％
授業の出席状況
その他:
0％
特になし","本授業は全回オンラインリアルタイム配信で行います。
詳細については、Moodleに掲載しますので、必ず毎回ご確認ください。",HSSC141L,健康／スポーツ科学,スポーツ文化,舞踊,初級レベル（入門・導入）,基礎科目,１年以上,2,日本語,【オンライン】リアルタイム配信
2026,LAWA112L,憲法,阿部　尚,スポーツ,秋学期,水３時限,１０１-１０７,皆さんはこれまでの人生のどこかの場面で憲法を意識したことがあるでしょうか。......,2000002770012026200000277020,憲法で思考する,"皆さんはこれまでの人生のどこかの場面で憲法を意識したことがあるでしょうか。この質問に対する多くの方の答えは「ない」だと思います。では、普段ほとんど意識することのない憲法を学ぶ意味はどこにあるのでしょうか（さらにいえば教職課程で憲法が必修とされているのは何故でしょうか）。この授業を通じて皆さんなりにその回答を見つけてもらえたらと思っています。そのためには憲法に何が書かれているのかを知り、そこにどのような議論や考え方があるのかを理解することが必要です。授業では、毎回のテーマに沿った検討課題を事前に設定し（検討結果の提出を求めるものではありません）、みなさんとやり取りをしながらその検討を進める中で憲法を知り、理解を深めていけたらと考えています。
より効果的な内容となるよう授業の内容・進行についてはみなさんの理解等を踏まえて適宜修正していくつもりです。授業計画はあくまで目安として考えてください。",・憲法に関する基本的知識（条文・判例・学説）を身に付ける,"【予習】
Waseda Moodleに掲載する各回の課題を検討しておいてください。検討結果を提出してもらうことはありませんが、授業の中でみなさんの考えをお聞きしますので（正解を求める趣旨ではありません）ご自分なりの考えを用意しておいてもらえるとよいです。また、参考図書の各回テーマに該当する箇所を一読しておいてもらうとよりよいと思います。
【復習】
各回で示したスライドを授業後にレジュメとして公開いたしますので復習の際に活用してください。したがって、スライドの内容をノートにとっていただく必要はありません。","1:
第１回　憲法とは何か
憲法は面白いか/憲法とは何か/憲法の機能/権力分立/権力の正統性/民主主義　等
2:
第２回　国民主権・選挙
国民主権原理/民主制/選挙の原則/1票の格差/選挙制度と代表の方法/政治参加の方法　等
3:
第３回　国会
国権の最高機関/唯一の立法機関/会期制/立法過程/両院制/衆議院の優越/議員　等
4:
第４回　内閣
「行政権」は内閣に属する/行政権は「内閣」に属する/内閣の権能/内閣総理大臣/議院内閣制　等
5:
第５回　裁判所
裁判所の組織/司法権の独立/司法権に対する民主的統制/岡口事件/司法権/司法権の範囲：例外/「司法権の範囲：限界　等
6:
第６回　地方自治
地方公共団体/基本原理：地方自治の本旨/地方自治権/地方公共団体の権能/条例制定権/地方公共団体の統治構造　等
7:
第７回　天皇・平和主義
明治憲法における天皇/日本国憲法における天皇/天皇の権能/皇室経費/平和主義/戦争の放棄/戦力の不保持・交戦権の否認　等
8:
第８回　人権保障・平等原則
人権保障/違憲審査の枠組み/保障範囲/制約/制約の正当化事情/平等原則　等
9:
第９回　内心の自由
思想・良心の自由/信教の自由/政教分離原則　等
10:
第10回　表現の自由
表現の自由の根本的価値/誰の自由なのか/誰に対する自由なのか/表現行為の内容/規制態様と規制の重大性/制約の違憲審査基準/デジタル空間における言論　等
11:
第11回　経済的自由
職業選択の自由/財産権/違憲審査基準　等
12:
第12回　刑事手続上の権利
刑罰/明文上の規定/憲法31条の解釈/行政手続への適用　等
13:
第13回　生存権・労働基本権
社会権/生存権の法的性格/勤労の権利・勤労者の権利　等
14:
第14回　教育を受ける権利
子どもの権利/教育を受ける権利/義務教育/教師の権利と権限　等","特に指定はありません。
各回の授業の中で示したスライドは、授業後に公開いたします。","①片桐直人・井上武史・大林啓吾『一歩先への憲法入門 第２版』(有斐閣　２０２１年)
②西原博史・斎藤一久編著『教職課程のための憲法入門　第２版』（光文堂　２０１９年）
➂山本一『グローバル化時代の日本国憲法』（一般財団法人放送大学教育振興会　２０１９年）
④山本龍彦・横大道聡編著『憲法学の現在地』（日本評論社　２０２０年）","割合
評価基準
レポート:
90％
期末にレポートを提出してもらいます。
平常点評価:
10％
この授業では皆さんとのやり取りを取り入れています。それは授業を一方的な知識の伝達にとどめないためです。授業でのやり取りは、皆さんにとっては問いかけに応じて自分の考えを言語化する（ここがポイント）ことで憲法の理解を自分の中に取り込む機会になり、他方でわたしにとっては皆さんの回答から、皆さんに伝えたいことがどれくらい伝わっているかを把握し、より深い理解にいたってもらうためにはどうすればよいかを考える契機になるものと考えています。
そこで、この授業では出席をしたことをもって、実際に授業の中で発言することがなかったとしても、抽象的には授業の充実に貢献したと評価して平常点として１０点を配点することとしました。
もっとも、皆さんとのやり取りは知識や理解の正確さを問う趣旨ではありませんので、どのようなやり取りであったとしてもやり取りの内容は成績評価とは関係しません。",,LAWA112L,法学,公法,憲法,初級レベル（入門・導入）,基礎科目,１年以上,2,日本語,【対面】
2026,HSSC121L,映画の中のスポーツ,石井　昌幸,スポーツ,秋学期,水３時限,79-205大教室,スポーツが描かれた映画を７編程度とりあげ、それらを通じてスポーツと社会と......,2000002810012026200000281020,,スポーツが描かれた映画を７編程度とりあげ、それらを通じてスポーツと社会との関わりについて論じる。映画作品を適宜視聴しながら、作品の社会背景を中心に解説を加える。スポーツを文化として理解するための導入となる科目である。,スポーツを、さまざまな地域の社会や文化との関わりのなかで理解するための基本的素養を身につける。また、スポーツの「描かれ方」の分析をとおして、スポーツ文化が「する」「観る」だけでなく、「描かれる」ことによって再生産されるという側面についての理解を深める。,各回の予習・復習には約90分～120分かかると想定されます。,"1:
第１回
受講ガイダンス：スポーツ映画とスポーツ文化
2:
第２回
Purely Belter（１）イングランドにおける階級社会とサッカーの関係
3:
第３回
Purely Belter（２）プレミア・リーグ化以降のイングランド・サッカーの諸問題
4:
第４回
Billy Elliot（１）スポーツにおけるジェンダー規範
5:
第５回
Billy Elliot（２）サッチャー政権とスポーツ
6:
第６回
Remember the Titans（１）アメリカにおける人種問題とスポーツ
7:
第７回
Remember the Titans（２）アメリカの高校スポーツ
8:
第８回
Coach Carter（１）スポーツ・フィクセーションについて
9:
第９回
Coach Carter（２）スポーツ教育と社会的上昇
10:
第10回
バトル・オブ・ザ・セクシーズ（１）スポーツと男女平等
11:
第11回
バトル・オブ・ザ・セクシーズ（２）トップアスリートの男女賃金格差
12:
第12回
ハナ：奇跡の４６日間（１）トップアスリートと国際政治
13:
第13回
ハナ：奇跡の４６日間（２）トップアスリートと国際政治
14:
第14回
ラストゲーム：最後の早慶戦（１）戦時下のスポーツ統制について",使用しない。授業時に資料を配布する。,授業時に参考資料を配布。,"割合
評価基準
試験:
実施しません。
レポート:
50％
２回に１回、教場レポートを課します。課題は前半の授業で提示します。作品のなかに描かれたスポーツと社会との関わりが深く考察されているかを評価します。
平常点評価:
50％
出席を取る際に配布するコメントペーパーをもちいて、小レポートを課します。",取り上げる映画の内容や順序を多少入れ替える場合があります。,HSSC121L,健康／スポーツ科学,スポーツ文化,スポーツ史,初級レベル（入門・導入）,基礎科目,１年以上,2,日本語,【対面】
2026,HSSE134L,基礎バイオメカニクス,矢内　利政,スポーツ,秋学期,無フルOD,-,バイオメカニクスとはスポーツや身体運動における「動き」や「力」に関する研究......,2000002815012026200000281520,,バイオメカニクスとはスポーツや身体運動における「動き」や「力」に関する研究分野である。本講義では、バイオメカニクスの基礎となる理論や知識を提供する。具体的には、身体を単純化されたモデルとして捉え、模倣的なからだの運動を分析する方法を学ぶ。また、身体運動のメカニズムを考察し、運動技能向上や傷害予防への応用を考える。,"１．力学の基礎概念を理解し、並進運動と回転運動のメカニズムを説明することができるようになる。
２．人体に作用する力とモーメントを算出し、そのはたらきを説明することができるようになる。
３．力学原理に基づき、身体運動を説明できるようになる。",各回の予習・復習には約90分～120分かかると想定されます。,"1:
第１回
バイオメカニクスとは：　機械としての人体の分析
2:
第２回
慣性の法則：静止している身体の分析
3:
第３回
慣性の法則：物体の変形
4:
第４回
運動の法則
5:
第５回
運動の法則：筋の力発揮特性
6:
第６回
運動の法則：筋の力発揮とニュートン力学
7:
第７回
力積と運動量
8:
第８回
インパクトと外傷・障害
9:
第９回
回転運動：骨格運動の分析
10:
第10回
回転運動のメカニズム
11:
第11回
回転運動の制御：角運動量と慣性モーメント
12:
第12回
流体力学：呼吸のメカニズム
13:
第13回
流体力学：血液循環のメカニズム
14:
第14回
期末試験と講評",,"教科書はとくに定めないが、参考として以下の書物をあげる。
・金子（著）「スポーツ・バイオメカニクス入門：絵で見る講義ノート」杏林書院
・金子・福永（編）「バイオメカニクス：身体運動の科学的基礎」杏林書院
・JSMSテキストシリーズ：材料力学","割合
評価基準
試験:
60％
試験による評価
平常点評価:
40％
講義毎の練習問題",,HSSE134L,健康／スポーツ科学,身体運動科学,バイオメカニクス,初級レベル（入門・導入）,基礎科目,１年以上,2,日本語,【オンライン】フルオンデマンド
2026,HSSH103L,健康スポーツ論　01,岡　浩一朗／荒木　邦子／石井　香織／金岡　恒治／谷澤　薫平／鳥居　俊／宮下　政司／宮地　元彦,スポーツ,秋学期,水３時限,１００-２１１,定期的な運動習慣や適切な食生活などは、健康の維持増進に欠かせない。昨今の社......,2000002865012026200000286520,,定期的な運動習慣や適切な食生活などは、健康の維持増進に欠かせない。昨今の社会的な課題の一つである医療費の増大や要介護認定者の増加を解決するためには、あらゆる世代の多くの国民が適切な生活習慣を持つことが重要である。この授業では、健康スポーツや周辺領域における様々なトピックスについて学ぶ。,あらゆる世代の健康の維持・増進に関わる健康スポーツの役割に関して、様々な基礎概念や基礎知識を理解し、スポーツ科学の観点からの健康増進技法を習得できるようにする。,各回の予習・復習には約90分かかると想定される。,"1:
第１回
オリエンテーション（本講義の目的と概要）（岡）
2:
第２回
子どもの成長と健康問題（鳥居）
3:
第３回
子どもの身体活動を増やす（石井）
4:
第４回
大学生の健康とスポーツ（石井）
5:
第５回
生活習慣病とその予防（宮地）
6:
第６回
メタボ予防のための運動（宮下）
7:
第７回
運動が生活習慣病を予防するメカニズム（谷澤）
8:
第８回
高齢者に多い疾病と介護予防（金岡）
9:
第９回
介護予防を目指した運動プログラム（岡）
10:
第10回
アスリートの健康－メンタルヘルス問題－（岡）
11:
第11回
まちづくりと健康づくり（荒木）
12:
第12回
｢人を動かす｣ウォーキングデザイン（荒木）
13:
第13回
企業の健康経営・介護予防アイテム（荒木）
14:
第14回
座りすぎの健康リスク、まとめと講評（岡）",特になし,講義中に適宜紹介する,"割合
評価基準
レポート:
40％
15回のWaseda Moodle上でのレポート内容、最終課題
平常点評価:
60％
授業中の積極性や勤勉性といった取組姿勢を評価する",上記の日程は変更される可能性がある。,HSSH103L,健康／スポーツ科学,健康スポーツ,健康スポーツ,初級レベル（入門・導入）,基礎科目,１年以上,2,日本語,【対面】
2026,HSSB111L,経済学,熊迫　真一,スポーツ,秋学期,無フルOD,-,初めて経済学を学ぶ学生を対象に、経済学の基礎をやさしく講義します。 特に開......,2000002870012026200000287020,,"初めて経済学を学ぶ学生を対象に、経済学の基礎をやさしく講義します。
特に開講学部の特性を意識し、スポーツ関連の題材を増やすよう努力します。",ミクロ経済学の考え方を身につけることを目標とします。,中学校レベルの数学を使います。第１回のオリエンテーションにおいて必要とされる内容を示しますので、忘れてしまった学生は、早期にキャッチアップするべく並行して復習してください。,"1:
第１回／第１回：オリエンテーション（本講義の目的と概要）
オリエンテーション（本講義の目的と概要） ／ 本講義の目的と概要について説明します。また、最低限必要な数学の内容を説明します。
2:
第２回／第２回：ミクロ経済学とは何か
ミクロ経済学とは何か／参考文献第１章
3:
第３回／第３回：企業と家計（１）
企業と家計（１）／参考文献第２章
4:
第４回／第４回：企業と家計（２）
企業と家計（２）／参考文献第２章
5:
第５回／第５回：これまでの復習・小テスト
これまでの復習・小テスト／第2回〜4回の復習と小テスト
6:
第６回／第６回：供給と需要（1）
供給と需要（1）／参考文献第3章
7:
第７回／第７回：供給と需要（2）
供給と需要（2）／参考文献第3章
8:
第８回／第８回：供給と需要（3）
供給と需要（3）／参考文献第3章
9:
第９回／第９回：供給と需要（4）
供給と需要（4）／参考文献第3章
10:
第１０回／第１０回：これまでの復習・小テスト
これまでの復習・小テスト／第6回〜9回の復習と小テスト
11:
第１１回／第１１回：完全競争市場（1）
完全競争市場（1）／参考文献第4章
12:
第１２回／第１２回：完全競争市場（2）
完全競争市場（2）／参考文献第4章
13:
第１３回／第１３回：完全競争市場（3）
完全競争市場（3）／参考文献第4章
14:
第１４回／第１４回：これまでの復習・小テスト
これまでの復習・小テスト／第11回〜14回の復習と小テスト",なし,金子昭彦・田中久稔・若田部昌澄著『経済学入門＜第３版＞』（東洋経済新報社2015年）,"割合
評価基準
レポート:
50％
期末レポートの内容、体裁、分量により総合的に評価します。
平常点評価:
50％
小テストを受験したことによる基礎点と、小テストの正答率に基づく加算点で評価します。",※受講者の理解度等によって、内容を変更する可能性があります。,HSSB111L,健康／スポーツ科学,スポーツビジネス,スポーツ経済学,初級レベル（入門・導入）,基礎科目,１年以上,2,日本語,【オンライン】フルオンデマンド
2026,HSSB161L,トップスポーツビジネス概論,平田　竹男,スポーツ,秋クォーター,無フルOD,-,近年、トップスポーツビジネスの世界は大きく発展しており、ますます深く広い知......,2000002875012026200000287520,,"近年、トップスポーツビジネスの世界は大きく発展しており、ますます深く広い知識が求められるようになってきた。
例えば、そもそもなぜ野球にはドラフト制度が存在するのか。サッカーでは、各球団が自由に選手を獲得できる。
共産主義の米国、自由競争の欧州。スポーツビジネスは一般ビジネスのイメージと正反対である。
経営破綻を未然に防ぐ。戦力を均衡させる。人件費高騰を防ぐ。勝っても負けても儲かるように仕組む。そのようなアメリカ型ビジネスに対し、欧州型は弱肉強食のエンドレスの入れ替え戦。多くのクラブが資金不足に悩むが、
FIFA
ワールドカップ、欧州チャンピオンズリーグは最高の興行となっている。
日本においてはプロ野球、
J
リーグ、そしてバスケット、ラグビー、卓球、駅伝等の経営課題に直面する。
そして選手、チーム、リーグ、代表それぞれに課題を持つ。
本講義では、リーグ構造、クラブ経営、メディア、スポンサー、スタジアム・アリーナなど、スポーツビジネスを俯瞰（ふかん）的に理解してもらうことを通じて、何らかの形でスポーツ界を発展させることのできる人材を輩出することを目的とする。
内容については可能な限りタイムリーなものを取り上げるため、下記の授業計画とは異なる場合もある。","①スポーツビジネスの基本的構造を分析する能力を身に付ける
②スポーツビジネスに不可欠な存在であるメディア、スポンサー、スタジアム・アリーナに関する基本的知識をマスターする
③日本、アメリカ、欧州のスポーツの進化過程を知る","オンデマンド授業の形式ですが、ビデオ視聴のみならず、並行して「スポーツビジネス　最強の教科書」（東洋経済新報社）を読み進めることが求められます。
また、毎回レビューシートにおいて、授業に対する各自の感じたことや考えを3点整理して記述する「書く力」も求められます。
最初から的確に書けない場合もありますが、回を追うごとに、自分の言葉で書き表せるようになっていく皆さんの成長を楽しみにしています。","1:
第１回
イントロダクション、スポーツメーカー
2:
第２回
MLB
3:
第３回
プレミアリーグ
4:
第４回
日本のテレビとスポーツ
5:
第５回
欧州サッカー総論
6:
第６回
ラ・リーガ
7:
第７回
個人競技
8:
第８回
MSL
9:
第９回
OTT配信
10:
第１０回
NBA
11:
第１１回
NFL
12:
第１２回
スタジアム・アリーナ
13:
第１３回
ドイツ・イタリア・フランス等のサッカーリーグ
14:
第１４回
スポンサー、終わりに　　（補論NHL）","・スポーツビジネス　最強の教科書　第2版　平田竹男（東洋経済）
・なでしこジャパンはなぜ世界一になれたのか？　平田竹男（ポプラ社）
・サッカーという名の戦争　平田竹男（新潮社）
・パラリンピックを学ぶ　平田竹男編著　（早稲田大学出版部）","・新・野球を学問する　平田竹男　（桑田真澄との共著　新潮文庫）
・サッカーの経済学　平田竹男監修　（新星出版社）
・「トップスポーツビジネスの最前線2009＜ドリーム・ジョブへの道＞」平田竹男　中村好男（新潮社）
・トップスポーツビジネスの最前線2008＜夢を実現させる仕事＞（新潮社）
・トップスポーツビジネスの最前線2007＜モーニング娘。のフットサル普及ミッションから中田英寿引退プロジェクトまで＞（新潮社）
・トップスポーツビジネスの最前線＜スポーツライティングから放映権ビジネスまで＞（新潮社）
・トップスポーツビジネスの最前線＜勝利と収益を生む戦略＞（新潮社）
・トップスポーツビジネスの最前線＜「勝利」「マーケット」「普及」のトリプルミッション＞（新潮社）
・「超一流論 トップリーダー1％に上りつめる 平田流「ハーバードKS」思考法」 平田竹男（双葉社）","割合
評価基準
平常点評価:
100％
毎回のレビューシートの内容を重視する","１）重要な連絡は
Moodle
上の「お知らせ」で行うので、随時チェックすること。
２）関連科目：「トップスポーツビジネス入門」「資源エネルギーと地球環境問題を考える」",HSSB161L,健康／スポーツ科学,スポーツビジネス,トップスポーツマネジメント,初級レベル（入門・導入）,基礎科目,１年以上,2,日本語,【オンライン】フルオンデマンド
2026,HSSB140L,Introduction to Sport Management,徐　子淵,スポーツ,秋学期,月２時限,79-304講義室,This course introduces students to the fundamental concepts and practices ......,2000002907012026200000290720,,"This course introduces students to the fundamental concepts and practices of sport management through real-world examples and case studies from Japan and other countries. Students will explore various areas of sport management, including sport organizations, marketing, events, consumers, and contemporary issues in the sport industry. Through interactive discussions and oral assessments in a supportive and engaging environment, students will develop their ability to think critically, express their ideas, and communicate effectively in English.","By the end of the course, students will be able to:","Students are expected to spend approximately 90 minutes preparing for and reviewing each class, including assigned readings, case research, or presentation preparation as needed.","1:
Week 1
Orientation: syllabus overview, course introduction, and brief self-introductions
2:
Week 2
What is Sport Management? Understanding the field
3:
Week 3
Sport Organizations and Stakeholders: key actors and relationships
4:
Week 4
Sport Consumers and Fans: intention and behavior
5:
Week 5
Sport Marketing: markets, promotion, and strategy
6:
Week 6
Sponsorship, Media, and Branding: partnerships and brand development
7:
Week 7
Mid-Term Case Discussion: current issues in sport management
8:
Week 8
Sport Events: planning and operations
9:
Week 9
Facility Management: managing sport venues and facilities
10:
Week 10
Human Resources in Sport: managing people in the sport industry
11:
Week 11
Finance in Sport Management: revenue, costs, and budgeting
12:
Week 12
Governance and Ethics in Sport: social issues and responsibilities
13:
Week 13
Sport Analytics: data-driven decision-making in sport management
14:
Week 14
Final Exam: oral examination",,"Pedersen, P. M. (Ed.). (2025). Contemporary Sport Management (8th ed.). Human Kinetics.","割合
評価基準
試験:
70％
Mid-term (20 points), Final (50 points)
レポート:
0％
None
平常点評価:
30％
In-class contributions, discussions, and engagement
その他:
0％
None","This course is designed for students with a TOEIC score of 700 or higher, BUT all motivated students are welcome. Students who are unsure about their English proficiency are encouraged to consult with the instructor beforehand to discuss appropriate support.",HSSB140L,健康／スポーツ科学,スポーツビジネス,スポーツビジネスマネジメント,初級レベル（入門・導入）,基礎科目,１年以上,2,英語,【対面】
2026,HSSB140L,Sport Policy,高橋　義雄,スポーツ,秋学期,水１時限,-,The purpose of this course is to critically discuss the governance of spor......,2000002910012026200000291020,,"The purpose of this course is to critically discuss the governance of sport and its related policy. This course aims to develop students’ understanding of sport governance and policy. This course goes beyond looking at sport policies in isolation but takes a comparative approach to develop a critical understanding of how sport is utilised by governments and international organisations in order to achieve a wide range of outcomes. Debates around mass participation vs elite development, the role of sport for development and how sport development is managed and funded are some of the important issues addressed in this course.","The intended learning outcomes are that on completion of this course, the student should be able to:
1. Discuss and review the principles and theories of good governance and how they can be achieved
2. Evaluate governance practices and factors influencing governance decisions
3. Analyse the policy debates and appraise how these are manifested in national and international strategies.
4. Interpret governance and policy theory in order to review international case studies.","This course involves a substantial amount of in-class discussion and requires every student to do a class presentation. At the end of the course, there will be a presentation and an essay assignment to ascertain your understanding of what you have learnt.","1:
１.Orientation
Orientation: Guidance of the Course
2:
2. Safeguarding the integrity of sport
The lecture will explore institutional efforts within sports policy frameworks to prevent corruption and match-fixing, and to uphold ethical standards in sport.
3:
3. The international Olympic movement and its governance
This lecture will examine the worldwide development of the Olympic Movement and the structures that govern it.
4:
4. Elite Sports Policies
The lecture will explore strategic approaches within sports policy frameworks to improve global athletic competitiveness.
5:
5. Youth Sport Policies
The lecture will explore strategic approaches to youth sports policy, focusing on access, development, and inclusion.
6:
6. Media and Sports Policy
The lecture will explore strategic media policies aimed at enhancing the visibility and public engagement of sport.
7:
7. Policies related to health promotion
The lecture will explore strategic policy approaches that promote health through sport and physical activity.
8:
8. Sport Development & Peace
The lecture will explore how sport is leveraged in policy frameworks to foster peace and sustainable development worldwide.
9:
9. Gender Equality & Social Inculusion and Sport policy
The lecture will explore inclusive policy frameworks designed to combat systemic discrimination in sport and promote equity across gender and cultural lines.
10:
10. The sports industry and sports policy
The lecture will explore the expansion of the sports sector and the strategic policies involved in its development.
11:
11. Sports policies for regional revitalization
The lecture will explore the expansion of the sports sector and the strategic policies involved in its development.
12:
12. The Assessment of Impacts of Sport Policies
The lecture will explore approaches to measuring the impact and outcomes of sports policy initiatives.
13:
13. Sports policy research from a social science perspective
The lecture explores how macro-, meta-, and micro-theoretical frameworks in social science inform the study and design of sports policy.
14:
14. Summary of the lecture
We will have a summary of the lecture and a short quiz.","Hoye, R., Nicholson, M., & Houlihan, B. (2010). Sport and policy: Issues and analysis. London: Routledge.
King, N. (2009). Sport policy and governance. London: Routledge.
Ian Henry & Ling-Mei Ko (Eds.) (2014) Routledge Handbook of Sport Policy
Barrie houlihan & Dominic Malcom (Eds.)(2016) 3rd edition Sport and Society, London, SAGE.
Shilbury, D., & Ferkins, L. (Eds.). (2019). Routledge handbook of sport governance. London: Routledge.",,"Presentation 50%　 Content, structure and style of the presentation
Assignment 50% 　Critique, content and proper referencing",,HSSB140L,健康／スポーツ科学,スポーツビジネス,スポーツビジネスマネジメント,初級レベル（入門・導入）,基礎科目,１年以上,2,英語,【オンライン】リアルタイム配信
2026,HSSH120L,Principles of Athletic Training,鶴池　柾叡,スポーツ,秋学期,火３時限,79-303講義室,This course is designed to develop fundamental athletic training skills in......,2000002913012026200000291320,,"This course is designed to develop fundamental athletic training skills in English. It provides opportunities to learn basic human anatomical structures, injury evaluation methods, and common musculoskeletal injuries organized by specific body regions.","At the end of this course, all students will be able to:
• Recognize basic human anatomical structures.
• Perform basic injury evaluation methods.
• Identify common musculoskeletal injuries and conditions.","Please arrive to class on time with a positive mindset and a willingness to learn something new in each session. Active participation—such as asking questions—energizes the class and is therefore highly encouraged. Please do not be shy about using English in this course.
Students are expected to maintain a respectful and inclusive learning environment. Do not ridicule or criticize unintentional mistakes, differences in English proficiency, or anything that occurs during class, either during or outside of class.","1:
One
Orientation: course schedule review,outcomes, assignments
Delineationof athletic training
2:
Two
Type of injuries, wounds, and first aid for wounds, contusion
3:
Three
Healing process
Theconcept of rehabilitation based on healing process
4:
Four
Types of Allergies
Sprain and strain,
Bone, articulations (joints), andrelated injuries
Sports-Related Concussion
EatingDisorders
5:
Five
Foot anatomy and foot injuries
6:
Six
Leg anatomy and leg injuries
7:
Seven
Knee anatomy and knee injuries
8:
Eight
Midterm Exam
9:
Nine
Thigh, groin, hip anatomy and related injuries
10:
Ten
Spine anatomy and spine injuries
11:
Eleven
Shoulder anatomy and shoulder injuries
12:
Twelve
Elbow and wrist anatomy and related injuries
13:
Thirteen
Athletic Rehabilitation
14:
Fourteen
Final Exam",Handouts will be distributed during class.,,"• Quizzes (4): 40% (10 points each)
• Exam: 30%
• Final Exam: 30%",,HSSH120L,健康／スポーツ科学,健康スポーツ,健康行動科学,初級レベル（入門・導入）,基礎科目,１年以上,2,英語,【対面】
2026,HSSM162L,公衆衛生学,澤田　亨／後藤　孝也,スポーツ,秋学期,無フルOD,-,・国際大会等の代表に選ばれた選手が「ひとりでも多くの国民の皆さんに元気を与......,2000003135012026200000313520,人々の健康と幸せに貢献する学問,"・国際大会等の代表に選ばれた選手が「ひとりでも多くの国民の皆さんに元気を与えられるように頑張ります」とインタビューで答えるのを見ることがあります。意識しているかどうかは別にしてこの選手は公衆衛生の実践者です。
・公衆衛生（Public Health）は「人々（Public）」の「健康や幸福度（Health）」を高めるための学問です。公衆衛生は人々の健康や幸福度を高めるための社会制度であり、健康や幸福度を高めるための実践であり、その制度や実践にエビデンス（科学的根拠）を与える研究です。
・本授業ではこれらの制度や実践・研究について学習します。
※この科目は当該授業内容に関する実務の経験を有する教員がその実務経験を生かして講義を行う科目です。",・公衆衛生に関する基本的な考え方を理解する。,"【事前学習】　各回の予習として動画を視聴する前にインターネットや参考図書を使用して講義内容に関する予習をしてください。予習には90分～120分かかると想定されます。
【事後学習】　各回の復習としてMoodleで配布する資料を使用して講義内容に関する復習をしてください。復習には90分～120分かかると想定されます。","1:
第1回
授業の概要と進め方・公衆衛生学（Public Health）とは（担当：澤田）
2:
第２回
信頼できる健康情報： エビデンスとは（担当：澤田）
3:
第３回
信頼できる健康情報のつくられ方： 疫学研究とは（担当：澤田）
4:
第４回
ライフスタイルと健康： メタボリックシンドローム・循環器疾患・糖尿病（担当：澤田）
5:
第５回
ライフスタイルと健康： がん（担当：澤田）
6:
第６回
ヘルスプロモーション・健康づくり方法論（担当：澤田）
7:
第７回
公衆衛生政策： 健康日本21（担当：澤田）
8:
第８回
公衆衛生政策： 身体活動の奨励（担当：澤田）
9:
第９回
学校保健： 組織と運営・学校保健活動・環境管理・安全管理（担当者：後藤）
10:
第10回
公衆衛生政策： こころの健康（担当：澤田）
11:
第11回
産業保健： 産業疲労・職業性疾患・産業災害・労働衛生管理（担当者：後藤）
12:
第12回
公衆衛生政策： 感染症対策（担当：澤田）
13:
第13回
環境保健： 地球環境・環境評価・環境基本法・環境基準・廃棄物処理・リサイクル（担当者：後藤）
14:
第14回
授業全体の振り返り・総まとめ（担当：澤田）",・特に指定しません。,・授業で紹介します。,"割合
評価基準
平常点評価:
100％
毎回、授業の復習テストを実施します。","・本授業で紹介する「疫学」をさらに勉強したい場合は、2年次から科目登録可能な「健康スポーツ原論C（健康スポーツ疫学）」（秋学期開講）を履修してください。
・スポーツ疫学研究室ホームページ：
https://sites.google.com/site/sssawadalab/
・身体活動・運動施策の推進（厚生労働省）：
https://www.mhlw.go.jp/stf/seisakunitsuite/bunya/kenkou_iryou/kenkou/undou/index.html",HSSM162L,健康／スポーツ科学,スポーツ医科学,衛生学,初級レベル（入門・導入）,基礎科目,１年以上,2,日本語,【オンライン】フルオンデマンド
2026,HSSM101L,筋骨格系の基礎科学,川上　泰雄／秋本　崇之／鳥居　俊,スポーツ,秋学期,水１時限,１００-２０５,＊原則として対面講義です。場合によって一部がオンライン、オンデマンド形式と......,2000003150012026200000315020,スポーツ・身体運動の仕組みを探る,"＊原則として対面講義です。場合によって一部がオンライン、オンデマンド形式となる可能性があります。
「骨格筋」は力やエネルギーを発揮しつつ身体運動の原動力となり、スポーツパフォーマンスや多様な身体能力の基盤となります。骨格筋の足場となっている「骨」を強靱に、そしてしなやかにつなぎ止めているのが「関節」です。これら筋骨格系は人間の身体運動の成り立ちについて学ぶうえで根幹となる部分です。本授業では、筋骨格系の基礎知識やトピックスについて、スポーツ科学の初学者やスポーツ科学部以外の学生を念頭に置いた基本事項の講義を展開します。授業内容・担当教員の順序は変更される可能性があります。",筋骨格系の形態的・機能的特性について、様々な観点から理解を深める。,各回の予習・復習には約100分かかると想定されます。講義資料の一部はWaseda Moodleを通じて配布しますので、勉強しておくようにしてください。,"1:
第1回（10月7日）
人間の体格を形づくる骨格筋（川上）
2:
第2回（10月14日）
骨格筋の「かたち」と「はたらき」（ミクロな視点から）（川上）
3:
第3回（10月21日）
骨格筋の「かたち」と「はたらき」（マクロな観点から）（川上）
4:
第4回（10月28日）
筋力・筋パワーの発揮（川上）
5:
第5回（11月4日）
筋収縮のためのエネルギーとその獲得過程（川上）
6:
第6回（11月11日）
身体運動における「乳酸」の意義　その1（糖と脂肪の観点から）（八田＋川上）
7:
第7回（11月18日）
身体運動における「乳酸」の意義　その2（トレーニングの観点から）（八田＋川上）
8:
第8回（11月25日）
身体の調節装置としての骨格筋（秋本）
9:
第9回（12月2日）
比較解剖学：他の動物と比べることで人間を知る（平井＋川上）
10:
第10回（12月9日）
骨は生きている：アスリートの骨（鳥居）
11:
第11回（12月16日）
骨は生きている：骨の量・形の変化（鳥居）
12:
第12回（1月6日）
体幹の骨の構造から運動や障害を考える（大塚＋川上）
13:
第13回（1月13日）
筋骨格系のトレーニング効果（川上）
14:
第14回（1月20日）
到達度の確認テスト（川上）",参考図書,授業時に適宜紹介します。,"割合
評価基準
試験:
70％
第14回目の授業時に到達度の確認テストを行います。
平常点評価:
30％
授業への出席状況、主体的（積極的）な授業参加度等を評価します。",,HSSM101L,健康／スポーツ科学,スポーツ医科学,スポーツ医科学,初級レベル（入門・導入）,基礎科目,１年以上,2,日本語,【対面】
2026,HSSE213L,スポーツ生理学,林　直亨,スポーツ,秋学期,水３時限,１００-１１５,運動・スポーツと関連深い生理的機能は、主に運動を直接発現する骨格筋系、運動......,2000003200012026200000320020,,運動・スポーツと関連深い生理的機能は、主に運動を直接発現する骨格筋系、運動をコントロールする神経系，ならびに運動を持続する呼吸循環系，内分泌系および体温調節系である。これらの生体機序を、神経・筋、エネルギー供給、体温調節等の観点んから説明し、トレーニング・環境・水分摂取・摂食などに関する運動生理学の様々な知見をスポーツの現場で応用する視点を学習する。これらの基礎知識を前提として、実際の競技スポーツ種目におけるスポーツ生理学の適用例について学ぶ。,生理学に関連する知識を総合して、トレーニングなどに応用できるように整理する。,"出席時には，300文字程度の振り返りをWaseda Moodleから記入してもらいます．その回で学んで興味を抱いたこと，質問などを記入します．面白い振り返りについては，翌週の授業開始時に取り上げます．各自の振り返りが，講義を形作りますので，主体的にコメントを記入してください．
プレゼンテーションを行う回では，授業前までにプレゼンテーションについての十分な学修と準備をしておく必要があります。実習を行う回（レポート課題）では，自身で運動して，計測を行う必要があります．各回の予習・復習には平均で約90分～120分かかると想定されます。","1:
第１回：オリエンテーション
本講義の目的と概要について説明する。各自の尊敬する選手の特徴について理解する．
2:
第２回：パフォーマンスと身体組成
パフォーマンスに影響する身体組成の重要性を扱う。
3:
第３回：呼吸循環系１
呼吸循環系について扱う。
4:
第４回：呼吸循環系２
呼吸循環系について扱う。
5:
第５回：心拍数を用いた持久力評価（オンデマンド＋レポート課題）
自身で運動を実施し，その際の心拍数を計測することで，最大酸素摂取量を評価する．評価法，測定結果とその考察をレポートにまとめて提出する（12/30締め切り予定）．
6:
第６回：運動と呼吸循環系
運動時の呼吸循環系の応答とその機序について扱う
7:
第７回：中間発表課題（対話による情報共有）
これまでの講義（主に身体組成や呼吸循環系）と関連する内容で，各自が興味のある点をまとめて，５分程度で発表する（発表課題）．
8:
第８回：骨格筋機能
骨格筋の特徴と機能について扱う．
9:
第９回：神経機能
神経系の構造と機能を扱う。
10:
第10回：脳機能
脳の構造と機能の基礎を扱う。
11:
第11回：感覚（特殊感覚）
視覚を中心に，特殊感覚について扱う．
12:
第12回：運動と感覚
筋からの感覚の役割と機能について扱う
13:
第13回：環境と運動
環境（主に標高や気温）がパフォーマンスに与える影響について，生理学的観点から扱う。
14:
第14回：最終発表課題（対話による情報共有）
講義に関係のある内容で，各自の興味がある点をまとめて，５分程度で発表する（発表課題）．",,"パワーズ運動生理学（Powers, Howley 著），メディカルサイエンスインターナショナル（全体を網羅しており，最新知識が盛り込まれている）
新・スポーツ生理学　村岡功(編)，市村書店（重要な箇所を中心に書かれており，基礎的内容を網羅している）","割合
評価基準
レポート:
20％
「心拍数を用いた持久能力評価」のレポートを評価します．生成AIを使用してレポートを書くことは禁じません．ただし，AIの出力をそのまま提出することは認めません（文体等で分かってしまいます）．使用したことを記した上で，自分で調べたことも含めてください
平常点評価:
40％
毎回の発言・振り返りで評価します。
その他:
40％
発表課題２回(各20%)で評価します。生成AIを使って資料を作成することは禁じません．ただし，AIの出力をそのまま提出することは認めません（文体等で分かってしまいます）．使用したことを記した上で，自分で調べたことも含めてください","授業中の対話や発言を重視します．自分が参加することで，授業が進み，授業内容が変わるという意識をもって，積極的に参加・発言してください（受け身では何も変わりません）．オフィスアワーは設けないものの，質問などあれば，メイルなどで遠慮なく連絡を取ってください．
授業の順序や内容は，受講者の興味に応じて若干変更することがあります．",HSSE213L,健康／スポーツ科学,身体運動科学,運動生理学,中級レベル（発展・応用）,コース選択科目,２年以上,2,日本語,【対面】
2026,HSSE262L,メンタルトレーニング論,深町　花子,スポーツ,秋学期,無フルOD,-,スポーツ場面で用いられているメンタルトレーニングについて学ぶ。メンタルトレ......,2000003230012026200000323020,,スポーツ場面で用いられているメンタルトレーニングについて学ぶ。メンタルトレーニングの一般的なスキルを学ぶだけでなく、最新のトレーニング内容も紹介する。また、メンタルトレーニングのスキルを学ぶだけでなく、アスリートのメンタル面に広く注目し、スポーツ場面でどのようなメンタルトレーニングが求められているのか解説する。,（1）自分にはどのようなメンタルトレーニングが必要で、どのようなメンタルトレーニングのスキルを用いればよいのか、理解することができる。（2）メンタルトレーニングのスキルの実践方法を理解し、活用することができる。（3）メンタルトレーニングのスキルを第三者に説明し、身につけさせることができる。,各回の予習・復習には*約90分～120分かかると想定されます。,"1:
第１回
オリエンテーション・目標設定と問題解決法
2:
第２回
メンタルサポートの現状
3:
第３回
メンタルサポートの実際
4:
第４回
ストレスの概念・定義
5:
第５回
ストレスの対処法
6:
第６回
メンタルトレーニングの評価・原則
7:
第７回
メンタルトレーニングのスキル
8:
第８回
新しいメンタルトレーニング
9:
第９回
アスリートのメンタルヘルス
10:
第10回
女性アスリートの健康問題とメンタルヘルス
11:
第11回
受傷アスリートとメンタルヘルス
12:
第12回
チームビルディング（1）
13:
第13回
チームビルディング（2）
14:
第14回
現代のスポーツ界におけるメンタルトレーニングを考える",,"日本スポーツ心理学会（編）「スポーツメンタルトレーニング教本 三訂版」大修館書店
荒井弘和（編著）「アスリートのメンタルは強いのか？―スポーツ心理学の最先端から考える―」晶文社","割合
評価基準
試験:
0％
行いません。
レポート:
55％
授業期間の終盤に課される期末レポートを適切に作成しているか。
平常点評価:
45％
毎回の授業時に提示される設問に適切に回答しているか。
その他:",,HSSE262L,健康／スポーツ科学,身体運動科学,スポーツ心理学,中級レベル（発展・応用）,基礎科目,１年以上,2,日本語,【オンライン】フルオンデマンド
2026,HSSM204L,スポーツ医学（外科系）,金岡　恒治／鳥居　俊／熊井　司／永元　英明,スポーツ,秋学期,火１時限,１００-１１９,スポーツ活動、運動習慣や日常生活動作によって生じうる運動器の障害（故障）や......,2000003250012026200000325020,,"スポーツ活動、運動習慣や日常生活動作によって生じうる運動器の障害（故障）や外傷（怪我）についての医学的知識を学び、その発生メカニズムを考え、正しい対処方法を身につけることを目的とする。
総論においてはヒトの運動器障害・外傷の発生に関するメカニズムや加齢・性差の影響を学ぶ。
次いで、人体の各部位に発生する運動器障害・外傷について個々の病態とその発生メカニズム、治療方法、予防方法について理解する。
授業形式は対面とする。",スポーツ外傷・障害の病態・対処方法について基本的な知識を得る。,各回の予習・復習には約90分～120分かかると想定されます。,"1:
第１回
金岡　整形外科障害の病態（総論・関節不安定性による障害・関節障害）
2:
第２回
熊井　整形外科障害の病態（総論・筋腱への牽引力による障害・付着部障害）
3:
第３回
鳥居　整形外科障害の病態（総論・退行変性による障害、発育期、性差の特徴）
4:
第４回
鳥居　頭部・顔面の外傷・障害
5:
第５回
金岡　頚椎・脊髄・神経の外傷・障害
6:
第６回
永元　 肩甲帯の外傷・障害
7:
第７回
永元　肘・手の外傷・障害
8:
第８回
金岡　腰部・骨盤の外傷・障害
9:
第９回
鳥居　股関節・大腿部の外傷・障害
10:
第10回
鳥居　膝の外傷・障害
11:
第11回
永元　下腿の外傷・障害
12:
第12回
熊井　足関節の外傷・障害
13:
第13回
熊井　足部の外傷・障害
14:
第14回
金岡　教場試験",,,"割合
評価基準
試験:
50％
試験によって到達度評価を行う
平常点評価:
50％
出席状況により評価する","・本授業は金岡、鳥居、熊井、永元の４教員によって行われる。
・基礎スポーツ医学、解剖学を履修しておく事。",HSSM204L,健康／スポーツ科学,スポーツ医科学,スポーツ医科学,中級レベル（発展・応用）,コース基礎科目,２年以上,2,日本語,【対面】
2026,HSSM202L,解剖学,川上　泰雄／赤間　高雄／秋本　崇之／西多　昌規,スポーツ,秋学期,月１時限,１００-１１６,※対面講義（一部オンデマンド形式）での授業を予定しています。 本講義では、......,2000003275012026200000327520,,"※対面講義（一部
オンデマンド形式）での授業
を予定しています。
本講義では、入学後に勉強した運動器解剖学の基礎的知識に加えて、体内の様々な器官や組織がどのように連携して人間の恒常性の維持を達成しているかについて、複数教員が講義を展開する。系統器官のマクロ解剖だけでなく、一部ミクロレベル（組織、細胞レベル）の解剖学についても学ぶ。傷病やスポーツ外傷・障害の病理、健康との関わりについても言及する。医科学コースの基礎科目として、コース所属学生は履修しておくことが望ましい。",人体の構造と機能、内部環境の恒常性の維持に関してマクロ・ミクロレベルで理解する。,各回の予習・復習には約90分～120分かかると想定される。以下の書籍を教科書として使用する。,"1:
第１回
オリエンテーション　総論、筋骨格系1　（川上）
2:
第２回
筋骨格系2　（川上）
3:
第３回
筋骨格系3　（川上）
4:
第４回
筋骨格系4　（川上）
5:
第５回
筋骨格系5　（川上）
6:
第６回
筋骨格系6　（川上）
7:
第７回
骨・軟骨の組織学　（秋本）【オンデマンドの予定】
8:
第８回
循環器系　（赤間）
9:
第９回
呼吸器系　（赤間）
10:
第10回
消化器系　（赤間）
11:
第11回
泌尿器系・内分泌系　（赤間）
12:
第12回
神経系１　（西多）【オンデマンドの予定】
13:
第13回
神経系２　（西多）
14:
第14回
到達度の確認（テスト）（川上）",佐伯由香ほか編訳『トートラ人体解剖生理学』（原書11版），丸善出版，2020．,講義時に適宜紹介します。,"割合
評価基準
試験:
70％
最終回に到達度の確認をする
平常点評価:
30％
出席状況、授業態度により評価する",原則として２年生・３年生を対象とした科目で、「基礎解剖学」の履修・単位取得もしくは同等の知識を有することを前提とする。医科学コース所属学生は履修することが望ましい。各教員による授業日程は変更が生じる可能性がある。,HSSM202L,健康／スポーツ科学,スポーツ医科学,スポーツ医科学,中級レベル（発展・応用）,コース基礎科目,２年以上,2,日本語,【対面】ハイブリッド（対面回数半数以上）
2026,HSSE271L,スポーツ生化学・遺伝学,谷澤　薫平,スポーツ,秋学期,水２時限,１００-Ｓ１０１,スポーツ生化学は、運動時のエネルギー代謝や運動・スポーツに対する身体の適応......,2000003285012026200000328520,,スポーツ生化学は、運動時のエネルギー代謝や運動・スポーツに対する身体の適応について、生化学的視点から明らかにする学問です。また、スポーツ遺伝学は、スポーツに関する様々な形質と遺伝との関わりについて明らかにする学問です。本授業では、まず、オンデマンド動画の視聴により生化学・遺伝学の基礎知識ならびにスポーツ生化学・遺伝学に関する様々なトピックの基礎知識を学びます。その後、学んだトピックに関する問いをグループで1つ選択し、問いに対する答えをグループで協力して導くことにより、主体的に学びを深めていきます。,"【学部】運動による身体の適応の生化学的メカニズムや、スポーツに関する様々な形質と遺伝の関わりについて理解できる。
【大学院】運動による身体の適応の生化学的メカニズムや、スポーツに関する様々な形質と遺伝の関わりについて理解できる。また、運動パフォーマンス向上や健康づくりにおける、スポーツ生化学・遺伝学の知識の応用や、自分の研究分野との関連性について意見を述べることができる。",各回の予習・復習には約90分～120分かかると想定されます。,"1:
第１回
【対面】オリエンテーション、スポーツ生化学・遺伝学とは
2:
第２回
【オンデマンド】生化学の基礎①：代謝、エネルギー、酵素、解糖系、クエン酸回路、電子伝達系
【対面】小テストの解説、レビューシートに対するフィードバック
3:
第３回
【オンデマンド】生化学の基礎②：DNAの構造、遺伝子発現
【対面】小テストの解説、レビューシートに対するフィードバック
4:
第４回
【オンデマンド】運動によるミトコンドリア・GLUT4増加
【対面】小テストの解説、レビューシートに対するフィードバック
5:
第５回
【オンデマンド】運動中の糖・脂質・乳酸代謝
【対面】小テストの解説、レビューシートに対するフィードバック
6:
第６回
【オンデマンド】mTORシグナルとタンパク質合成
【対面】小テストの解説、レビューシートに対するフィードバック
7:
第７回
【オンデマンド】ヘプシジンによる鉄代謝調節
【対面】小テストの解説、レビューシートに対するフィードバック、グループワーク
8:
第８回
【オンデマンド】遺伝学の基礎①：遺伝情報の分配、遺伝子多型
【対面】小テストの解説、レビューシートに対するフィードバック、グループワーク
9:
第９回
【オンデマンド】遺伝学の基礎②：単一遺伝子形質と多因子遺伝形質、関連解析
【対面】小テストの解説、レビューシートに対するフィードバック、グループワーク
10:
第１０回
【オンデマンド】スポーツ遺伝学の歴史
【対面】グループ発表
11:
第１１回
【オンデマンド】ACTN3遺伝型と運動パフォーマンス
【対面】グループ発表
12:
第１２回
【対面】スポーツ遺伝学の最新トピック①、グループワーク
13:
第１３回
【対面】スポーツ遺伝学の最新トピック②、グループワーク
14:
第１４回
【対面】グループ発表",適宜資料を配布します。,Essential細胞生物学（南江堂）,"割合
評価基準
試験:
40％
【学部・大学院共通】
・動画視聴後の小テスト：40%
レポート:
20％
【学部・大学院共通】
・グループワークのプレゼン資料：20%
平常点評価:
40％
【学部】
・プレゼンテーション（2回）の内容：20%
・授業の出席状況、グループワークや議論への参加姿勢：20%
【大学院】
・プレゼンテーション（2回）の内容：20%
・授業の出席状況、グループワークにおけるリーダーシップ、質疑応答の質：20%","・オンデマンドと対面のハイブリッド形式で行います。授業の流れは以下の通りです。
1) オンデマンド動画を視聴し、小テストに解答する。
2) 動画を見て分からなかったことや質問があれば、Moodleのレビューシートに記入する。
3) 対面授業ではレビューシートに対するフィードバックやグループワークを行う。
・授業時間はオンデマンドと対面合わせて100分になるように調整します。
・高校で「生物基礎」と「化学基礎」を履修していることを前提に授業を進めます（未履修でも受講は可能です）。
・本科目の受講前に「生化学」と「生理・運動生理学」の履修を推奨します（未履修でも受講は可能です）。
・グループワークでは、授業で学んだトピックに関する問いを1つ設定し（問いは教員が設定）、英語の学術論文から情報収集するなどして、問いに対する答えを導きます。
・本科目は学部・大学院合併科目です。大学院生には、グループワークをリードし同じグループの学部生に助言をするなど、より能動的な授業への参加を期待します。",HSSE271L,健康／スポーツ科学,身体運動科学,運動生化学,中級レベル（発展・応用）,コース選択科目,２年以上,2,日本語,【対面】ハイブリッド（対面回数半数以上）
2026,HSSE263W,メンタルトレーニング実習　02,今井　恭子,スポーツ,秋学期,火３時限,79-304講義室,アクティブラーニングの形式を用いて、競技者や指導者がメンタルトレーニングを......,2000003295022026200000329520,,"アクティブラーニングの形式を用いて、競技者や指導者がメンタルトレーニングを実践するときに必要な基礎知識の習得を目指します。スポーツ心理学を中心とする学術面からの解説をはじめ、各種技法の実践とグループワークを通じて体験的に理解を深め、メンタルトレーニングプログラムの立案、実践ならびに評価までを行います。
＊一部オンデマンドに切り替える場合があるのでMoodleで逐次ご確認下さい。
＊この科目は当該授業内容に関する実務の経験を有する教員がその実務経験を活かして講義等を行う科目です。","１）メンタルトレーニング技法に関する学術的背景と基礎的用法を理解し、各自の心理的課題に応じた技法の実践と評価を行うことで、体験的にメンタルトレーニングを理解できるようになる。
２）グループワークを通じて自己理解／他者理解を深め、物の見方やコミュニケーション様式について、客観的に捉え直す機会が得られる。","・第６回以降、各々が立案したメンタルトレーニングプログラムの継続的な実践が求められます。
・Moodleに掲出されたテキスト等を事前に閲覧した上で、授業参加を求める場合があります。","1:
第1回
実習の進め方に関するガイダンス、メンタルトレーニングの概要、グループ分け
2:
第2回
自己分析に関する講義と技法の実践（１）：パフォーマンス分析
3:
第3回
自己分析に関する講義と技法の実践（２）：動機づけと目標設定
4:
第4回
緊張・不安・覚醒水準のコントロールに関する講義と技法の実践
5:
第5回
イメージならびにポジティブ思考に関する講義と技法の実践
6:
第6回
注意集中に関する講義と技法の実践、メンタルトレーニングプログラムの立案
7:
第7回
スランプに関する講義
8:
第8回
メンタルトレーニングプログラムの進捗確認と修正（個人）
9:
第9回
メンタルトレーニングプログラムの進捗確認と修正（チームフィードバック）
10:
第10回
コミュニケーションスキルに関する講義と実践
11:
第11回
チームワークとリーダーシップに関する講義と実践
12:
第12回
ストレス管理に関する講義と実践
13:
第13回
メンタルトレーニング進捗確認、データ整理、最終レポート作成
14:
第14回
メンタルトレーニング実践報告会と講評",特に定めず、テキストとワークシートを各回配付する。,必要に応じ、適宜紹介する。,"割合
評価基準
試験:
ペーパー試験は実施しない（ただし、第１４回の発表が口頭試験に該当する）
レポート:
30％
第６回と第１３回の授業にて提出を求める。第６回ではメンタルトレーニングプログラム計画案を、第１３回では自身で継続的に記録したデータに基づき結果と考察をまとめる事例研究形式のレポートが課される。与えられた課題の意図を把握し、十分な洞察が深められているかを評価する。とくに最終レポートにおいては、１）実施計画の綿密さ、２）課題実践の積極性、３）評価指標と記録方法の適切性、４）結果のまとめ方、４）考察の深さ、５）レポートの書き方の５点について評価する。最終レポートが未提出の場合は、単位取得不可とする。
平常点評価:
70％
実習科目であることから「出席率」を最も重視する。毎授業で提出を求めるワークシートにおいて、実習内容の理解と十分な洞察が深められているかを評価する。また、個人ならびにグループでのエクササイズにおける積極的な参加姿勢を評価する。とくに第８回と第９回に行われるグループメンバー間によるプログラム相互評価への参加は必須である。","【履修上の留意点】
・
グループワーク重視の少人数制を敷く実習科目
であることから、
全１４回の授業に「高い出席率で履修を継続する意思」のある者
の履修登録が望ましい。
・
第１回講義で「グループ分け」を行うので「
必ず初回より出席」
すること。
・「対面授業」を基本とするが、諸般の状況を鑑み「一部オンデマンドへの切り替え」や諸連絡を行う場合があるのでMoodleを逐次確認すること。
・メンタルトレーニングプログラムの実践を円滑に進めるうえで、４年春学期までの履修が望ましい。
・スポーツ心理学関連の講義を事前に履修し、基礎知識を備えたうえでの参加が望ましい。
【授業形式について】
・本実習は、アクティブラーニング型の授業である。
・グループワークは、学生が主体的に進めることを期待する。学生間での相互フィードバックの機会を提供する。
・より質の高いメンタルトレーニング実践となるよう、教員から各学生へフィードバックと助言を行う。",HSSE263W,健康／スポーツ科学,身体運動科学,スポーツ心理学,中級レベル（発展・応用）,コース選択科目,２年以上,1,日本語,【対面】
2026,HSSE252L,筋力の制御と適応の科学,宝田　雄大,スポーツ,秋学期,水３時限,１００-Ｓ１０１,本授業は 「一部対面（5回以下）＋オンデマンド（課題提示型）」 のハイブリ......,2000003297012026200000329720,無意識の意志による運動行動の制御と適応,"本授業は 「一部対面（5回以下）＋オンデマンド（課題提示型）」 のハイブリッド形式で実施する。オンデマンド回では、Waseda Moodle 上で提示される課題に取り組む形式を基本とする。
あなたは「直感」を信じますか。
「あなたの行動があなたの意志に先立つ」という現実を信じるでしょうか。もしそうなら、いったい誰があなたの脳を動かしているのでしょうか。
ヒトは日常生活の多くを無意識的に過ごしている。無意識的な行動目標の追求、報酬との結びつき、意識に上る力覚、そして加圧トレーニングによる力覚変化など、運動行動には多様な神経機構が関与する。本講義では、運動・知覚の無意識的認知過程に焦点を当て、筋力の制御と適応に関わる脳・神経機構を解説する。
最大随意筋力の心理的限界や、加圧トレーニングによる一次運動野活動の変化など、担当教員の研究成果も紹介しながら、運動行動の背後にある神経科学的メカニズムを深く理解する。
あなたの最大筋力、たとえば握力、はいつも同じですか？もし、違うのなら、なぜ、「最大筋力」に違いがあるのでしょうか？",① 随意筋収縮の神経機構を理解する。,各回の Waseda Moodle に掲載される資料の読解を含め、予習・復習には 90〜120分程度 を要する。オンデマンド（課題提示型）回では、課題の読解・考察・作成が中心となる。,"1:
第１回
オリエンテーション【対面】
2:
第２回
授業関連書籍の紹介と精読 1(1)
3:
第３回
授業関連書籍の紹介と精読 1(2)
4:
第４回
授業関連書籍の紹介と精読 2(1)
5:
第５回
授業関連書籍の紹介と精読 2(2)
6:
第６回
質疑応答 I【対面】
7:
第７回
授業関連書籍の紹介と精読 3(1)
8:
第８回
授業関連書籍の紹介と精読 3(2)
9:
第９回
記憶〜プライミングに関連して〜 I
10:
第１０回
記憶〜プライミングに関連して〜 II
11:
第１１回
質疑応答 II【対面】
12:
第１２回
記憶〜プライミングに関連して〜 III
13:
第１３回
無自覚的動機づけと潜在能力 I
14:
第１４回
無自覚的動機づけと潜在能力 II",,"習熟度別副教材
レベル1（基礎知識の補強が必要な学生向け）
・高校生物の教科書
・トレーニングの科学的基礎（ブックハウス・エイチディ）
レベル2（運動と脳の基礎を学びたい学生向け）
・脳と運動（共立出版）
・標準生理学（医学書院）
・意識の探求 上下（岩波書店）
レベル3（神経科学的理解を深めたい学生向け）
・第4版 カールソン神経科学テキスト 脳と行動（丸善出版）
・骨格筋の構造・機能と可塑性（医歯薬出版）
・筋肉研究最前線（エヌ・ティー・エス）
レベル4（専門的・学術的理解を求める学生向け）
・カンデル神経科学（メディカルサイエンスインターナショナル）
レベル5（研究レベルの学習を希望する学生向け）
・担当教員の研究論文(例）
https://researchmap.jp/Yt_read210422
http://scholar.google.co.jp/citations?user=8JwZqCIAAAAJ&hl=ja","割合
評価基準
レポート:
50％
授業内容の理解度、論理性、独自の考察を中心に評価する。
平常点評価:
50％
Moodle課題の提出状況、内容の質、学修への取り組みを評価する。
※出席のみで評価することはない。","・本授業は、一部対面（5回以下）とオンデマンド（課題提示型）を組み合わせて実施する。対面回の変更がある場合は事前に周知する。
・授業資料は標準的な形式で提供する。資料形式の大幅な変更や個別調整には限界があるため、履修前に障がい学生支援室へ相談し、必要な合理的配慮について確認すること。合理的配慮は大学の定める手続きに基づき検討される。
・担当教員の研究業績：
https://researchmap.jp/Yt_read210422
http://scholar.google.co.jp/citations?user=8JwZqCIAAAAJ&hl=ja",HSSE252L,健康／スポーツ科学,身体運動科学,スポーツ神経生理学,中級レベル（発展・応用）,コース選択科目,２年以上,2,日本語,【オンライン】ハイブリッド（対面回数半数未満）
2026,HSSH204L,健康スポーツ原論Ａ(健康スポーツ生理・生化学),宮下　政司／谷澤　薫平,スポーツ,秋学期,火２時限,１００-Ｓ１０１,身体活動による疾病の予防や改善を理解するうえで、生理学及び生化学の視点から......,2000003300012026200000330020,,身体活動による疾病の予防や改善を理解するうえで、生理学及び生化学の視点から理解ができるよう概説する。また、疫学研究、基礎研究、実践研究の3つの大きな研究にも触れながら、生理学及び生化学の視点からの学びを深める。なお、前半の授業では、生理学的視点（マクロな視点）から身体活動と健康に関する様々なトピックについて学び、後半の授業では同じトピックについて生化学的視点（ミクロな視点）から学ぶ構成とする。,"・身体活動による様々な疾病の予防や改善について、生理学及び生化学の視点から説明ができるようになる。
・疫学研究、基礎研究、実践研究の観点から身体活動の有用性について、体系的に理解できるようになる。",各回の予習・復習には約90分～120分かかると想定される。,"1:
第１回：受講ガイダンス、全身持久力と健康（生理学的視点から）
本講義の目的と概要を説明する
全身持久力と健康（生理学的視点から）について、
概説する。
2:
第２回：代謝と健康（生理学的視点から）
代謝と健康（生理学的視点から）について、疫学研究、基礎研究、実践研究の観点から概説する。
3:
第３回：身体活動とメタボリックシンドローム及び肥満症の予防・改善（生理学的視点から）
身体活動とメタボリックシンドローム及び肥満症の予防・改善（生理学的視点から）
について、疫学研究、基礎研究、実践研究の観点から概説する。
4:
第４回：身体活動と高血圧症の予防・改善（生理学的視点から）
身体活動と高血圧症の予防・改善（生理学的視点から）
について、疫学研究、基礎研究、実践研究の観点から概説する。
5:
第５回：身体活動と脂質異常症の予防・改善（生理学的視点から）
身体活動と脂質異常症の予防・改善（生理学的視点から）
について、疫学研究、基礎研究、実践研究の観点から概説する。
6:
第６回：身体活動と糖尿病の予防・改善（生理学的視点から）
身体活動と糖尿病の予防・改善（生理学的視点から）について、
疫学研究、基礎研究、実践研究の観点から概説する。
7:
第７回：身体活動とロコモティブシンドロームの予防・改善（生理学的視点および生化学的視点から）
身体活動とロコモティブシンドロームの予防・改善（生理学的視点および
生化学的視点
から）について、
疫学研究、基礎研究、実践研究の観点から概説する。
8:
第８回：全身持久力と健康（生化学的視点から）
全身持久力と健康（生化学的視点から）について、
疫学研究、基礎研究、実践研究の観点から概説する。
9:
第９回：代謝と健康（生化学的視点から）
代謝と健康（生化学的視点から）について、
疫学研究、基礎研究、実践研究の観点から概説する。
10:
第10回：身体活動とメタボリックシンドローム及び肥満症の予防・改善（生化学的視点から）
身体活動とメタボリックシンドローム及び肥満症の予防・改善（生化学的視点から）
について、
疫学研究、基礎研究、実践研究の観点から概説する。
11:
第11回：身体活動と高血圧症の予防・改善（生化学的視点から）
身体活動と高血圧症の予防・改善（生化学的視点から）
ついて、
疫学研究、基礎研究、実践研究の観点から概説する。
12:
第12回：身体活動と脂質異常症の予防・改善（生化学的視点から）
身体活動と脂質異常症の予防・改善（生化学的視点から）
ついて、
疫学研究、基礎研究、実践研究の観点から概説する。
13:
第13回：身体活動と糖尿病の予防・改善（生化学的視点から）
身体活動と糖尿病の予防・改善（生化学的視点から）
ついて、
疫学研究、基礎研究、実践研究の観点から概説する。
14:
第14回：まとめと教場試験
これまでの授業のまとめを概説した上で、教場試験を行う。",・エクササイズ科学：健康体力つくりと疾病・介護予防のための基礎と実践．文光堂、東京．2012,授業内で適宜紹介する。,"割合
評価基準
試験:
80％
到達度の確認として、小論文形式にて講義内で触れたテーマについて、教場試験を実施する。生理学及び生化学視点から身体活動による疾病の予防や改善について、理論的に考察できているかを評価する。
平常点評価:
20％
講義内の発表や討議などにおける積極性やそれらの内容を総合的に評価する。",特になし,HSSH204L,健康／スポーツ科学,健康スポーツ,健康スポーツ,中級レベル（発展・応用）,コース基礎科目,２年以上,2,日本語,【対面】
2026,HSSH204L,健康スポーツ原論Ｃ（健康スポーツ疫学）,澤田　亨,スポーツ,秋学期,無フルOD,-,・疫学は、公衆衛生（人々の健康や幸福）の課題に関する「原因」と「結果」を明......,2000003310012026200000331020,人々の幸せや幸福に貢献する「公衆衛生学」にエビデンス（科学的根拠）を与える学問,"・疫学は、公衆衛生（人々の健康や幸福）の課題に関する「原因」と「結果」を明らかにして、その時点で最も効果的な公衆衛生上の対策を選び出していく学問です。
・原因と結果の関係を解き明かすことを「因果推論」と呼びますが、公衆衛生上の課題を解決するためには、適切に因果推論を行うことが重要です。
・そして、適切に因果推論を行うためには、適切にデータを収集し、適切にデータを解釈することが大切です。
・本講義では、適切にデータを収集する方法や、適切にデータを解釈する方法を紹介し、みなさんの因果推論力を高めるお手伝いをします。
※この科目は当該授業内容に関する実務の経験を有する教員がその実務経験を活かして講義を行う科目です。","1．疫学とはなにかを理解する。
2．疫学研究における公平な「比較」の重要性と方法を理解する。
3．疫学研究における「因果推論」の重要性と方法を理解する。
4．健康スポーツ疫学研究の実際を知る。","【事前学習】　各回の予習としてインターネットや参考図書を使用して予習をしください。予習には90分～120分かかると想定されます。
【事後学習】　各回の復習として授業後にMoodleで配布する資料を使用して復習をしてください。復習には90分～120分かかると想定されます。","1:
第１回
授業の概要と進め方
2:
第２回
疫学とデータサイエンス
3:
第３回
偶然誤差と系統誤差（バイアス）
4:
第４回
系統誤差（バイアス）の実際
5:
第５回
データの信頼性と妥当性
6:
第６回
ランダム抽出とランダム割付
7:
第７回
交絡バイアス
8:
第８回
連続変数の集計
9:
第９回
カテゴリー変数の集計
10:
第10回
2種類の変数の集計
11:
第11回
疫学研究と因果推論
12:
第12回
回帰分析・統計モデル
13:
第13回
統計的仮説検定・統計的因果推論
14:
第14回
授業全体の振り返り・総まとめ",・特に指定しません。,・授業で紹介します。,"割合
評価基準
平常点評価:
100％
毎回、授業の復習テストを実施します。","・「健康スポーツ疫学」をさらに勉強したい場合は、3年次から科目登録が可能な「スポーツ疫学・生物統計学」（春学期開講・大学院との合併科目）を履修してください。
・スポーツ疫学研究室ホームページ：
https://sites.google.com/site/sssawadalab/",HSSH204L,健康／スポーツ科学,健康スポーツ,健康スポーツ,中級レベル（発展・応用）,コース基礎科目,２年以上,2,日本語,【オンライン】フルオンデマンド
2026,HSSM251L,スポーツカウンセリング,西多　昌規,スポーツ,秋クォーター,無フルOD,-,＊本講義は、フルオンデマンド（14回）で構成されます。 本講義は、カウンセ......,2000003325012026200000332520,アスリートのこころを癒やし、整える。,"＊
本講義は、フル
オンデマンド（14回）で構成されます。
本講義は、カウンセラーを養成するというより、スポーツカウンセリングの基本的な知識を学ぶことを目的としています。このような知識は、カウンセラーとして仕事をしたい人たちへの導入となると同時に、教師やスポーツ指導者、アスレチックトレーナー、マネージャーなどの立場で、スポーツ現場にいる学生やアスリートの精神的な問題にどのように対処すべきかについて、役立つと考えられます。それだけでなく、他人の話を聞くという基本的コミュニケーションは、スポーツビジネスや組織マネジメントなど、一般社会でも広く応用が効く技術です。
講義においては、前半に臨床心理学の基礎について学びます。スポーツカウンセリングは、単に悩みの相談を受けて聞き流すわけではなく、その根本にある問題を過去の研究に基づいて評価し、解決に導く科学的な方法です。この基礎となるのが臨床心理学です。ここでは、実例はなるべくスポーツに沿ったものをあげながら、人間一般について心理的な問題にどうアプローチしていくのかがやさしく理解できるように配慮しています。
後半ではスポーツカウンセリングの現場で活躍する招聘講師・ゲストスピーカーによる実践的な講義を含め、スポーツに関連して生じることの多い特有の事柄についていくつかのトピックや実例を学びます。本講義を受講することによって、アスリートの心理的問題について、どうアプローチすべきかが身につくことが期待されます。",・臨床心理学の基本的な考え方を理解する,各回の予習・復習には約90分～120分かかると想定されます。,"1:
第１回
イントロダクション / 本講義の目的と概要（西多）
2:
第２回
臨床心理学の基礎（1） / フロイトの心理学  / 無意識と防衛機制（西多）
3:
第３回
臨床心理学の基礎（2） / 行動論と認知行動療法（西多）
4:
第４回
臨床心理学の基礎（3） / アドラー心理学（西多）
5:
第５回
心の発達（1） / エリクソンの発達心理学理論とエディプス・コンプレックス（西多）
6:
第６回
心の発達（2） / アイデンティティとパーソナリティの形成（西多）
7:
第７回
ポジティブ心理学（西多）
8:
第８回
心理検査（西多）
9:
第９回
カウンセリングの実践・実際 / カウンセリングを始めてみよう！（西多）
10:
第10回
コーチングとカウンセリング/ アスリートの心理特性 （西多）
11:
第11回
カウンセリングに必要な精神医学の知識（西多）
12:
第12回
実践編（1） 実際にあったケース紹介（西多）
13:
第13回
実践編（2）認知行動療法とスポーツ（招聘講師 慶應義塾大学 医学部 武智小百合先生）
14:
第14回
実践編（3）スポーツとこころの健康（招聘講師 北里大学医学部 山本宏明先生）","スポーツカウンセリング入門　2,310円
単行本（ソフトカバー）: 136ページ
出版社: 講談社 (2011/3/31)
言語: 日本語
ISBN-10: 4062806568
ISBN-13: 978-4062806565","・プロカウンセラーの聞く技術 東山紘久 創元社 2000年
・聞く技術 聞いてもらう技術 東畑開人 ちくま新書 2022年
・アスリートのこころと悩みと支援 中込四郎・鈴木壯 誠信書房 2017年
・スポーツ精神医学 改訂第二版 日本スポーツ精神医学会（編）診断と治療社 2018年","割合
評価基準
試験:
0％
実施しません。
レポート:
0％
実施しません。
平常点評価:
100％
講義ごとに、小テストを出題します。その解答をもって、平常点評価とします。
その他:
0％
その他の評価項目はありません。","・
本講義は、フル
オンデマンド（14回）で構成されます。
・小テスト解答をもって平常点評価とします。小テストは、講義を受講終了しないと受けることができません。",HSSM251L,健康／スポーツ科学,スポーツ医科学,スポーツ精神医科学,中級レベル（発展・応用）,コース選択科目,２年以上,2,日本語,【オンライン】フルオンデマンド
2026,HSSB223L,フィットネス経営論,國井　実,スポーツ,秋学期,月１時限,79-402講義室,本講義ではフィットネスクラブ運営に関して学ばなくてはならないとされるマー......,2000003345012026200000334520,,本講義ではフィットネスクラブ運営に関して学ばなくてはならないとされるマーケティング、販売促進、顧客管理、コスト管理、プログラム管理、人事、教育、施設管理、コーポレートガバナンス、CSR等経営上の基礎知識について理解する。また、フィットネス関連の新業態について、国内外の事例を取り上げて、その経営実態についても紹介する。,"本授業の到達目標は以下の３つの項目を取得し、フィットネスクラブ経営について述べられるようになることである。
１．フィットネス産業に関する経営知識
２．マーケティング、顧客管理、収益構造、経営戦略など、ビジネスを構成する主なトピックを例に、企業経営メカニズムの基礎知識
３．フィットネス産業の現状と今後に関する情報","【事前学習】 各回の予習としてインターネットや参考図書を使用して講義内容に関する予習をしてください。予習には90分~120分か かると想定されます。
【事後学習】 各回の復習としてインターネットや参考図書を使用して講義内容に関する復習をしてください。この復習には90分~120 分かかると想定されます。","1:
第１回
授業の概要と進め方・
フィットネス産業とは.
2:
第２回
フィットネス企業の経営
3:
第３回
フィットネス業界
4:
第４回
マーケティング
5:
第５回
エリアマーケティング
6:
第６回
入会促進（フィットネスプログラム）
7:
第７回
入会促進（宣伝・広報・ほか）
8:
第８回
会員継続
9:
第９回
人材育成
10:
第10回
クレーム＆コンプライアンス
11:
第11回
コーポレートガバナンス＆CSR
12:
第12回
フィットネス＆DX
13:
第13回
新業態・新規事業・イノベーション
14:
第14回
フィットネス経営まとめ＆到達度の確認",特になし,"参考図書
「スポーツ産業論第７版」（2015年）
「フィットネスマネジメント」（2023年）
「フィットネスクラブ・マネジメント公式テキスト（ベーシック & インターメディエイト)」：http://www.fia.or.jp/text.html","割合
評価基準
試験:
100％
第14回目の授業時間中に試験を実施し、到達度の確認や授業の内容全般についての理解度を評価します。",,HSSB223L,健康／スポーツ科学,スポーツビジネス,スポーツ経営学,中級レベル（発展・応用）,コース選択科目,２年以上,2,日本語,【対面】
2026,HSSH232W,健康スポーツ指導法実習,中村　好男／荒木　邦子,スポーツ,秋学期,火１時限,01:３２１-１端末室 01:３２１-２端末室 01:１００-４１０,健康増進を目的とした運動指導の専門家に必要とされる「健康づくりの運動」に関......,2000003350012026200000335020,,"健康増進を目的とした運動指導の専門家に必要とされる「健康づくりの運動」に関する実践技法のうち、介護予防に関する運動指導技法を習得する。
かつ、健康運動指導士に求められる「安全で効果的な運動実施に欠くことのできない保健医療関係者との連携・調整する能力」を養う。
すべて対面（教室）で実施し、プレゼンテーション及びグループワークやディスカッションなどの実技実習、高齢者の運動動作における危険回避法を演習する。
※この科目は当該授業内容「に関する実務経験を有する教員などがその実務経験を活かして講義などを行う科目です。",,各回の予習・復習には約90分～120分かかると想定されます。,"1:
第１回／オリエンテーション（本講義の目的と概要）
授業ガイダンス・概要　（担当者：中村好男、荒木邦子）
2:
第2回／高齢者身体活動支援の基礎（1）　ニーズとデマンド
高齢者の動作改善アプローチ　①高齢者を理解する _高齢者と加齢現象、高齢者インタビューについて　（担当者：荒木邦子）
3:
第３回／高齢者身体活動支援の基礎（2）高齢者インタビューの結果発表及び分析と考察
高齢者の動作改善アプローチ　②インタビューの結果発表、分析と考察 （担当者：荒木邦子）
4:
第４回／高齢者身体活動支援の基礎（3）　口腔機能向上
高齢者の動作改善アプローチ　③口腔機能向上技法 （担当者：荒木邦子）
5:
第５回／高齢者身体活動支援の基礎（4）　尿失禁
高齢者の動作改善アプローチ　④尿失禁対策技法　(担当者：荒木邦子)
6:
第６回／高齢者身体活動支援の基礎（5）　高齢者向け運動
高齢者の動作改善アプローチ　⑤介護予防を考える　（担当者：荒木邦子）
7:
第７回／運動指導技法　（1）指導アプローチの基本
集団運動指導技法　（担当者：荒木邦子）
8:
第８回／運動指導技法　（2）指導の模倣と分析
模擬指導体験　(担当者：荒木邦子)
9:
第９回／高齢者向け運動指導プログラム　（1）
介護予防運動プログラム作成技法とリスクマネジメント①　（担当者：荒木邦子）
10:
第10回／高齢者向け運動指導プログラム　（2）
介護予防運動プログラム作成技法とリスクマネジメント②　（担当者：荒木邦子）
11:
第11回／高齢者向け運動指導プログラム　（3）指導体験
実技試験①　指導体験　(担当者：荒木邦子）
12:
第12回／高齢者向け運動指導プログラム　（4）総合論議
実技試験②　検討論議と調整　（担当者：奥田文子、荒木邦子）
13:
第13回／高齢者身体活動支援　予防（１）老いを育てる
実技試験と総合論議を踏まえて、高齢者の苦痛改善方法を考える　（担当者：荒木邦子）
14:
第14回／高齢者身体活動支援　予防（２）老いを愉しむ
高齢者の苦痛改善のための実技を実習する　（担当者：荒木邦子）",授業開始時に指示。,"・鈴木隆雄・大渕修一監修：指導者のための介護予防完全マニュアル；（財）東京都高齢者研究・福祉振興財団，ISBN　４-902042-10-X
・柿木隆介ほか著：なぜ「黒岩恭子の口腔ケア＆口腔リハビリ」は食べられる口になるのか；デンタルダイヤモンド社
・深代千之監修：骨・関節・筋肉の構造と動作のしくみ；ナツメ社、ISBN　978-4-8163-5598-1
・かさみ康子著：はじめてのフェルデンクライス；地球丸、ISBN　978-4-86067-374-1　C2077","割合
評価基準
試験:
50％
下記の2点を実技試験として判定する。
①運動指導実技試験（教場試験）
②総合論議（教場討議）
レポート:
20％
「実技試験の指導案（または同等の評価対象のレポート）」を作成する。
平常点評価:
30％
出席状況、レビューシート、授業への積極性、グループワークにおける貢献度を評価する。",実習授業の為、準備物品や服装の注意（短パンツやスカートは避けるなど）が各自必要となる。,HSSH232W,健康／スポーツ科学,健康スポーツ,健康スポーツマネジメント,中級レベル（発展・応用）,コース選択科目,２年以上,2,日本語,【対面】
2026,HSSH101L,健康スポーツ原論Ｄ（健康スポーツマーケティング）,中村　好男,スポーツ,秋学期,無フルOD,-,健康スポーツの推進・振興は、現代社会における社会的ニーズの一つである。本講......,2000003365012026200000336520,,健康スポーツの推進・振興は、現代社会における社会的ニーズの一つである。本講義では、健康スポーツ振興に関わる諸問題について理解を深めることを目標として、身体運動科学・行動心理学・社会マーケティングの各々の基礎理論を学んだうえで、健康スポーツマーケティングの各種技法について学習する。特に、近年社会的に注目されている超高齢社会問題について重点的に取り上げる。,・健康スポーツ振興のためのマーケティングの基礎技法を理解する。,各回の予習・テスト・課題作成には毎回120分以上要することが想定されます。,"1:
第１回
健康スポーツの背景とマーケティングの役割
2:
第２回
コロナウイルス禍とは
3:
第３回
COVIDの生物学的意味
4:
第４回
フィットネスやスポーツ環境の変化（１）
5:
第５回
フィットネスやスポーツ環境の変化（２）
6:
第６回
フィットネス理論の変遷
7:
第７回
新常態におけるフィットネス（１）
8:
第８回
新常態におけるフィットネス（２）
9:
第９回
健康スポーツビジネスの展開（１）
10:
第10回
健康スポーツビジネスの展開（２）
11:
第11回
健康スポーツビジネスの展開（３）
12:
第12回
健康スポーツビジネスの展開（４）
13:
第13回
健康スポーツマーケティングの構造（顧客・人材・施設とサービス）
14:
第14回
健康スポーツマーケティングの未来予測",特になし。,特になし。,"割合
評価基準
レポート:
100％
毎回の課題（レビュー、小テスト、レポート等）
平常点評価:
出席自体は評価しない",,HSSH101L,健康／スポーツ科学,健康スポーツ,健康スポーツ,初級レベル（入門・導入）,コース基礎科目,２年以上,2,日本語,【オンライン】フルオンデマンド
2026,HSSE271L,運動適応学,宮地　元彦,スポーツ,秋学期,月２時限,１００-４１０,運動適応学とは、身体活動、運動習慣、トレーニングなどに対する身体の適応（慢......,2000003380012026200000338020,トレーニング効果のメカニズムを探求する,運動適応学とは、身体活動、運動習慣、トレーニングなどに対する身体の適応（慢性適応）のメカニズムについて明らかにする学問です。いわゆるトレーニング学の一部ですが、トレーニングの内容や方法を学ぶよりもむしろ、そのメカニズムに焦点を絞って深堀りする学問です。担当教員からの講義だけでなく、受講生が数名のグループを形成し、運動適応に関する学術原著論文を精読・資料作成・紹介し、受講生全員で共有・議論する形式で授業を展開していきます。,スポーツ科学のうち、身体トレーニングに対する身体の生理・生化学的適応に関して記述した英語の原著論文を精読できる基礎能力、それを噛み砕いて紹介する能力、内容を深堀りし議論する能力を養い、これまでにない新しいトレーニング法の開発や、個別のトレーニングプログラムや運動処方を科学的根拠に基づいて提案するためのスキルを身につけることを目的とします。,各回の予習・復習には半年を通して1回約90分～120分かかると想定されます。また、自身の論文紹介担当の授業回の前の数週間は、論文紹介の準備のための学習時間が必要です。自学や準備に行き詰まることがあるかもしれませんが、その際には必要な支援を提供しますので、安心して受講して下さい。,"1:
第１回
運動適応学とは・・・運動に対する生体の反応と適応の原理と法則
2:
第２回
研究論文の紹介方法や授業展開のガイダンスおよび紹介文献の提示と選択
3:
第３回
論文紹介の実例：担当教員による論文紹介とそれに基づく議論
4:
第４回
ローパワー、最大酸素摂取量、全身持久力の適応
5:
第５回
ミドルパワー、最大無酸素性パワーの適応
6:
第６回
ハイパワー、最大筋力・最大パワーの適応
7:
第７回
骨格筋の適応
8:
第８回
エネルギー代謝系の適応
9:
第９回
呼吸器の適応
10:
第10回
循環器の適応
11:
第11回
血液・免疫系の適応
12:
第12回
肝臓・消化器系の適応
13:
第13回
脳・神経・感覚器の適応
14:
第14回
全講義のまとめと学習成果の確認",特になし,授業内で使用する原著論文を授業開始時に紹介します。,"割合
評価基準
試験:
ありません。
レポート:
50％
1回の発表で準備する発表資料の出来栄え、毎回の授業の自己点検票の自己評価や内容に基づき、評価します。
平常点評価:
20％
毎回の授業における他者の発表に対し、積極的に質問したり、意見を述べる態度、それらの適切性など多面的に評価します。
その他:
30％
授業内で1回の原著論文の発表を行って頂きます。その資料作成のプロセスとプレゼンや質疑に対する応答の正確やわかりやすさを評価します。",,HSSE271L,健康／スポーツ科学,身体運動科学,運動生化学,中級レベル（発展・応用）,コース選択科目,２年以上,2,日本語,【対面】
2026,HSSH231L,身体活動・座位行動の科学,石井　香織／岡　浩一朗,スポーツ,秋クォーター,金２時限,１００-１１５,本講義は、子どもから高齢者までのあらゆる対象者の身体活動・運動を促進し、座......,2000003384012026200000338420,,本講義は、子どもから高齢者までのあらゆる対象者の身体活動・運動を促進し、座位行動を是正させるための支援法に関する基本的および専門的知識について学ぶ。,あらゆるライフステージの人々に対して、身体活動・運動を促進し、座位行動を是正するための効果的な支援法を開発するための知識と技術を獲得する。,各回の予習・復習には約90分かかると予想される。,"1:
第１回
ガイダンス：本講義の目的と概要について説明します。(石井）
2:
第２回
子どもの身体活動支援（石井）
3:
第３回
子どもの座位行動是正対策（石井）
4:
第４回
成人の身体活動支援（岡）
5:
第５回
成人の座位行動是正対策（岡）
6:
第６回
高齢者および障害を有する人に対する身体活動支援（岡）
7:
第７回
講評と授業内レポート課題（石井）",,講義中に適宜紹介する。,"割合
評価基準
レポート:
40％
与えられた課題を講義内容の視点と絡めて深く理解しているかどうかを評価します。
平常点評価:
60％
各回の授業において自身の理解度の評価をレビューシートにて行います。また、授業への積極性を評価します。",,HSSH231L,健康／スポーツ科学,健康スポーツ,健康スポーツマネジメント,中級レベル（発展・応用）,コース選択科目,２年以上,1,日本語,【対面】ハイブリッド（対面回数半数以上）
2026,HSSH231L,健康スポーツ企業論,岡　浩一朗／石井　香織,スポーツ,冬クォーター,金２時限,１００-１１５,本講義は、運動・スポーツを通じた健康づくり産業を支える企業、従業員の運動・......,2000003385012026200000338520,,本講義は、運動・スポーツを通じた健康づくり産業を支える企業、従業員の運動・スポーツ活動支援や座りすぎ対策による健康経営を推進する企業、運動・スポーツ分野における社会貢献活動を実践している企業等の実態や具体的な取り組みについて学び、今後の健康スポーツ関連企業の動向や将来展望について議論する。,"・運動・スポーツを通じた健康づくり産業を支える企業の取り組みを理解できるようになる
・従業員の運動・スポーツ活動支援や座りすぎ対策を推進する企業の取り組みを理解できるようになる
・運動・スポーツ分野において社会貢献活動に従事する企業の取り組みを理解できるようになる",各回の予習・復習には約90分～120分かかると想定される,"1:
第１回
受講ガイダンス、運動・スポーツを通じた健康づくり産業を支える企業の実際①（ゲストスピーカー）
2:
第２回
運動・スポーツを通じた健康づくり産業を支える企業の実際②（ゲストスピーカー）
3:
第３回
運動・スポーツを通じた健康づくり産業を支える企業の実際③（ゲストスピーカー）
4:
第４回
従業員の運動・スポーツ活動支援や座りすぎ対策による健康経営を推進する企業の実際①（ゲストスピーカー）
5:
第５回
従業員の運動・スポーツ活動支援や座りすぎ対策による健康経営を推進する企業の実際②（ゲストスピーカー）
6:
第６回
運動・スポーツによる社会貢献活動に積極的に取り組む企業の実際①（ゲストスピーカー）
7:
第７回
運動・スポーツによる社会貢献活動に積極的に取り組む企業の実際②（ゲストスピーカー）、まとめと講評",特になし,講義中に適宜紹介する,"割合
評価基準
平常点評価:
100％
毎回の授業において自身の理解度の評価をレビューシートにて行う。
また、授業中の質疑・応答など、積極性な態度を評価する。",,HSSH231L,健康／スポーツ科学,健康スポーツ,健康スポーツマネジメント,中級レベル（発展・応用）,コース選択科目,２年以上,1,日本語,【対面】ハイブリッド（対面回数半数以上）
2026,HSSA211L,アスレティックトレーニング論,広瀬　統一,スポーツ,秋学期,無フルOD,-,「アスレティックトレーニング論」では、本学部のディプロマポリシーである「ス......,2000003400012026200000340020,,「アスレティックトレーニング論」では、本学部のディプロマポリシーである「スポーツニーズ」および「アカデミックニーズ」に応える人材育成の一環として、アスレティックトレーニング学の知識を習得することを目指します。主な内容は、アスレティックトレーナーの役割とその環境、スポーツ現場での安全管理、スポーツ外傷・障害および競技特性を考慮したコンディショニングやリコンディショニング計画立案の考え方です。授業はフルオンデマンドで実施され、各授業内容の理解を深めるためにレポート課題や小テストを提示します。教員が課題ごとにフィードバックを行うことで、授業内容の理解を深める構成となっています。,"①日本におけるアスレティックトレーニングの特徴
日本におけるアスレティックトレーニング学、アスレティックトレーニングサービス、およびアスレティックトレーナーの特徴について説明できること。
②スポーツ現場での安全管理と緊急時対応計画
スポーツ現場における安全管理の考え方や具体的方法を理解し、緊急時対応計画を立案できること。
③スポーツ外傷・障害の予防とリコンディショニング
スポーツ外傷・障害の特徴を理解し、その予防方法やリコンディショニング計画立案の考え方について説明できること。
④パフォーマンス向上および回復のためのコンディショニング
パフォーマンス向上や回復を目的としたコンディショニング計画立案の考え方について説明できること。
⑤スポーツ外傷・障害の特性を考慮したリコンディショニング
スポーツ外傷・障害の特性を理解し、その特性を考慮したリコンディショニングについて説明できること。",各回の予習・復習には、およそ90分～120分が必要と想定されています。オンデマンド授業や対面授業の予習・復習には、Moodle上のオンデマンド授業動画、付帯資料、および参考文献として示されている書籍を活用することが推奨されます。,"1:
アスレティックトレーニングを取り巻く環境
日本におけるアスレティックトレーニングの特徴について学習。
レポート課題①
2:
アスリートの健康管理
メディカルチェック、フィジカルチェックなどを活用したアスリートの健康管理について学習。
小テスト①
3:
スポーツ現場での安全管理と救急対応
スポーツ現場における安全管理と救急対応の考え方と方法について学習。
レポート課題②
4:
スポーツ外傷・障害予防のためのコンディショニング
スポーツで好発する外傷・障害に関する理解に基づき、予防指針立案の考え方について学習。
レポート課題③
5:
パフォーマンス向上のためのコンディショニング
年間を通じたコンディショニング計画の基本的な考え方について学習。
レポート課題④
6:
外傷受傷後からの競技復帰過程
リコンディショニング計画立案の考え方について学習。
小テスト②
7:
足関節・下腿の外傷・障害とリコンディショニング
足関節・下腿のスポーツ外傷・障害とリコンディショニング計画立案の考え方について学習。
小テスト③
8:
膝関節の外傷・障害とリコンディショニング
膝関節のスポーツ外傷・障害とリコンディショニング計画立案の考え方について学習
小テスト④
9:
大腿部・股関節・骨盤の外傷・障害とリコンディショニング
大腿部・股関節・骨盤のスポーツ外傷・障害とリコンディショニング計画立案の考え方について学習
小テスト⑤
10:
足部の外傷・障害とリコンディショニング
足部のスポーツ外傷・障害とリコンディショニング計画立案の考え方について学習
小テスト⑥
11:
脊柱の外傷・障害とリコンディショニング
脊柱のスポーツ外傷・障害とリコンディショニング計画立案の考え方について学習
小テスト⑦
12:
肩甲帯・肩関節の外傷・障害とリコンディショニング
肩甲帯・肩関節のスポーツ外傷・障害とリコンディショニング計画立案の考え方について学習
小テスト⑧
13:
上腕・肘関節の外傷・障害とリコンディショニング
上腕と肘関節のスポーツ外傷・障害とリコンディショニング計画立案の考え方について学習
小テスト⑨
14:
頭部・顔面・耳・鼻・歯・眼・咽頭の外傷とリコンディショニング
頭部や顔面のスポーツ外傷とリコンディショニング計画立案の考え方について学習
小テスト⑩",アスレティックトレーニング学　文光堂,アスレティックトレーニング入門　大修館書店,"割合
評価基準
試験:
70％
第14回授業終了後に、Moodle上で選択式のテストを実施します。解答期間内に必ず受験してください。本テストは知識の正確さを問う内容です。各回の授業内容および小テストの復習を通じて、しっかりと準備してください。
レポート:
30％
レポート課題の達成度","①授業形態
本授業はフルオンデマンドです。
②期末テスト
第14回授業終了後に、Moodle上で選択式のテストを実施します。解答期間内に必ず受験してください。本テストは知識の正確さを問う内容です。各回の授業内容および小テストの復習を通じて、しっかりと準備してください。
③レポートおよび小テストのフィードバック
各レポートおよび小テスト終了後、Moodle上でフィードバックを行います。小テストについては、全体の回答のうち20％以上が誤答となった問題について、正答とそのポイントを解説します。",HSSA211L,健康／スポーツ科学,トレーナー,アスレティックトレーニング,中級レベル（発展・応用）,基礎科目,１年以上,2,日本語,【オンライン】フルオンデマンド
2026,HSSA221L,コンディショニング論,岡田　純一,スポーツ,秋学期,無フルOD,-,コンディショニングとは傷害予防、健康増進あるいは競技力向上のために筋力、パ......,2000003415012026200000341520,,コンディショニングとは傷害予防、健康増進あるいは競技力向上のために筋力、パワー、スピード、柔軟性、全身持久力も含めた体力諸要素を高め、適切にそれを発揮させようとすることである。これらの中でも特に筋力の身体的能力全般に対する重要性が認められるようになり、ストレングス＆コンディショニングという用語が普及してきた。　コンディショニングに関わる基礎理論（生理学、機能解剖、バイオメカニクスなど）を理解し、目的に応じて身体諸機能を向上させるコンディショニングのあり方、ならびにそこで用いられる各種トレーニングの科学的背景を理解する。,コンディショニングに関わる科学的基礎を理解する。,各回の予習・復習には約90分～120分かかると想定されます。,"1:
第１回
序章S&Cと/体力の定義
2:
第２回
神経・筋系の基礎Ⅰ
3:
第３回
神経・筋系の基礎Ⅱ
4:
第４回
確認テスト1　講義1～3
5:
第５回
心臓血管系と呼吸器系
6:
第６回
無酸素性・有酸素性トレーニング
7:
第７回
レジスタンストレーニングと内分泌系
8:
第８回
確認テスト2　講義5～7
9:
第９回
レジスタンストレーニングのバイオメカニクス
10:
第10回
レジスタンストレーニングのプログラムデザイン
11:
第11回
ピリオダイゼーション／施設と用具
12:
第12回
特別な人のためのレジスタンストレーニング
13:
第13回
テストと評価
14:
第14回
確認テスト3　講義9～13",ストレングス＆コンディショニングⅠ［理論編］（大修館書店）,ストレングストレーニング＆コンディショニング第４版（ブックハウスHD）,"割合
評価基準
試験:
100％
オンデマンド（Moodle)による3回の確認テスト",,HSSA221L,健康／スポーツ科学,トレーナー,コンディショニング,中級レベル（発展・応用）,基礎科目,１年以上,2,日本語,【オンライン】フルオンデマンド
2026,HSSA232W,救急処置法実習　02,伊東　和雄,スポーツ,秋学期,火３時限,１００-４１０,救急処置法の講義内容に沿って、現場活動が可能となるための実習を行う。 ......,2000003430022026200000343020,,"救急処置法の講義内容に沿って、現場活動が可能となるための実習を行う。
特に、（１）現場活動の安全確保（二次災害防止、感染防止など）
（２）心肺停止（心原性、呼吸原性）への対応
（３）重傷外傷における呼吸管理と脊椎運動制限
の３点にポイントをおき、これらの優先順に沿って実技訓練を行う。
心肺蘇生等の一次救命処置は、最新の国際的ガイドラインに準拠した内容で行う。
また感染症流行期における予防対策や対応方法を考慮した実習を行う。
なお、これらは治療行為ではなく、救急医療の専門家に引き渡すまでのPhaseであることを改めて強調しておく。",１）事故現場の評価および救助者自身の安全確保、感染防止が実施できる。,教科書の実習テーマ該当ページを予習すること。予習には30分程度かかると想定される。,"1:
第１回
実習の概要と進め方、当初の観察と接触（現場評価、二次災害防止、感染防止など）
2:
第２回
傷病者の初期評価（傷病者の全体的印象、生の徴候の調査）
気道確保と体位管理（チンリフト法、回復体位）
3:
第３回
感染症流行期の予防対策と対応方法について
成人へのCPR／心肺蘇生
4:
第４回
心肺蘇生とAEDの使用
5:
第５回
心肺蘇生とAED使用（シナリオ訓練）
6:
第６回
乳児、小児へのCPR／心肺蘇生、気道内異物の除去
7:
第７回
止血とショック管理（直接圧迫止血、止血点、ターニケット使用、保温）
8:
第８回
けがの全身評価（Head to toeの詳細観察スキル）
9:
第９回
脊椎損傷疑いの対応（ログロール、ログリフト、救助者7名によるリフト、スパインボードの使用）
10:
第10回
各部のけがと応急手当（包帯の使用）
11:
第11回
各部のけがと応急手当（三角巾の使用）
12:
第12回
各部のけがと応急手当（固定法/スプリントの使用）
13:
第13回
急病人の評価、脳卒中早期発見テスト、CPR&AED実技評価内容の解説と復習
14:
第14回
総復習（到達度の確認を含む/心肺蘇生とAED使用の実技評価）",（救急処置法の講義と同じ）,,"割合
評価基準
試験:
10％
第14回目に到達度確認（実技評価）を行う。
平常点評価:
90％
出席および実技練習への取り組み状態を評価する。","※この科目は当該授業内容に関する実務の経験を有する教員等がその実務経験を活かして講義等を行う科目です。
※教科書は実技訓練に際し毎回使用するので、必ず持参すること。",HSSA232W,健康／スポーツ科学,トレーナー,救急処置,中級レベル（発展・応用）,コース基礎科目,２年以上,1,日本語,【対面】
2026,HSSA232W,救急処置法実習　04,伊東　和雄,スポーツ,秋学期,火４時限,１００-４１０,救急処置法の講義内容に沿って、現場活動が可能となるための実習を行う。 ......,2000003430042026200000343020,,"救急処置法の講義内容に沿って、現場活動が可能となるための実習を行う。
特に、（１）現場活動の安全確保（二次災害防止、感染防止など）
（２）心肺停止（心原性、呼吸原性）への対応
（３）重傷外傷における呼吸管理と脊椎運動制限
の３点にポイントをおき、これらの優先順に沿って実技訓練を行う。
心肺蘇生等の一次救命処置は、最新の国際的ガイドラインに準拠した内容で行う。
また感染症流行期における予防対策や対応方法を考慮した実習を行う。
なお、これらは治療行為ではなく、救急医療の専門家に引き渡すまでのPhaseであることを改めて強調しておく。",１）事故現場の評価および救助者自身の安全確保、感染防止が実施できる。,教科書の実習テーマ該当ページを予習すること。予習には30分程度かかると想定される。,"1:
第１回
実習の概要と進め方、当初の観察と接触（現場評価、二次災害防止、感染防止など）
2:
第２回
傷病者の初期評価（傷病者の全体的印象、生の徴候の調査）
気道確保と体位管理（チンリフト法、回復体位）
3:
第３回
感染症流行期の予防対策と対応方法について
成人へのCPR／心肺蘇生
4:
第４回
心肺蘇生とAEDの使用
5:
第５回
心肺蘇生とAED使用（シナリオ訓練）
6:
第６回
乳児、小児へのCPR／心肺蘇生、気道内異物の除去
7:
第７回
止血とショック管理（直接圧迫止血、止血点、ターニケット使用、保温）
8:
第８回
けがの全身評価（Head to toeの詳細観察スキル）
9:
第９回
脊椎損傷疑いの対応（ログロール、ログリフト、救助者7名によるリフト、スパインボードの使用）
10:
第10回
各部のけがと応急手当（包帯の使用）
11:
第11回
各部のけがと応急手当（三角巾の使用）
12:
第12回
各部のけがと応急手当（固定法/スプリントの使用）
13:
第13回
急病人の評価、脳卒中早期発見テスト、CPR&AED実技評価内容の解説と復習
14:
第14回
総復習（到達度の確認を含む/心肺蘇生とAED使用の実技評価）",（救急処置法の講義と同じ）,,"割合
評価基準
試験:
10％
第14回目に到達度確認（実技評価）を行う。
平常点評価:
90％
出席および実技練習への取り組み状態を評価する。","※この科目は当該授業内容に関する実務の経験を有する教員等がその実務経験を活かして講義等を行う科目です。
※教科書は実技訓練に際し毎回使用するので、必ず持参すること。",HSSA232W,健康／スポーツ科学,トレーナー,救急処置,中級レベル（発展・応用）,コース基礎科目,２年以上,1,日本語,【対面】
2026,HSSA243L,スポーツ解剖学（上肢）,星川　精豪,スポーツ,秋学期,月１時限,79-301講義室,スポーツ解剖学（上肢）では、スポーツ解剖学（基礎）で学習した基本的な内容を......,2000003449012026200000344920,,スポーツ解剖学（上肢）では、スポーツ解剖学（基礎）で学習した基本的な内容を更に深め、上肢ならびに体幹の運動器についての機能解剖学を講義する。主な授業内容は上肢・体幹の骨格の概要と役割、関節の構造と運動、筋の走行と動きおよび神経支配について部位別に解説する。さらに、スポーツ外傷・障害との関わりや、スポーツ動作やトレーニングなどへの応用にも触れ、スポーツ医科学の学習・研究とのつながりを踏まえた内容とする。,"上肢・体幹の骨格を説明できる。
上肢・体幹の関節構造と運動の方向を説明できる。
上肢・体幹の各筋における起始、停止、作用、支配神経を説明できる。
上肢・体幹のスポーツ外傷・障害やエクササイズを機能解剖学的に説明できる。",各回の予習・復習には約90分～120分かかると想定されます。,"1:
第１回
授業のガイダンス・上肢の概要
2:
第２回
骨形状を表す用語／上肢帯（肩甲骨・鎖骨）の骨格
3:
第３回
上腕・前腕・手の骨格
4:
第４回
脊椎・胸郭・仙骨の骨格
5:
第５回
復習①（上肢・体幹の骨格）
6:
第６回
運動・関節の基礎／肩関節の構造と運動
7:
第７回
肘関節・手関節・手指関節の構造と運動
8:
第８回
脊柱の構造と運動
9:
第９回
復習②（上肢・体幹の構造と運動）
10:
第10回
骨格筋の働き／肩関節周囲の筋と神経支配
11:
第11回
上腕・肘関節周囲の筋と神経支配
12:
第12回
前腕・手関節／体幹の筋と神経支配
13:
第13回
機能解剖学から外傷・障害予防やエクササイズを考える
14:
第14回
学期末試験",特に指定しない,新公認アスレティックトレーナー専門科目テキスト２「安全・健康管理およびスポーツ外傷・障害の予防」（財団法人　日本スポーツ協会）、プロメテウス解剖学アトラス（医学書院）、運動器の徒手検査法（文光堂）、筋骨格系のキネシオロジー（医歯薬出版株式会社）、イラスト図解筋力トレーニング（文光堂）,"割合
評価基準
試験:
100％
学期末試験（第14回）：60点
各授業中に実施する確認テスト：40点",,HSSA243L,健康／スポーツ科学,トレーナー,解剖学,中級レベル（発展・応用）,コース基礎科目,２年以上,2,日本語,【対面】ハイブリッド（対面回数半数以上）
2026,HSSA243L,スポーツ解剖学（下肢）,星川　精豪,スポーツ,秋学期,月２時限,79-301講義室,スポーツ解剖学（下肢）では、スポーツ解剖学（基礎）で学習した基本的な内容を......,2000003450012026200000345020,,スポーツ解剖学（下肢）では、スポーツ解剖学（基礎）で学習した基本的な内容を更に深め、下肢運動器についての機能解剖学を講義する。主な授業内容は下肢骨格の概要と役割、関節の構造と運動、筋の走行と動きおよび神経支配について部位別に解説する。さらに、スポーツ外傷・障害との関わりや、スポーツ動作やトレーニングなどへの応用にも触れ、スポーツ医科学の学習・研究とのつながりを踏まえた内容とする。,"下肢の骨格を説明できる。
下肢の関節構造と運動の方向を説明できる。
下肢の各筋における起始、停止、作用、支配神経を説明できる。
下肢のスポーツ外傷・障害やエクササイズを機能解剖学的に説明できる。",各回の予習・復習には約90分～120分かかると想定されます。,"1:
第１回
授業のガイダンス・下肢の概要
2:
第２回
骨形状を表す用語／骨盤の骨格
3:
第３回
大腿・膝蓋骨の骨格
4:
第４回
下腿・足部・足部の骨格
5:
第５回
復習①（下肢の骨格）
6:
第６回
運動・関節の基礎／股関節の構造と運動
7:
第７回
膝関節の構造と運動
8:
第８回
足関節・足部・アーチの構造と運動
9:
第９回
復習②（下肢の構造と運動）
10:
第10回
骨格筋の働き／股関節周囲の筋と神経支配
11:
第11回
膝関節周囲の筋と神経支配
12:
第12回
足関節周囲の筋と神経支配
復習③（下肢の筋）
13:
第13回
機能解剖学からスポーツ外傷・障害予防やエクササイズを考える
14:
第14回
学期末試験",特に指定しない,新公認アスレティックトレーナー専門科目テキスト２「安全・健康管理およびスポーツ外傷・障害の予防」（財団法人　日本スポーツ協会）、プロメテウス解剖学アトラス（医学書院）、運動器の徒手検査法（文光堂）、筋骨格系のキネシオロジー（医歯薬出版株式会社）、イラスト図解筋力トレーニング（文光堂）,"割合
評価基準
試験:
100％
学期末試験（第14回）：60点
各授業中に実施する確認テスト：40点",,HSSA243L,健康／スポーツ科学,トレーナー,解剖学,中級レベル（発展・応用）,コース基礎科目,２年以上,2,日本語,【対面】ハイブリッド（対面回数半数以上）
2026,HSSA203W,テーピング実習　02,星川　精豪,スポーツ,秋学期,月３時限,東伏見ｽﾎﾟｰﾂﾎｰﾙ（2F 医科学クリニック）,テーピングの目的、注意事項などの基礎的知識および身体各部位のテーピングの......,2000003455022026200000345520,,テーピングの目的、注意事項などの基礎的知識および身体各部位のテーピングの実施にあたって必要な外傷のメカニズムについて解説する。これを元に実際にテーピングを行う際の注意点、コツなどについてデモンストレーションを通じて紹介する。各部位のテーピングについては、必ず実習を行い注意点などを各自が確認する。,テーピング全般および身体各部位毎の注意点、コツなどについて基礎的な知識を習得すること目指す。また、実習を通して身体各部位のテーピングについてスポーツ現場で使えるテクニックの習得を目指す。,各部位毎の代表的な外傷・障害について調べてくること。また、外傷・障害の発生機転とテーピング方法との関連およびテーピング実施上の注意について復習すること。各回の予習・復習には約90分～120分かかると想定される。,"1:
第１回
授業の概要と実習の進め方について説明する。
2:
第２回
テーピングの基礎知識（目的、効果、注意事項など）
3:
第３回
足部のテーピング（足底腱膜炎、外反母趾に対するテーピングについて実習）
4:
第４回
足関節のテーピングⅠ（足関節捻挫について解説。基本のテーピングについて実習）
5:
第５回
足関節のテーピングⅡ（捻挫直後の応急処置のテーピングについて実習）
6:
第６回
足関節のテーピングⅢ（足関節の底屈・背屈制限のテーピングについて実習）
7:
第７回
下腿部のテーピング（アキレス腱炎などに対するテーピングについて実習）
8:
第８回
膝関節のテーピングⅠ（膝靱帯損傷について解説、内側側副靱帯損傷に対するテーピングについて実習）
9:
第９回
膝関節のテーピングⅡ（外側側副靱帯損傷、前十字靱帯損傷に対するテーピングについて実習）
10:
第10回
大腿部、股関節のテーピング（肉ばなれ、打撲に対するテーピングについて実習）
11:
第11回
腰部、胸部のテーピング（筋・筋膜性腰痛、肋軟関節分離に対するテーピングについて実習）
12:
第12回
肩鎖関節、肩関節のテーピング（捻挫、反復性脱臼に対するテーピングについて実習）
13:
第13回
肘関節、手関節、指関節のテーピング（靱帯損傷に対するテーピングについて実習）
14:
第14回
実技試験と総評",,"旧公認アスレティックトレーナー専門科目テキスト６「予防とコンディショニング」（財団法人　日本スポーツ協会）
新公認アスレティックトレーナー専門科目テキスト２「安全・健康管理およびスポーツ外傷・障害の予防」（財団法人　日本スポーツ協会）","割合
評価基準
試験:
50％
実技試験を実施し、基礎的知識およびテーピング方法の理解度を評価します。
平常点評価:
50％
テーピング実習の実施状況と出席率により理解度を評価します。",,HSSA203W,健康／スポーツ科学,トレーナー,トレーナー,中級レベル（発展・応用）,コース基礎科目,２年以上,1,日本語,【対面】
2026,HSSA203W,テーピング実習　04,星川　精豪,スポーツ,秋学期,月４時限,東伏見ｽﾎﾟｰﾂﾎｰﾙ（2F 医科学クリニック）,テーピングの目的、注意事項などの基礎的知識および身体各部位のテーピングの......,2000003455042026200000345520,,テーピングの目的、注意事項などの基礎的知識および身体各部位のテーピングの実施にあたって必要な外傷のメカニズムについて解説する。これを元に実際にテーピングを行う際の注意点、コツなどについてデモンストレーションを通じて紹介する。各部位のテーピングについては、必ず実習を行い注意点などを各自が確認する。,テーピング全般および身体各部位毎の注意点、コツなどについて基礎的な知識を習得すること目指す。また、実習を通して身体各部位のテーピングについてスポーツ現場で使えるテクニックの習得を目指す。,各部位毎の代表的な外傷・障害について調べてくること。また、外傷・障害の発生機転とテーピング方法との関連およびテーピング実施上の注意について復習すること。各回の予習・復習には約90分～120分かかると想定される。,"1:
第１回
授業の概要と実習の進め方について説明する。
2:
第２回
テーピングの基礎知識（目的、効果、注意事項など）
3:
第３回
足部のテーピング（足底腱膜炎、外反母趾に対するテーピングについて実習）
4:
第４回
足関節のテーピングⅠ（足関節捻挫について解説。基本のテーピングについて実習）
5:
第５回
足関節のテーピングⅡ（捻挫直後の応急処置のテーピングについて実習）
6:
第６回
足関節のテーピングⅢ（足関節の底屈・背屈制限のテーピングについて実習）
7:
第７回
下腿部のテーピング（アキレス腱炎などに対するテーピングについて実習）
8:
第８回
膝関節のテーピングⅠ（膝靱帯損傷について解説、内側側副靱帯損傷に対するテーピングについて実習）
9:
第９回
膝関節のテーピングⅡ（外側側副靱帯損傷、前十字靱帯損傷に対するテーピングについて実習）
10:
第10回
大腿部、股関節のテーピング（肉ばなれ、打撲に対するテーピングについて実習）
11:
第11回
腰部、胸部のテーピング（筋・筋膜性腰痛、肋軟関節分離に対するテーピングについて実習）
12:
第12回
肩鎖関節、肩関節のテーピング（捻挫、反復性脱臼に対するテーピングについて実習）
13:
第13回
肘関節、手関節、指関節のテーピング（靱帯損傷に対するテーピングについて実習）
14:
第14回
実技試験と総評",,"旧公認アスレティックトレーナー専門科目テキスト６「予防とコンディショニング」（財団法人　日本スポーツ協会）
新公認アスレティックトレーナー専門科目テキスト２「安全・健康管理およびスポーツ外傷・障害の予防」（財団法人　日本スポーツ協会）","割合
評価基準
試験:
50％
実技試験を実施し、基礎的知識およびテーピング方法の理解度を評価します。
平常点評価:
50％
テーピング実習の実施状況と出席率により理解度を評価します。",,HSSA203W,健康／スポーツ科学,トレーナー,トレーナー,中級レベル（発展・応用）,コース基礎科目,２年以上,1,日本語,【対面】
2026,HSSA326W,リコンディショニング実習,長瀬　エリカ,スポーツ,秋学期,火４時限,東伏見ｽﾎﾟｰﾂﾎｰﾙ（2F 医科学クリニック）,アスリートのトータルコンディショニングでは身体的ｺﾝﾃﾞｨｼｮﾝを把握することが......,2000003460012026200000346020,スポーツ傷害評価法の実際とアプローチ,"アスリートのトータルコンディショニングでは身体的ｺﾝﾃﾞｨｼｮﾝを把握することが大切であり、
客観的で正確なデータが必要となります。
そのデータをもとに問題点を探り、適切な対処方法やリコンディショニングプログラムを考えます。
特に傷る害に関わる情報は統一された、適切な方法により、正しく測定されることが必須です。
この授業では、各評価方法の意味と方法を解説し、実習を通して理解を深めます。得られたデータと傷害のメカニズムの関連性を考え、問題点を抽出して、適切な対処方法としてのストレッチ、徒手療法、足底板などの紹介と実習を行う予定です。
※この科目は主として実践的な教育が行われる科目です。",実際に検査器具を使用し、計測ポイントの触診から測定を実施し、適切な検査・測定法の知識と技術の実習をします。また、実施内容から傷害評価とプログラム立案に繋げる思考を解説します。,各回の予習・復習には約60分～90分かかると想定されます。,"1:
第１回　オリエンテーション（本講義の目的と概要）
オリエンテーション／
本講義の目的と概要について説明します。
2:
第２回　肢長周径・アライメントチェック（講義と実技）
肢長周径・アライメントチェック／ランドマークの触診と上肢・下肢の周径囲測定の意味の解説と実習をします。
3:
第３回　関節可動域①（講義と実技：上肢）
関節可動域①／関節可動域の意味と測り方について解説し、
上肢を中心に関節の角度を測り、意味を考えます。
4:
第４回　関節可動域②（実技：下肢）
関節可動域②／下肢を中心に
関節の角度を測る実習をし
ます。アライメント測定との違いについて解説します。
5:
第５回　徒手筋力測定①（講義と実技：上肢）
徒手筋力測定①／機器類
を使用しない筋力測定の意味と方法を解説し、上肢と体幹の筋力測定の方法を実習します。
6:
第６回　徒手筋力測定②（実技：下肢）
徒手筋力測定②／基本的方法に基づいた、
下肢中心の筋力測定の方法を実習します。
7:
第７回　感覚検査（講義と実技）
感覚検査
／各種感覚テスト（温冷覚・深部感覚・深部腱反射・二点識別・触覚・圧覚）
の意味と検査方法の意味と方法などを解説し、実習します。
8:
第８回　関節弛緩性テスト・筋の柔軟性テスト（講義と実技）
関節弛緩性テスト・筋の柔軟性テスト（講義と実技）／体の柔らかさの要素と傷害との関係を解説し、実習します。
9:
第９回　検査のまとめ （講義と実技）
検査のまとめ／第8回までに
実施した評価とアプローチの関連性の解説をします。
10:
第10回　関節可動域拡大運動（講義と実技）
徒手によるアプローチ／
関節の可動性を獲得する方法をセルフや徒手による方法を説明し実施します。
11:
第11回　徒手によるアプローチ（講義と実技）
徒手によるアプローチ／
徒手による身体機能改善アプローチの解説と実技を行います。
12:
第12回　物理療法（講義と体験）
物理療法／
機器を用いるアプローチの解説と実習を行います。
13:
第13回　歩行とインソール（講義と実技）
歩行とインソール／
歩行の見方や傷害との関連性について解説し、足底板の考え方と体験をします。
14:
第14回　総合まとめ（実技と筆記試験）
総合まとめ／
評価からアプローチまでの総合到達状況を、記述試験と実技試験で確認します。",特に定めない。必要に応じ資料を配布する。,"「理学療法評価法」金原出版株式会社
「アスレティックトレーナー養成講習会教本」財団法人日本体育協会　編集","割合
評価基準
試験:
90％
筆記試験50点、実技試験50点
レポート:
実習の授業なのでレポートは課さない。
平常点評価:
10％
授業態度も考慮します。
出席状況は授業回数の3分の2以上の出席を必須とします。
その他:
筆記・実技試験に合わせ、授業態度、出席状況を合わせて総合的に評価する。",人の身体を触るため、爪は短くし、服装は半袖と短パン・スパッツなど、肌を出して動きを妨げない着衣や上着を用意してください。,HSSA326W,健康／スポーツ科学,トレーナー,コンディショニング,上級レベル,コース選択科目,３年以上,1,日本語,【対面】
2026,HSSA304W,ストレッチング実習　03,長畑　芳仁,スポーツ,秋学期,金１時限,武道場,この授業ではセルフストレッチングのリードアップおよびパートナーストレッチ......,2000003485032026200000348520,,この授業ではセルフストレッチングのリードアップおよびパートナーストレッチングの技術を習得することを目的としている。各筋別にどのようなストレッチングを行えばターゲットとした筋肉が伸ばせるのか、代償運動を見抜く力およびリスク管理能力の向上も含め、安全で効果的な方法を学ぶ。各種ストレッチングにおける機能解剖学的背景をしっかりと理解して初めて効果的なストレッチングが可能となる。テキストを用いながら学んでいく。スタティックストレッチングのみならず筋膜リリース、アクティブストレッチング、ダイナミックストレッチングおよびPNF応用ストレッチングについても学ぶ。,"パートナーストレッチングを各パート別に安全に効果的にかけることができるようになる。
セルフストレッチングを各パート別にクリエイティブな発想で開発できるようになる。
セルフストレッチングを個人または集団に指導できるようになる。",各回の予習・復習には約90分～120分かかると想定されます。スポーツストレッチングテキストを用いて機能解剖学的側面・代償運動・リスク管理について復習および次回テーマの予習を行います。,"1:
第１回
ストレッチの種類・効果・原則を学ぶ・ストレッチがどのように解剖学・機能解剖学・生理学と関連しているのか。それを知ることでどのようにストレッチに影響するのかを学ぶ。
2:
第２回
効かないストレッチと効くストレッチの違いがどこにあるのかを理解する。代償運動とは何かを実践を通して学ぶ。スタティックストレッチング（SS）の基本を学ぶ
3:
第３回
パート別セルフストレッチ（SS)①　相手にストレッチを指導する上での注意点とメリット、デメリットをしり効果的に行うポイントを実践を通して学ぶ。リスク管理の重要性を学ぶ
4:
第４回
パート別セルフストレッチ（SS)②下肢パートのストレッチング（大腿四頭筋・ハムストリングス）この２つの筋肉を題材として起始停止、機能を確認した後に安全で効果的な方法を実践を通して学ぶ
5:
第５回
パート別セルフストレッチ（SS)③下肢パートのストレッチング（下腿三頭筋・内転筋群・殿筋群・腸腰筋）　各筋の起始停止、機能を確認した後に安全で効果的な方法を実践を通して学ぶ。デモンストレーションおよび指導の技術バーバル・ビジュアルコマンドの使い分けを学ぶ。相手の観察および修正法を学ぶ。
6:
第６回
パート別セルフストレッチ（SS)④上肢パートのストれチング（大胸筋・広背筋・三角筋・上腕三頭筋・上腕二頭筋・前腕筋群・僧帽筋など）　各筋の起始停止、機能を確認した後に安全で効果的な方法を実践を通して学ぶ。デモンストレーションおよび指導の技術バーバル・ビジュアルコマンドの使い分けを学ぶ。相手の観察および修正法を学ぶ。
7:
第７回
セルフストレッチング（SS)の総復習。いままで行ってきた内容について連続的に下肢から上肢までを通してデモンストレーションおよび動作指導、観察修正する能力を養なう。
8:
第８回
各種ストレッチ法①
PNF応用ストレッチング（パートナーレジスタンスストレッチ）　PNFの歴史や簡単な理論を学ぶ。PNFのパターンD!/D2を学ぶ。PNFをストレッチングを応用して可動域改善テクニックを実践を通して学ぶ。
9:
第９回
各種ストレッチ法②
アクティブストレッチング・ダイナミックストレッチの理論を学び応用できるように実践を通して学ぶ。フォームローラーを利用した軟部組織リリーステクニックを実践を通して学ぶ。
10:
第10回
パート別パートナーストレッチ（SS)①
相手に直接ふれて実施するため多くの注意点を理解してから始める。対人でのストレッチのリスク管理および代償運動について実践をと通して学ぶ。
11:
第11回
パート別パートナーストレッチ（SS)②い
大腿四頭筋およびハムストリングスを対象筋として機能解剖学的理解の重要性を学ぶ。評価の重要性について学ぶ。それぞれのストレッチにおけるバリエーションについても理解して、対象者に合わせたストレッチができるようにする。リスク管理と代償運動を観察しながら実践できるようにする。
12:
第12回
パート別パートナーストレッチ（SS)③
下腿三頭筋・内転筋群・殿筋群・腸腰筋のパートナーストレッチング　それぞれのストレッチにおけるバリエーションについても理解して、対象者に合わせたストレッチができるようにする。リスク管理と代償運動を観察しながら実践する。
13:
第13回
パート別パートナーストレッチ④
広背筋・大胸筋・上腕三頭筋・上腕二頭筋・前腕屈筋群伸筋群・僧帽筋・肩甲挙筋のパートナーストレッチング　それぞれのストレッチにおけるバリエーションについても理解して、対象者に合わせたストレッチができるようにする。リスク管理と代償運動を観察しながら実践する。
14:
第14回
まとめ＆テスト
全身のパートナーストレッチングを評価を含めて実践できるように練習する。最後にパートナーストレッチングの実技を行いその内容を評価する。口頭試問もある。",日本ストレッチング協会編集　　スポーツストレッチング,ストレッチバイブル（ベースボールマガジン）、柔軟性の科学（大修館）,"割合
評価基準
試験:
60％
実技試験および口頭試問
レポート:
10％
オンデマンド授業での内容についてのレポート内容
平常点評価:
30％
各回の授業において示される各課題に対する対応力、発言力およびクリエイティブな発想を評価する。（対人スキルを含めて",清潔なストレッチしやすい服装（スポーツウエアー）、靴下を着用すること,HSSA304W,健康／スポーツ科学,トレーナー,トレーナー,上級レベル,コース選択科目,３年以上,1,日本語,【対面】
2026,HSSA304W,ストレッチング実習　04,長畑　芳仁,スポーツ,秋学期,金２時限,武道場,この授業ではセルフストレッチングのリードアップおよびパートナーストレッチ......,2000003485042026200000348520,,この授業ではセルフストレッチングのリードアップおよびパートナーストレッチングの技術を習得することを目的としている。各筋別にどのようなストレッチングを行えばターゲットとした筋肉が伸ばせるのか、代償運動を見抜く力およびリスク管理能力の向上も含め、安全で効果的な方法を学ぶ。各種ストレッチングにおける機能解剖学的背景をしっかりと理解して初めて効果的なストレッチングが可能となる。テキストを用いながら学んでいく。スタティックストレッチングのみならず筋膜リリース、アクティブストレッチング、ダイナミックストレッチングおよびPNF応用ストレッチングについても学ぶ。,"パートナーストレッチングを各パート別に安全に効果的にかけることができるようになる。
セルフストレッチングを各パート別にクリエイティブな発想で開発できるようになる。
セルフストレッチングを個人または集団に指導できるようになる。",各回の予習・復習には約90分～120分かかると想定されます。スポーツストレッチングテキストを用いて機能解剖学的側面・代償運動・リスク管理について復習および次回テーマの予習を行います。,"1:
第１回
ストレッチの種類・効果・原則を学ぶ・ストレッチがどのように解剖学・機能解剖学・生理学と関連しているのか。それを知ることでどのようにストレッチに影響するのかを学ぶ。
2:
第２回
効かないストレッチと効くストレッチの違いがどこにあるのかを理解する。代償運動とは何かを実践を通して学ぶ。スタティックストレッチング（SS）の基本を学ぶ
3:
第３回
パート別セルフストレッチ（SS)①　相手にストレッチを指導する上での注意点とメリット、デメリットをしり効果的に行うポイントを実践を通して学ぶ。リスク管理の重要性を学ぶ
4:
第４回
パート別セルフストレッチ（SS)②下肢パートのストレッチング（大腿四頭筋・ハムストリングス）この２つの筋肉を題材として起始停止、機能を確認した後に安全で効果的な方法を実践を通して学ぶ
5:
第５回
パート別セルフストレッチ（SS)③下肢パートのストレッチング（下腿三頭筋・内転筋群・殿筋群・腸腰筋）　各筋の起始停止、機能を確認した後に安全で効果的な方法を実践を通して学ぶ。デモンストレーションおよび指導の技術バーバル・ビジュアルコマンドの使い分けを学ぶ。相手の観察および修正法を学ぶ。
6:
第６回
パート別セルフストレッチ（SS)④上肢パートのストれチング（大胸筋・広背筋・三角筋・上腕三頭筋・上腕二頭筋・前腕筋群・僧帽筋など）　各筋の起始停止、機能を確認した後に安全で効果的な方法を実践を通して学ぶ。デモンストレーションおよび指導の技術バーバル・ビジュアルコマンドの使い分けを学ぶ。相手の観察および修正法を学ぶ。
7:
第７回
セルフストレッチング（SS)の総復習。いままで行ってきた内容について連続的に下肢から上肢までを通してデモンストレーションおよび動作指導、観察修正する能力を養なう。
8:
第８回
各種ストレッチ法①
PNF応用ストレッチング（パートナーレジスタンスストレッチ）　PNFの歴史や簡単な理論を学ぶ。PNFのパターンD!/D2を学ぶ。PNFをストレッチングを応用して可動域改善テクニックを実践を通して学ぶ。
9:
第９回
各種ストレッチ法②
アクティブストレッチング・ダイナミックストレッチの理論を学び応用できるように実践を通して学ぶ。フォームローラーを利用した軟部組織リリーステクニックを実践を通して学ぶ。
10:
第10回
パート別パートナーストレッチ（SS)①
相手に直接ふれて実施するため多くの注意点を理解してから始める。対人でのストレッチのリスク管理および代償運動について実践をと通して学ぶ。
11:
第11回
パート別パートナーストレッチ（SS)②い
大腿四頭筋およびハムストリングスを対象筋として機能解剖学的理解の重要性を学ぶ。評価の重要性について学ぶ。それぞれのストレッチにおけるバリエーションについても理解して、対象者に合わせたストレッチができるようにする。リスク管理と代償運動を観察しながら実践できるようにする。
12:
第12回
パート別パートナーストレッチ（SS)③
下腿三頭筋・内転筋群・殿筋群・腸腰筋のパートナーストレッチング　それぞれのストレッチにおけるバリエーションについても理解して、対象者に合わせたストレッチができるようにする。リスク管理と代償運動を観察しながら実践する。
13:
第13回
パート別パートナーストレッチ④
広背筋・大胸筋・上腕三頭筋・上腕二頭筋・前腕屈筋群伸筋群・僧帽筋・肩甲挙筋のパートナーストレッチング　それぞれのストレッチにおけるバリエーションについても理解して、対象者に合わせたストレッチができるようにする。リスク管理と代償運動を観察しながら実践する。
14:
第14回
まとめ＆テスト
全身のパートナーストレッチングを評価を含めて実践できるように練習する。最後にパートナーストレッチングの実技を行いその内容を評価する。口頭試問もある。",日本ストレッチング協会編集　　スポーツストレッチング,ストレッチバイブル（ベースボールマガジン）、柔軟性の科学（大修館）,"割合
評価基準
試験:
60％
実技試験および口頭試問
レポート:
10％
オンデマンド授業での内容についてのレポート内容
平常点評価:
30％
各回の授業において示される各課題に対する対応力、発言力およびクリエイティブな発想を評価する。（対人スキルを含めて",清潔なストレッチしやすい服装（スポーツウエアー）、靴下を着用すること,HSSA304W,健康／スポーツ科学,トレーナー,トレーナー,上級レベル,コース選択科目,３年以上,1,日本語,【対面】
2026,HSSE251L,スポーツ精神生理学,丸尾　祐矢,スポーツ,秋学期,木２時限,１００-１１９,人間の心理的な変数を操作し、それに対応する生理的な変化を従属変数としてとら......,2000003800012026200000380020,,"人間の心理的な変数を操作し、それに対応する生理的な変化を従属変数としてとらえることで、心身の因果関係を探求するのが精神生理学である。さらに、精神生理学の研究手法をスポーツ行動解明に適用したものがスポーツ精神生理学であり、スポーツ心理学の一領域としてこれまで発展してきた。具体的には、脳波、眼球運動、心拍、呼吸、脈波、皮膚電気活動、筋電図等の生理指標を測定して、アスリートの行動と心のプロセスを記述し、解釈する点にこの学問の特徴がある。本講義の前半では精神生理学の基礎を学習し、後半では具体的な研究事例を概観しながら、アスリートの心の働きを考える。
本講義を通して、スポーツ科学部の掲げるアカデミックニーズに応えるための知識が習得される。
予習としてテキストの事前読了を求める。予習には120分程度かかると想定される。また、講義で扱ったテキスト該当部と各自で記したノートを通して復習してもらう。復習には120分程度かかると想定される。",スポーツ精神生理学の方法論・研究知見を理解し、ここで得た知識によって、スポーツ実践で自ら体験する心理的現象を説明できるようにする。,各回の予習・復習には約90分～120分かかると想定されます。,"1:
第１回
オリエンテーション（本講義の目的と概要）
2:
第２回
神経の構造と機能（テキストPp.9-25　予習：テキストの事前読了120分、復習：テキストとノートの見直し120分）
3:
第３回
情動・感情の生理学的機序
（テキストPp.26-37　予習：テキストの事前読了120
分、復習：テキストとノートの見直し
120
分）
4:
第４回
認知の生理学的機序
（テキストPp.38-50　予習：テキストの事前読了120
分、復習：テキストとノートの見直し
120
分）
5:
第５回
精神生理学の研究法１：自律神経活動（皮膚電気活動等）
（テキストPp.67-93　予習：テキストの事前読了120
分、復習：テキストとノートの見直し
120
分）
6:
第６回
精神生理学の研究法２：中枢神経活動の記録（事象関連電位等）
（テキストPp.94-112　予習：テキストの事前読了120
分、復習：テキストとノートの見直し
120
分）
7:
第７回
事象関連電位による運動発現・認知機能研究
（テキストPp.51-57、Pp.113-127
予習：テキストの事前読了120
分、復習：テキストとノートの見直し
120
分）
8:
第８回
運動学習の生理学的基礎
（テキストPp.131-152　予習：テキストの事前読了120
分、復習：テキストとノートの見直し
120
分）
9:
第９回
スキル動作の精神生理学（バイオフィードバック）
（テキストPp.153-173　予習：テキストの事前読了120
分、復習：テキストとノートの見直し
120
分）
10:
第10回
運動イメージの精神生理学
（テキストPp.174-190　予習：テキストの事前読了120
分、復習：テキストとノートの見直し
120
分）
11:
第11回
アスリートを取り巻く諸問題（あがり等）
（テキストPp.238-254　予習：テキストの事前読了120
分、復習：テキストとノートの見直し
120
分）
12:
第12回
スポーツ観戦の精神生理学
（テキストPp.223-235　予習：テキストの事前読了120
分、復習：テキストとノートの見直し
120
分）
13:
第13回
情動に及ぼす運動の効果
（テキストPp.255-265　予習：テキストの事前読了120
分、復習：テキストとノートの見直し
120
分）
14:
第14回
到達度の確認と講評
（予習：全資料の見直し
180
分、復習：講義全体の振り返り
60
分）",山崎勝男（監修）『スポーツ精神生理学』西村書店（2012）,なし,"割合
評価基準
試験:
50％
定期試験の得点
平常点評価:
50％
主体的な授業参加度を重視する",,HSSE251L,健康／スポーツ科学,身体運動科学,スポーツ神経生理学,中級レベル（発展・応用）,コース選択科目,２年以上,2,日本語,【対面】
2026,HSSE265L,スポーツ認知心理学,正木　宏明,スポーツ,秋学期,月２時限,１００-１１９,スポーツ認知心理学は、スポーツ行動をとりまく諸現象のメカニズムを、認知心......,2000003802012026200000380220,,"スポーツ認知心理学は、スポーツ行動をとりまく諸現象のメカニズムを、認知心理学の方法によって説明する学問領域である。主に扱うトピックスは、視知覚、運動学習・動作スキルの獲得、注意機構、脳内情報処理などである。巧みな動作を生み出す脳内情報処理はどのようなものか。速くて正確な動作を遂行するには、注意はどのような役割を担うのか。動作スキルの獲得にとって効率的な練習方法はどのようなものか。フェイント動作はなぜ有効に働くのか。スポーツ行動に関連したこれら諸現象の背景メカニズムについて概説する。
本講義を通して、スポーツ科学部の掲げるアカデミックニーズに応えるための知識が習得される。
予習として配布資料の事前読了を求める。予習には30分程度かかると想定される。また、講義で終了した分の資料内容と各自で記したノートを通して復習してもらうが、復習時間は90分程度を想定している。",巧みな動作の背景メカニズムを、認知心理学の観点から理解する。,各回の予習・復習には約90分～120分かかると想定されます。,"1:
第１回
ガイダンス／ 本講義の目的と概要について説明する。
2:
第２回
ヒトの知覚（錯視等）／知覚の重要性について学ぶ。
（予習：資料の事前読了
30
分、復習：資料とノートの見直し
90
分）
3:
第３回
視覚処理／スポーツにおける視覚情報処理の重要性について学ぶ。
（予習：資料の事前読了
30
分、復習：資料とノートの見直し
90
分
）
4:
第４回
色彩とスポーツ／色彩がパフォーマンスに影響することはあるのか、等について学ぶ。
（予習：資料の事前読了
30
分、復習：資料とノートの見直し
90
分
）
5:
第５回
知覚と運動／外界の情報を取り入れ、動作を作り出すまでのプロセスを理解する。
（予習：資料の事前読了
30
分、復習：資料とノートの見直し
90
分
）
6:
第６回
注意１／注意はどのように観察されるか理解する。
（予習：資料の事前読了
30
分、復習：資料とノートの見直し
90
分
）
7:
第７回
注意２／注意とパフォーマンスとの関係について理解する。
（予習：資料の事前読了
30
分、復習：資料とノートの見直し
90
分
）
8:
第８回
スポーツと記憶／スポーツにおける記憶の役割について学ぶ。
（予習：資料の事前読了
30
分、復習：資料とノートの見直し
90
分
）
9:
第９回
反応時間と心的時間測定研究／反応時間を用いる研究方法について学ぶ。
（予習：資料の事前読了
30
分、復習：資料とノートの見直し
90
分
）
10:
第10回
反応時間と脳内情報処理／反応時間から脳内の処理過程が推察できることを理解する。
（予習：資料の事前読了
30
分、復習：資料とノートの見直し
90
分
）
11:
第11回
タイミングの制御／バッティングやキャッチングを事例にタイミングについて考える。
（予習：資料の事前読了
30
分、復習：資料とノートの見直し
90
分
）
12:
第12回
運動学習１／運動学習理論について理解する。
（予習：資料の事前読了
30
分、復習：資料とノートの見直し
90
分
）
13:
第13回
運動学習２／効果的な練習方法について考える。
（予習：資料の事前読了
30
分、復習：資料とノートの見直し
90
分
）
14:
第14回
到達度の確認と講評
（予習：全資料の見直し
120
分、復習：講義全体の振り返り
90
分）",なし。プリントを配布する。,必要に応じてその都度紹介する。,"割合
評価基準
試験:
60％
試験による評価（記述式・配布資料に限り持込可）
平常点評価:
40％
平常点による評価",,HSSE265L,健康／スポーツ科学,身体運動科学,スポーツ心理学,中級レベル（発展・応用）,コース選択科目,２年以上,2,日本語,【対面】
2026,HSSA352W,スポーツ傷害評価実習基礎（上肢）　01,渡部　賢一,スポーツ,秋学期,木４時限,東伏見ｽﾎﾟｰﾂﾎｰﾙ（2F 医科学クリニック）,この実習科目では、機能解剖学とスポーツ傷害に関する知識を基礎として、おも......,2000003815012026200000381520,,"この実習科目では、機能解剖学とスポーツ傷害に関する知識を基礎として、おもに上肢の骨のランドマークおよび軟部組織の触知と上肢スポーツ傷害の徒手評価のテクニックを身につける。本実習は、オンデマンド形式と対面形式を交互に実施します。
この科目は当該授業内容に関する実務経験を有する教員がその実務経験を活かして実習を行う科目です。この科目は主として実践的な教育が行われる科目です。",この実習科目を履修することにより、具体的には問診、視診、触診、靭帯のストレステスト、整形外科的テストなどの徒手的な評価テクニックを現場で実践できるようにする。,各回の予習・復習には約90分～120分かかると想定されます。,"1:
第１回
受講ガイダンス / 肘関節と前腕の触診（オンデマンド形式）
2:
第２回
肘関節と前腕の触診（対面形式）
3:
第３回
肘関節と前腕の触診 / 上腕の触診と肘関節の徒手検査（オンデマンド形式）
4:
第４回
肘関節と前腕の触診 / 上腕の触診と肘関節の徒手検査（対面形式）
5:
第５回
手関節と手の触診と徒手検査（オンデマンド形式）
6:
第６回
手関節と手の触診と徒手検査（対面形式）
7:
第７回
頚部・肩関節の触診（オンデマンド形式）
8:
第８回
頚部・肩関節の触診（対面形式）
9:
第９回
肩関節深層部の触診と腱板のテスト（オンデマンド形式）
10:
第10回
肩関節深層部の触診と腱板のテスト（対面形式）
11:
第11回
関節唇損傷のテスト（オンデマンド形式）
12:
第12回
関節唇損傷のテスト（対面形式）
13:
第13回
不安定性のテスト（オンデマンド形式）
14:
第14回
不安定性のテスト（対面形式）",,『運動療法のための機能解剖学的触診技術（上肢）』　MEDICAL VIEW,"割合
評価基準
試験:
50％
講義後の小テスト
その他:
50％
実習の出席",１４回分の授業計画に記載されている内容は前後する場合があります。,HSSA352W,健康／スポーツ科学,トレーナー,スポーツ傷害評価,上級レベル,コース選択科目,３年以上,1,日本語,【対面】ハイブリッド（対面回数半数以上）
2026,HSSA352W,スポーツ傷害評価実習（応用）　01,渡部　賢一,スポーツ,秋学期,木３時限,東伏見ｽﾎﾟｰﾂﾎｰﾙ（2F 医科学クリニック）,スポーツ選手の傷害評価では、スポーツ傷害評価実習（基礎）で学ぶ触診技術や......,2000003819012026200000381920,,"スポーツ選手の傷害評価では、スポーツ傷害評価実習（基礎）で学ぶ触診技術や整形外科的な徒手検査法で傷害の種類やその程度を特定するものと、発症原因が何処にあるかを診るものとが必要とされる。特に慢性的なスポーツ障害では、患部あるいは患部外の機能不全が発症原因であることが多い。そこで、この実習科目では、スポーツ障害の原因となり得る下肢・体幹の運動機能を評価する方法を身につける。本実習は、オンデマンド形式と対面形式を交互に実施します。
この科目は当該授業内容に関する実務経験を有する教員がその実務経験を活かして実習を行う科目です。この科目は主として実践的な教育が行われる科目です。
実務の経験を有する教員等がその実務
経験を活かして講義等を
行う科目です。この科目は主として実践的
な教育が行われ
る科目です。
実務の経験を有する教員等がその実務
経験を活かして講義等を
行う科目です。この科目は主として実践的
な教育が行われ
る科目です。
の科目は当該授業内容に関する
実務の
経験を有する教員等がその実務
経験を活かして講義
れ
る科目です。",この実習科目を履修することにより、選手の下肢・体幹の動作を観察することで機能的問題を見つけ出し、再発予防と競技パフォーマンス向上につなげるテクニックを実践できるようにする。,各回の予習・復習には約90分～120分かかると想定されます。,"1:
第１回
受講ガイダンス/姿勢とアライメントの評価（オンデマンド形式）
2:
第２回
姿勢とアライメントの評価（対面形式）
3:
第３回
体幹の可動性評価（オンデマンド形式）
4:
第４回
体幹の可動性評価（対面形式）
5:
第５回
股関節の可動性評価（オンデマンド形式）
6:
第６回
股関節の可動性評価（対面形式）
7:
第７回
体幹の安定性評価（オンデマンド形式）
8:
第８回
体幹の安定性評価（対面形式）
9:
第９回
スクワット動作とランジ動作の評価（オンデマンド形式）
10:
第10回
スクワット動作とランジ動作の評価（対面形式）
11:
第11回
片脚支持機能とジャンプ動作の評価（オンデマンド形式）
12:
第12回
片脚支持機能とジャンプ動作の評価（対面形式）
13:
第13回
歩行動作の評価（オンデマンド形式）
14:
第14回
歩行動作の評価（対面形式）",,『ファンクショナルトレーニング　機能向上と障害予防のためのパフォーマンストレーニング』文光堂,"割合
評価基準
試験:
50％
講義後の小テスト
その他:
50％
実習の出席",14回分の授業計画に記載されている内容は前後する場合があります。,HSSA352W,健康／スポーツ科学,トレーナー,スポーツ傷害評価,上級レベル,コース選択科目,３年以上,1,日本語,【対面】ハイブリッド（対面回数半数以上）
2026,HSSA305W,スポーツマニュアルセラピー実習　01,高橋　仁,スポーツ,秋学期,水２時限,東伏見ｽﾎﾟｰﾂﾎｰﾙ（2F 医科学クリニック）,コンディショニングの方法であるスポーツマッサージの理論と技術について学習......,2000003820012026200000382020,,コンディショニングの方法であるスポーツマッサージの理論と技術について学習する。授業は、マッサージの基本手技を習得し、その手技を疲労回復やスポーツ外傷・障害予防などの方法として応用できるように進めていく。,"①マッサージの基本手技を習得する。
②部位別にマッサージが展開できるようにする。",各回の予習・復習には約90分～120分かかると想定されます。,"1:
第１回
受講ガイダンス
2:
第２回
基礎理論
3:
第３回
基本実技１
4:
第４回
基本実技２
5:
第５回
基本実技３
6:
第６回
下肢のマッサージ１
7:
第７回
下肢のマッサージ２
8:
第８回
下肢のマッサージ３
9:
第９回
体幹のマッサージ１
10:
第10回
体幹のマッサージ２
11:
第11回
体幹のマッサージ３
12:
第12回
上肢のマッサージ１
13:
第13回
上肢のマッサージ２
14:
第14回
到達度の確認と講評",,,"割合
評価基準
試験:
50％
実技試験で手技の習得度を評価します。
平常点評価:
50％
授業（実習）に対する取り組む姿勢を評価します。","実習が中心となるため、トレーニングウエア（Tシャツ・ハーフパンツ）で参加すること。
皮膚に直接触れる場合があるため、爪が長い、爪の装飾等、を施している場合は安全管理上授業に参加できません。",HSSA305W,健康／スポーツ科学,トレーナー,トレーナー,上級レベル,コース選択科目,３年以上,1,日本語,【対面】
2026,HSSA305W,スポーツマニュアルセラピー実習　02,高橋　仁,スポーツ,秋学期,水１時限,東伏見ｽﾎﾟｰﾂﾎｰﾙ（2F 医科学クリニック）,コンディショニングの方法であるスポーツマッサージの理論と技術について学習......,2000003820022026200000382020,,コンディショニングの方法であるスポーツマッサージの理論と技術について学習する。授業は、マッサージの基本手技を習得し、その手技を疲労回復やスポーツ外傷・障害予防などの方法として応用できるように進めていく。,"①マッサージの基本手技を習得する。
②部位別にマッサージが展開できるようにする。",各回の予習・復習には約90分～120分かかると想定されます。,"1:
第１回
受講ガイダンス
2:
第２回
基礎理論
3:
第３回
基本実技１
4:
第４回
基本実技２
5:
第５回
基本実技３
6:
第６回
下肢のマッサージ１
7:
第７回
下肢のマッサージ２
8:
第８回
下肢のマッサージ３
9:
第９回
体幹のマッサージ１
10:
第10回
体幹のマッサージ２
11:
第11回
体幹のマッサージ３
12:
第12回
上肢のマッサージ１
13:
第13回
上肢のマッサージ２
14:
第14回
到達度の確認と講評",,,"割合
評価基準
試験:
50％
実技試験で手技の習得度を評価します。
平常点評価:
50％
授業（実習）に対する取り組む姿勢を評価します。","実習が中心となるため、トレーニングウエア（Tシャツ・ハーフパンツ）で参加すること。
皮膚に直接触れる場合があるため、爪が長い、爪の装飾等、を施している場合は安全管理上授業に参加できません。",HSSA305W,健康／スポーツ科学,トレーナー,トレーナー,上級レベル,コース選択科目,３年以上,1,日本語,【対面】
2026,HSST221L,スポーツ運動学,土屋　純,スポーツ,秋学期,無フルOD,-,体育授業やスポーツトレーニングの現場では、教師やコーチは目の前で行われた......,2000003824012026200000382420,,"体育授業やスポーツトレーニングの現場では、教師やコーチは目の前で行われた生徒や選手の運動動作を観察して、行われた動きのどこに問題があるのか、どこが優れているのか、といった点を瞬時に分析・判断し、的確な指示を与えなければならない。
ここでいう運動学は、教師やコーチが運動動作を把握し、効果的な指導を行う際の拠り所となる理論を提供することを目的としている。したがって、スポーツ運動の指導・学習の現場が重要視されることになる。
本授業では、運動の技術とはなにか、運動の良否をどう判断するか、ある運動を学習するときにどのような過程をたどるのか、成長に伴ってどのように運動技能が発達してゆくのか、といった、運動学の基本的な問題について講義する。
本講義はオンデマンドで行う。",上記のスポーツ運動学関連の知識を修得し、運動指導に生かすことができる。,各回の予習・復習には約90分～120分かかると想定されます。,"1:
第１回
スポーツ運動学とは
2:
第２回
運動の技術とは
3:
第３回
運動技術と指導方法
4:
第４回
「運動の技術」に関する内容の到達度の確認と講評
5:
第５回
運動構造の認識（局面構造）
6:
第６回
運動構造の認識（運動の質的把握）
7:
第７回
「運動構造の認識」に関する内容の到達度の確認と講評
8:
第８回
運動の学習過程（運動の理解と粗協調）
9:
第９回
運動の学習過程（精協調と自動化）
10:
第10回
「運動の学習過程」に関する内容の到達度の確認と講評
11:
第11回
運動の発達（新生児期・幼児期）
12:
第12回
運動の発達（少年期以降）
13:
第13回
運動の発達に関する内容の到達度の確認と講評
14:
第14回
総復習（到達度の確認を含む）",なし,「マイネルスポーツ運動学」（K.マイネル著、金子明友訳、大修館書店）,"割合
評価基準
試験:
70％
第４、７、10、13回の授業時に各テーマの到達度の確認を行う（配点各10点）。
第14回の授業時にすべての内容について到達度の確認を行う（配点30点）。
平常点評価:
30％
コンテンツの視聴状況を評価する。各授業回のすべてのコンテンツの95%以上視聴を必須とし、それ以下の場合には欠席として扱う。14回の講義のうち、欠席が4回以上の場合には単位の認定はなされない。",,HSST221L,健康／スポーツ科学,スポーツコーチング,スポーツ運動学,中級レベル（発展・応用）,コース選択科目,２年以上,2,日本語,【オンライン】フルオンデマンド
2026,HSSM301L,ハイパフォーマンス科学,宮本　直和,スポーツ,秋学期,火２時限,１００-２１１,アスリートのハイパフォーマンスは、アスリート自身はもちろんのこと競技コーチ......,2000003846012026200000384620,,"アスリートのハイパフォーマンスは、アスリート自身はもちろんのこと競技コーチの影響によるところが大きいが、それ以外にも、Strength&Conditioningコーチ、アスレティックトレーナー、栄養士、マネジャー、データアナリスト、生理学やバイオメカニクス、心理学などの研究者、さらにはスポーツ振興政策を通じた行政の支援なども不可欠な要素である。本講義では、様々な立場においてアスリートのハイパフォーマンスを支える事例の紹介や基礎的知識の解説をする。本授業は当該授業内容に関する実務経験を有する教員等が担当する。
なお、本授業は原則として対面での講義にて実施するが、ゲストスピーカーの都合等によってはオンライン形式で実施する可能性がある。ただし、その場合でもオンデマンド配信はしない。",ハイパフォーマンススポーツにかかわる多面的で高度な支援やその基盤となる研究について理解することを目標とする。,各回の予習・復習には約90分～120分かかると想定されます。,"1:
第１回
ガイダンス（本講義の概要）
2:
第２回
ハイパフォーマンス科学に関する基礎知識①
3:
第３回
ハイパフォーマンス科学に関する基礎知識②
4:
第４回
ハイパフォーマンスを支える研究①
5:
第５回
ハイパフォーマンスを支える研究②（ゲストスピーカーを予定）
6:
第６回
ハイパフォーマンスを支える研究③
7:
第７回
ハイパフォーマンスを支える研究④（ゲストスピーカーを予定）
8:
第８回
ハイパフォーマンスを支えるプロフェッショナル①（ストレングス&コンディショニングコーチ：ゲストスピーカーを予定）
9:
第９回
ハイパフォーマンスを支えるプロフェッショナル②（アスレティックトレーナー：ゲストスピーカーを予定）
10:
第１０回
ハイパフォーマンスを支えるプロフェッショナル③（栄養士：ゲストスピーカーを予定）
11:
第１１回
ハイパフォーマンスを支えるプロフェッショナル④（スポーツ心理：ゲストスピーカーを予定）
12:
第１２回
ハイパフォーマンスを支えるプロフェッショナル⑤（企業でのスポーツ用品開発：ゲストスピーカーを予定）
13:
第１３回
ハイパフォーマンスを支えるプロフェッショナル⑥（タレント発掘・育成：ゲストスピーカーを予定）
14:
第１４回
総括
定期試験は実施しない",特になし。資料は授業中に適宜配布する。,特になし。資料は授業中に適宜配布する。,"割合
評価基準
レポート:
50％
総合的なレポートの課題を第1回の授業で提示します。授業で取り扱った内容だけではなく、それらを自ら深く学修できているかを評価します。
平常点評価:
50％
テーマ毎に実施する課題（レポート等）にて評価します。",,HSSM301L,健康／スポーツ科学,スポーツ医科学,スポーツ医科学,上級レベル,基礎科目,１年以上,2,日本語,【対面】ハイブリッド（対面回数半数以上）
2026,HSSP114L,スポーツ教育学,吉永　武史／深見　英一郎,スポーツ,秋学期,月３時限,１００-２１１,スポーツは、人間が創造・洗練させてきた貴重な文化である。また、同時に、人間......,2000004120012026200000412020,,"スポーツは、人間が創造・洗練させてきた貴重な文化である。また、同時に、人間はスポーツに教育的機能を内在させてきた。スポーツの教育的価値は、運動の形成や健康の保持増進に留まらず、社会性や認知の発達等、多岐にわたる。他方でスポーツには、指導場面における体罰やドーピングによる不正等の負の側面も存在する。そのため、スポーツ教育の諸課題を解決していくことが、スポーツが持つ教育的価値をスポーツに関わる人びとに享受させるためには必要不可欠といえる。本講義では、スポーツ教育学の基礎理論を概説するとともに、指導者や多様化するスポーツの視点からスポーツ教育の諸課題について論じ、スポーツと教育の関係（特に、スポーツによる人間形成）についてアプローチする。
なお、本授業は、ハイブリッド型（対面の授業回数が全体の半数未満）によるオンライン（オンデマンド配信型）授業で実施する。第1回、第2回、第3回、第4回、第12回、第14回は対面型の授業で、それ以外はオンデマンド型で行う。",本講義では、スポーツ教育に関する基礎的知識を身に付け、スポーツや教育への原理的な洞察を深めるとともに、スポーツ教育を取り巻く諸課題を検討することにより批判的思考力を高めることができるようになる。また、毎時間、講義内容を踏まえたリアクションペーパーの作成に取り組むことで、自らの考えをまとめ、表現する力を身に付けることができるようになる。,各回の予習（次時のテーマに関する情報の収集等）・復習（リアクションペーパーの作成等）には、約90分～120分かかると想定される。,"1:
第１回
オリエンテーション：スポーツ教育とは－スポーツの教育的可能性－（吉永）【対面授業】
【事前・事後の学修】事前にレジュメを読んでおくこと／授業後にリアクションペーパーを作成し、提出すること
2:
第２回
スポーツ教育学の基礎理論（１）体育とスポーツ教育の歴史－スポーツ教育はいつから、どこで行われるようになったのか－（吉永）【対面授業】
【事前・事後の学修】事前にレジュメを読んでおくこと／授業後にリアクションペーパーを作成し、提出すること
3:
第３回
スポーツ教育学の基礎理論（２）スポーツ教育の概念－「手段」としてのスポーツから「目的」としてのスポーツへ－（吉永）【対面授業】
【事前・事後の学修】事前にレジュメを読んでおくこと／授業後にリアクションペーパーを作成し、提出すること
4:
第４回
スポーツ教育学の基礎理論（３）体育授業に関する現実的課題の解決に向けて－「体育嫌い」を減らす方策や男女共習による体育授業の実現など－（吉永）【対面授業】
【事前・事後の学修】事前にレジュメを読んでおくこと／授業後にリアクションペーパーを作成し、提出すること
5:
第５回
スポーツ教育学の基礎理論（４）スポーツ教育学の学問体系の成立ならびに研究方法とその成果－解釈学的アプローチから経験的アプローチまで－（吉永）【オンライン（オンデマンド配信型）授業】
【事前・事後の学修】事前にレジュメを読んでおくこと／授業後にリアクションペーパーを作成し、提出すること
6:
第６回
スポーツ教育学の指導者論（１）学校体育における（保健体育）教師の在り方（深見）【オンライン（オンデマンド配信型）授業】
【事前・事後の学修】事前にレジュメを読んでおくこと／授業後にリアクションペーパーを作成し、提出すること
7:
第７回
スポーツ教育学の指導者論（２）運動部活動を取り巻く諸問題（深見）【オンライン（オンデマンド配信型）授業】
【事前・事後の学修】事前にレジュメを読んでおくこと／授業後にリアクションペーパーを作成し、提出すること
8:
第８回
スポーツ教育学の指導者論（３）運動部活動やスポーツクラブにおける監督やコーチの在り方（深見）【オンライン（オンデマンド配信型）授業】
【事前・事後の学修】事前にレジュメを読んでおくこと／授業後にリアクションペーパーを作成し、提出すること
9:
第９回
多様化するスポーツ教育（１）オリンピック・パラリンピック教育の推進（深見）【オンライン（オンデマンド配信型）授業】
【事前・事後の学修】事前にレジュメを読んでおくこと／授業後にリアクションペーパーを作成し、提出すること
10:
第10回
多様化するスポーツ教育（２）共生社会の実現に向けた障がい者スポーツ教育（深見）【オンライン（オンデマンド配信型）授業】
【事前・事後の学修】事前にレジュメを読んでおくこと／授業後にリアクションペーパーを作成し、提出すること
11:
第11回
多様化するスポーツ教育（３）オールドスポーツからニュースポーツへ－スポーツ教育の可能性を拡げるスポーツの多様化－（吉永）【オンライン（オンデマンド配信型）授業】
【事前・事後の学修】事前にレジュメを読んでおくこと／授業後にリアクションペーパーを作成し、提出すること
12:
第12回
スポーツ教育と人間形成－スポーツは果たして人間形成に貢献するか－（吉永）【対面授業】
【事前・事後の学修】事前にレジュメを読んでおくこと／授業後にリアクションペーパーを作成し、提出すること
13:
第13回
スポーツ教育の学習モデル－生徒に「真のスポーツ」を経験させるためのスポーツ教育のカリキュラムと学習指導－（吉永）【オンライン（オンデマンド配信型）授業】
【事前・事後の学修】事前にレジュメを読んでおくこと／授業後にリアクションペーパーを作成し、提出すること
14:
第14回
スポーツ教育の発展に向けた今後の課題－これからの社会で求められる資質能力の育成とそれを支えるスポーツ教育の在り方－（吉永）【対面授業】
【事前・事後の学修】事前にレジュメを読んでおくこと／授業後にリアクションペーパーを作成し、提出すること",Waseda Moodle上でレジュメを配布する。,"Daryl Siedentop（1994）Sport Education：Quality PE Through Positive Sport Experiences,Human Kinetics.","割合
評価基準
レポート:
30％
与えられた課題について講義内容と関連づけながら深く考察しているかどうか等を評価する。
平常点評価:
70％
授業の理解度を確認するために毎時間リアクションペーパーを作成し、評価する。","スポーツ教育学研究
https://www.jstage.jst.go.jp/browse/jjses/-char/ja
オリンピック・パラリンピック教育（スポーツ庁HP)
https://www.mext.go.jp/sports/b_menu/sports/mcatetop08/list/1382302.htm
障害者スポーツの推進に係る各種取組（スポーツ庁HP）
https://www.mext.go.jp/sports/b_menu/sports/mcatetop06/list/1371929.htm",HSSP114L,健康／スポーツ科学,スポーツ教育,スポーツ教育学,初級レベル（入門・導入）,基礎科目,１年以上,2,日本語,【オンライン】ハイブリッド（対面回数半数未満）
2026,HSSC122L,スポーツ史,石井　昌幸,スポーツ,秋学期,無フルOD,-,スポーツの成立と発展の過程を歴史的に概観する。その際、特に同時代の社会と......,2000004125012026200000412520,,スポーツの成立と発展の過程を歴史的に概観する。その際、特に同時代の社会とスポーツとの関わりに着目し、それぞれの時代においてスポーツがどのような意味や役割を担っていたのかを中心に論じていく。,さまざまな時代や社会におけるスポーツの状況と、その歴史的変遷の過程、変化の理由などについての基本的な知識を習得する。それらの学習をとおして、社会の変化とスポーツの変化とを相関的に見る視点を養うと同時に、現代のスポーツに関わる諸問題について、歴史的な視点から考察することができるようにする。,各回の予習・復習には約90分～120分かかると想定されます。,"1:
第１回
ガイダンス：スポーツ史とはなにか。講義の概要。
2:
第２回
「古代オリンピック」とはなにか？
3:
第３回
中世ヨーロッパの社会と娯楽
4:
第４回
近代スポーツの形成過程 ①：「真面目な遊び」とイギリス文化 (ピューリタニズム)
5:
第５回
近代スポーツの形成過程②：初期商業化と都市的娯楽
6:
第６回
近代スポーツの形成過程 ③：パブリックスクール改革とアスレティシズム
7:
第７回
近代スポーツの形成過程 ④：アマチュアとプロ
8:
第８回
アメリカ•スポーツの誕生（ベースボールの起源について）
9:
第９回
アメリカ•スポーツの展開（アルバート•スポルディングを中心に）
10:
第10回
体操と国民国家（ドイツにおけるトゥルネン•ムーヴメント）
11:
第11回
近代オリンピックの誕生
12:
第12回
スポーツの日本的展開 ：スポーツと体操
13:
第13回
近代スポーツの世界伝播：文化の移植と変容
14:
第14回
現代社会とスポーツ：歴史的視点から",使用しない。授業時に資料を配布する。,アレン・グットマン、『スポーツと帝国』、昭和堂、1997年。,"割合
評価基準
レポート:
57％
学期末レポート課題
平常点評価:
43％
毎回の動画に対する取り組みを評価する","-------------------------------------------------------------
本科目はスポーツ科学部の「オリンピック・パラリンピック関連推奨科目」です。
授業内容の一部でオリンピックあるいはパラリンピックに関するテーマを扱います。
-------------------------------------------------------------",HSSC122L,健康／スポーツ科学,スポーツ文化,スポーツ史,初級レベル（入門・導入）,コース基礎科目,２年以上,2,日本語,【オンライン】フルオンデマンド
2026,LAWH283L,スポーツ法,松本　泰介,スポーツ,秋学期,無フルOD,教室未定,スポーツ実務において発生している具体的な事例を題材としながら、スポーツ法......,2000004130012026200000413020,,"スポーツ実務において発生している具体的な事例を題材としながら、スポーツ法をめぐる諸問題について、基本的な法律知識と問題点を解説する。特に、競技団体を中心とした、スポーツビジネスをめぐる法的諸問題について、実体法、手続法を一括して取扱い、総合的な視点からの解説を行う。講義では、近年問題となっているホットトピックを中心にテーマ設定を行い、実践的な講義を実施する。
＊この科目は当該授業内容に関する実務の経験を有する教員等がその実務経験を活かして講義等を行う科目です。",スポーツ法に関する基本的知識とバランス感覚のある法的思考力を身につけること。スポーツ事例を通じて、一般的な法体系や法律知識を獲得することも目標とする。,毎回指定する教科書の該当箇所を熟読の上、講義にのぞむこと。各回の予習には約20分から30分かかると想定されます。,"1:
第１回
スポーツと法（オリエンテーション）
2:
第２回
スポーツとアンチ・ドーピング
3:
第３回
スポーツと暴力・セクハラ
4:
第４回
スポーツと懲戒処分　～インテグリティ
5:
第５回
スポーツと知的財産
6:
第６回
スポーツと契約実務①スポーツビジネス
7:
第７回
スポーツと契約実務②選手契約、移籍契約
8:
第８回
アマチュアスポーツをめぐる問題
9:
第９回
スポーツ事故①指導者の責任
10:
第10回
スポーツ事故②主催者、施設管理者の責任
11:
第11回
スポーツと紛争解決
12:
第12回
スポーツと組織運営
13:
第13回
スポーツガバナンス
14:
第14回
スポーツ基本法",日本スポーツ法学会編、「スポーツ法標準テキスト」（第2版）、エイデル研究所,小笠原正監修、「導入対話によるスポーツ法学」（第2版）、不磨書房,"割合
評価基準
試験:
80％
講義で取り扱った内容に関する課題、試験により評価
平常点評価:
15％
出席点
その他:
5％
発言等","-------------------------------------------------------------
本科目はスポーツ科学部の「オリンピック・パラリンピック関連推奨科目」です。
授業内容の一部でオリンピックあるいはパラリンピックに関するテーマを扱います。
-------------------------------------------------------------",LAWH283L,法学,その他法学,その他,中級レベル（発展・応用）,コース基礎科目,２年以上,2,日本語,【オンライン】フルオンデマンド
2026,HSSB212L,スポーツ経済学,藤田　康範,スポーツ,秋学期,木１時限,79-205大教室,コロナや生成AIによって世界経済が一変しつつある現在，日本をはじめとする主......,2000004135012026200000413520,,"コロナや生成AIによって世界経済が一変しつつある現在，日本をはじめとする主要国において，財政赤字や格差の拡大等，これまでの多くの問題が深刻化する一方で，「新しい日常」に向けたビジネスが出現し，大規模な金融緩和の影響もあって，株価が上昇しています．
この講義は，ピンチとチャンスに満ちた現在の経済において，スポーツを通じて，善く生き，世の中に貢献するための基礎を培うこと，特に，イノベーションを起こし，「第2，第3のスティーブ・ジョブズ」になることを目指します．
履修者方々の状況によりますが，経済になじむために，スポーツ関連の株式や仮想通貨等についての基礎知識を身につけ，その上で，YouTube, Twitter, Instagram, Cluster, Vroid等を活用してスポーツを普及する方法等を考える予定であり，また，授業計画はあくまでも目安であり，履修者の方々の希望によって，内容や順序が変化します．
可能な限り分かりやすく説明しますので，特別な予備知識は一切不要です．
詳しくは初回の講義の際にお話させていただきます．",①日本経済・世界経済に関する新聞・雑誌・動画等の内容を理解し、平易に説明できるようになること,各回の予習・復習には平均して約30分～90分かかると想定されます。,"1:
第１回
はじめに　本講義の目的と概要について説明します
2:
第２回
日本経済の現状と問題，可能性を理解する1：GDPの推移を中心に
3:
第３回
日本経済の現状と問題、可能性を理解する2：資産価格の推移を中心に
4:
第４回
資産運用の基礎を学ぶ1：生涯に必要な金額，ライフプラニング等
5:
第５回
資産運用の基礎を学ぶ2：長期・分散・積立投資の重要性等
6:
第６回
将来性のあるスポーツ関連企業を探る
7:
第７回
前半のまとめと中間課題
8:
第８回
イノベーションの基礎を学ぶ
9:
第９回
スポーツビジネスのプロモーション戦略を学ぶ：「普及」のための手法等
10:
第10回
スポーツビジネスの「新結合」を考える：新技術の活用法等
11:
第11回
スポーツビジネスを始めるには?：資金調達の方法を学ぶ
12:
第12回
2027年の経済を展望する
13:
第13回
スポーツによる日本経済再活性化の可能性を探る
14:
第14回
おわりに　全体のまとめと最終課題",使用しません．資料を配布する予定です．,"「スポーツビジネス　最強の教科書」　平田竹男　（東洋経済新報社）
「トップスポーツビジネスの最前線」　平田竹男，中村好男　（講談社）
「図解 世界一わかりやすい経済学の授業」　藤田康範　（中経出版）","割合
評価基準
試験:
試験は行わない予定です
レポート:
60％
中間課題，最終課題の提出と内容評価
平常点評価:
40％
毎回の授業感想
その他:
みなさんの力が無理なく最も発揮される評価方法にしたいと考えています",,HSSB212L,健康／スポーツ科学,スポーツビジネス,スポーツ経済学,中級レベル（発展・応用）,コース基礎科目,２年以上,2,日本語,【対面】
2026,HSST141L,スポーツコーチング学β,堀野　博幸／奥野　景介／土屋　純／松井　泰二／礒　繁雄／倉石　平,スポーツ,秋学期,無フルOD,-,現在のスポーツは、グラスルーツからエリートまで広範な人々を対象として発展......,2000004145012026200000414520,,"現在のスポーツは、グラスルーツからエリートまで広範な人々を対象として発展を続けている。スポーツの普及と発展の背景には、スポーツ科学が大きく貢献してきた。今後のスポーツのさらなる発展には、従来のパフォーマンス向上に加え、スポーツ活動を通じて「ブレーヤー（アスリートからスポーツ愛好者まで）の成長」を支援し、「スポーツの価値向上」や「スポーツ文化の創造」に貢献できる「スポーツコーチング」の重要性が増している。
そこで本授業では、学部
科目「スポーツコーチング概論」と併せて、日本スポーツ協会公認コーチ・上級コーチで取り扱う内容を取り上げるとともに、科学的知見を現場のコーチングに反映させることを念頭に、初心者から競技者レベルまでを対象とするスポーツのコーチ・指導者にとって必要な「知識とスキル、資質」・「対他者力と対自己力」・「スポーツの意義と価値」・「ハラスメントのインテグリティ」・「トレーニング理論」の基礎知識の習得を目指す。
授業は、Waseda Moodleによるフルオンデマンド講義で実施する。",授業の到達目標とテーマ,各回の予習・復習には約90分～120分かかると想定されます。,"1:
テーマ１：ガイダンス・スポーツコーチングの概観
ガイダンス・スポーツコーチングの概観（堀野）
2:
テーマ２：スポーツトレーニングの基本的考え方
スポーツトレーニングの基本的考え方（奥野）
3:
テーマ３：「体力」のトレーニング
体力トレーニングの理論と実践（奥野）
4:
テーマ４：「スキル」のトレーニング
スキルトレーニングの理論と実践（奥野）
5:
テーマ５：「こころ」のトレーニング
メンタルトレーニングの理論と実践（堀野）
6:
テーマ６：スポーツ事故におけるスポーツ指導者の法的責任
スポーツ事故におけるスポーツ指導者の法的責任（松井）
7:
テーマ７：スポーツ仲裁・スポーツ倫理
スポーツ仲裁・スポーツ倫理
（松井）
8:
テーマ８：コーチング環境の特徴
多様な対象に対するコーチング環境の特徴（土屋）
9:
テーマ９：ハイパフォーマンススポーツにおける今日的なコーチング①
ハイパフォーマンススポーツにおける今日的なコーチング：個人スポーツを中心に（奥野）
10:
テーマ１０：ハイパフォーマンススポーツにおける今日的なコーチング②
ハイパフォーマンススポーツにおける今日的なコーチング：チームスポーツを中心に（倉石）
11:
テーマ１１：障がい者スポーツ
障がい者スポーツの現場とコーチング（礒）
12:
テーマ１２：スポーツコーチングの諸問題（招聘講師）
スポーツコーチングの諸問題：招聘講師（堀野）
13:
テーマ１３：まとめ
スポーツコーチングの現場と課題、そして改善の方向性（堀野）
14:
テーマ１４：到達目標確認テスト
到達目標確認テスト（堀野）：最終週の火曜日を予定しています。具体的日程は、授業開始後にMoodleを通じてアナウンスします。","リファレンスブック（日本スポーツ協会）：下記のURLから購入可能です
https://www.japan-sports.or.jp/publish/tabid677.html （2023.12.30閲覧）","トップパフォーマンスへの挑戦（ベースボールマガジン社）
コーチのためのトレーニングの科学（大修館書店）
スポーツ・コーチング学（西村書店）","割合
評価基準
試験:
60％
テスト結果によって評価します。テストは、最終週の水曜日終日として、受験機会は1回のみ30分間とします（変更の場合はMoodleを通じて連絡します）。
平常点評価:
40％
原則として全てのオンデマンドコンテンツを視聴すること。また、各講義に対するレビューシートによって評価します。","本講義は、フルオンデマンド形式となります。各回（テーマ）講義の視聴期間は原則として１週間です。視聴期間の延長は行いませんので、設定期限に留意し計画的にWaseda Moodleにて受講してください。出席（レビューシート含む）が2/3に満たない場合は、成績評価の対象となりません（F判定となります）ので留意ください。またレポートの提出状況や出席状況の確認、成績評価の変更要望に関する個人的な問い合わせメッセージには対応できません。
シラバスと授業動画の内容に差異がある場合は、すべてシラバスが優先となりますので、シラバスを熟読ください。",HSST141L,健康／スポーツ科学,スポーツコーチング,トップスポーツコーチング,初級レベル（入門・導入）,コース基礎科目,２年以上,2,日本語,【オンライン】フルオンデマンド
2026,HSSC218L,スポーツ人類学,川島　浩平,スポーツ,秋学期,無フルOD,-,現代の日本は、世界の主要国にひけをとらない、スポーツを愛好する国家です。......,2000004200012026200000420020,―グローバリゼーションと身体―,"現代の日本は、世界の主要国にひけをとらない、スポーツを愛好する国家です。総理府による平成二十八年度（二〇一六年度）社会基本調査によれば、過去一年間に数百万の人々が野球、ゴルフ、サッカー、卓球、バドミンドン、テニスなどの競技を、さらにそれを超える数の人々が釣り、登山、サイクリング、ジョギングなどをおこない、数十万の人々が柔道や剣道など武道の稽古で心身を鍛えています。教育では、「部活」というシステムの下で、児童・学童から学生まで数多くの青少年男女が課外活動に汗を流し、一般社会では、新聞やテレビなど総合メディアや、インターネットやケーブルテレビなどスポーツ専門のメディアが、活字や映像を通じて、アスリートの活躍を常時報道しています。国民はその鍛えられた身体とパフォーマンスに熱い視線を送り、スポーツの実践に身を入れるものも少なくありません。このようなスポーツ熱がもたらす効果は、日本人を長寿、健康で肥満の少ない国民とする海外メディアの高い評価に窺うこともできます。
スポーツに関する研究も盛んです。もともと「スポーツ科学」という概念は、一九三〇年代初頭に出版された科学啓蒙雑誌の特集を端緒とするといわれますが、以来、第二次世界大戦という逆境を克服し、一九六四年の東京五輪の開催に弾みを与えられて、スポーツ科学は発展を遂げました。この間、研究者はスポーツという知識と実践へのアプローチを次第に体系化しました。その努力の結実は、今日、大学など高等教育機関のホームページを開けば、目に飛び込んできます。スポーツマネジメント学科やスポーツウエルネス学科などの組織として、あるいはカリキュラムのなかで、スポーツ医科学コース、コーチング科学コース、スポーツ教育コース、スポーツ文化コース、バイオメカニクス、健康体力学、スポーツ疫学などの具体的な領域や方法論として。こうした活動を、自然科学・人文科学・社会科学というカテゴリで整理するとき、その一つの社会科学を担う学問分野に、歴史学、社会学、人類学があります。
この授業は、激動する時代におけるスポーツのあり方について提言できる研究者の育成というアカデミックニーズに応えるべく、上に述べた歴史学、社会学、人類学のうち、とくに人類学（文化人類学）という学術分野で蓄積された知とその方法論に基づき、スポーツという活動、現象、言説を多角的に考察し、解説することを目的とします。地域的な焦点は、私の専門とするアメリカ合衆国、そしてわたしたちが住む日本に置きますが、ヨーロッパ、アフリカ、オセアニア、東アジア、カリブ海諸国、南米など適宜それ以外の地域の事例にも言及します。",各授業（講義）では、以下のテーマを設定します。講義を受講することによって受講者が以下について理解し、説明できるようになることを目的とします。,各回の予習・復習には約90分～120分かかると想定されます。,"1:
第１回
導入、定義
2:
第２回
方法論
3:
第３回
現代（国際的）スポーツシステムの成立１
4:
第４回
現代（国際的）スポーツシステムの成立
2
第1回小テスト
5:
第５回
身体、環境、スポーツ１
6:
第６回
身体、環境、スポーツ２
7:
第７回
階級・エスニシティとスポーツ１
8:
第８回
階級・エスニシティとスポーツ２／ジェンダーとスポーツ１
第2回小テスト
9:
第９回
ジェンダーとスポーツ２
10:
第10回
文化パフォーマンスとスポーツ１
11:
第11回
文化パフォーマンスとスポーツ２
12:
第12回
ナショナリズムとスポーツ１
第3回小テスト
13:
第13回
ナショナリズムとスポーツ２
14:
第14回
世界システムとスポーツ１",ニコ・ベズニエ／スーザン・ブロウネル／トーマス・F・カーター著、川島浩平／石井昌幸／窪田暁／松岡秀明訳『スポーツ人類学　グローバリゼーションと身体』共和国2020年,"坂上康博、石井昌幸他編『スポーツの世界史』一色出版、2018年
寒川恒夫他編『21世紀スポーツ大事典』大修館書店　2015年
アメリカ学会編『アメリカ文化事典』2018年
Gerald R. Gems, et. al., eds., Sports in American History, Human Kinetics, 2nd edition, 2017
E. J. Gorn & W. Goldstein, A Brief History of American Sports, University of Illinois Press, 1993.
さらに適宜紹介します","割合
評価基準
試験:
51％
毎回オンラインでおこなう小テスト
平常点評価:
49％
授業へのコメントをムードル上のレビュー機能で提出","授業は、主として四部から構成されています。各部は、視聴に
15
分程度かかるパワーポイントとエバーレックというアプリで作成された動画からなります。各部の終わりに内容を振り返るためのトピックを与えますので、次の部に移る前に
5
分から
10
分、そのトピックについて考えてください。次の部は、そのトピックに関する意見や解説で始まり、新しい内容に移ります。各部の構成は概ね以下の通りです。
１．前部の振り返り、トピックに関する意見や解説
２．新しい内容
３．本部の振り返り、トピックの提示",HSSC218L,健康／スポーツ科学,スポーツ文化,スポーツ人類学,中級レベル（発展・応用）,コース基礎科目,２年以上,2,日本語,【オンライン】フルオンデマンド
2026,HSSC232L,柔術技法論,佐藤　忠之,スポーツ,秋学期,火４時限,１０１-２０２,古来「柔術は武芸の父母である」（渋川流柔術大成録）といわれる。この言葉は剣......,2000004250012026200000425020,,"古来「柔術は武芸の父母である」（渋川流柔術大成録）
といわれる。
この言葉は剣術を中心に推移してきた古流武術史から考えると意外
な感じを抱かせるが、その真の意味とは何であろうか。
それは柔術の中に、
剣術を始めとする武術全体に内在する術理が活きていることを示唆
する。　本講義では近世及び近代の文献等を参考に柔術とその技法について
歴史的・術理的な解説をすすめる。
特に柔術と近代柔道との関係を、柔道創始者・
嘉納治五郎の理論を検討する中で考える。
また理解を深めるために、
立居振舞いや基本技法を解説する事で講義を補いたい。
柔術の検討では「姿勢」「構え」「間合い」「目付」
などの伝統的基本視点を始め、「崩し」や「柔」の理という「
わざ」に直結する科学的分析に着目する。
嘉納治五郎は柔術の集大成として柔道を創始したが、
その理解は近代競技柔道の枠を越えた、
より広く深い嘉納の原点構想を検討することによって始めて明らか
にされる。こうした点についても講じていく。",柔術とは何か？　それはいつ頃どこで生まれ、どのように伝承されてきたものなのか？　また「技」として生き続けるその技術の特性とはどう云ったものであるのか？　その本質をもとめて科学的な眼で考察し、武術の中に於ける柔術技法の特長を知る。,各回の予習・復習には約４０分～６０分程度かかると想定されます。,"1:
第１回
講義授業展開の説明　柔術概要：武道（武術）における柔術の位置
2:
第２回
柔術の起源
3:
第３回
続：柔術の起源
4:
第４回
古流柔術について①
5:
第５回
古流柔術について②
6:
第６回
古流柔術について③
7:
第７回
古流柔術について④
8:
第８回
柔術の意義と修行態度と方法
9:
第９回
柔術から講道館柔道へ
10:
第10回
嘉納治五郎の柔術観
11:
第11回
講道館柔道誕生とその発展
12:
第12回
講道館柔道の技術的発展と課題・スポーツと武道競技（実用性の観点から）競技化の限界と功罪など
13:
第13回
到達度確認試問
14:
第14回
到達度確認試問解答と解説＋まとめ",武道論（大修館）富木謙治著,・桜庭武、柔道史攻、1935,"割合
評価基準
試験:
50％
１３回目の授業時に到達度の確認を行う。
レポート:
必要に応じて担当教員が指示する。
平常点評価:
50％
１４回の授業中、出欠を確認し、授業に取組む態度を以て平常点評価の対象とする。","実技を伴う授業を実施する場合、教場が変わる場合がある。
オンライン授業のある場合には、その都度アナウンスする。",HSSC232L,健康／スポーツ科学,スポーツ文化,武道,中級レベル（発展・応用）,コース選択科目,２年以上,2,日本語,【対面】
2026,HSSC101L,フットボール文化論,松岡　秀明,スポーツ,秋クォーター,火１時限,79-301講義室,現代において、スポーツはその内に諸々の問題をかかえるとともに、他のさまざ......,2000004260012026200000426020,,現代において、スポーツはその内に諸々の問題をかかえるとともに、他のさまざまな領域と密接に関わりあっている。本授業は、フットボール（＝サッカー）の歴史から始め、それが政治や宗教といった領域とどのように、そしてなぜかかわりあっているかを検討する。次に、フットボールにつきまとう差別や暴力も考えてみる。最後に、ブラジル文化におけるフットボールの意味に考察を加える。映像を積極的に用いて、受講者の問題意識をたかめる授業にしていきたい。,現代のさまざまな文化のなかで、フットボールがどのような意味を担い、どのような問題をかかえているかを認識し、他のスポーツについても同様の問題意識を持って接することができる能力を身につける。,各回の予習・復習には約90分～120分かかると想定される。,"1:
第１回／イントロダクション
まず、本講義の目的と方法を説明し世界でフットボールがどのように行なわれてきたかを概観する。続いて、海外でのフットボール経験のある早稲田大学の学生フットボーラーのゲストスピーカーから、異文化のなかでのフットボールについて話してもらう。
2:
第２回／フットボールと呪術
日本でフットボールと呪術が関係しうることは考え難いが、アフリカでは呪術と密接にかかわっていることがしばしばある。具体的な事例に即して、両者の関係をみていく。
3:
第３回／フットボールと政治そして暴力
フットボールは政治的に重要な役割を持ち、国民を一つにまとめる力を持つ。具体例として、コートジボワール、アルゼンチンもおけるフットボールを検討する。人々を一つにまとめる力は、しかし、暴力という方向に向かうことがある。フーリガンや暴動を例として見ていく。
4:
第４回／フットボールとジェンダー
女性はフットボールとどのようにかかわっているか。映画　＜ベッカムに恋して＞と＜オフサイド・ガールズ＞がサッカーとジェンダーをどう描いているかを分析する。
5:
第５回／フットボールと差別
残念がことだが、さまざまなスポーツでさまざまな差別が存在している。サッカーにおいて、どのような差別があり、その背景はどのようなものかを考える。
6:
第６回／審判という仕事（ゲストスピーチ）
元JFA審判委員長の松崎康弘さんをお招きし、フットボールのルールそしてその適用についての示唆に富むお話を伺う予定である。
7:
第７回／ブラジルのフットボール
フットボールが芸術とされるブラジルで、トリックスター（常識にとらわれることなく、善も悪も行なう超越的存在）としてのフットボール選手に注目する。",,S・クーパー『サッカーの敵』（白水社）、S・ブルームフィールド『サッカーと独裁者』（白水社）、陣野俊史『サッカーと人種差別』（文春文庫）、J・リーヴァー『サッカー狂の社会学ブラジルの社会とスポーツ』（世界思想社）,"割合
評価基準
試験:
100％
二つの設問に対して、授業で学んだ知識、自らの考えを示しているか否か。",言うまでもないことだが、授業は全回出席することが成績評価の前提となる。,HSSC101L,健康／スポーツ科学,スポーツ文化,スポーツ文化,初級レベル（入門・導入）,コース選択科目,２年以上,1,日本語,【対面】
2026,HSSC101L,ヨーロッパ・スポーツ文化論,市橋　秀夫,スポーツ,冬クォーター,水４時限,79-304講義室,現代の多くの競技スポーツの故郷とされるヨーロッパ社会のスポーツ文化につい......,2000004275012026200000427520,,現代の多くの競技スポーツの故郷とされるヨーロッパ社会のスポーツ文化について、いくつかの代表的な主題に即し、社会調査資料をもとに、史的な観点もまじえて検討を試みる授業です。,"１．ヨーロッパのスポーツ文化の特徴について、限定的であっても具体例に即しながら説明することができる。
２．スポーツ文化という観点から、「ヨーロッパ」の特色について論じることができる。",各回の予習・復習には少なくとも90分程度の時間を費やすことが必要になると想定されます。アップされた授業資料を振り返りつつ、理解の不十分な点を各自調べて理解するようにしてください。,"1:
第１回／ヨーロッパとは何か、スポーツ文化とは何か
本講義の目的と概要について説明します。また、「ヨーロッパ」という概念について検討すると同時に、「スポーツ文化」を論じる際の視座についての問題提起をします。
2:
第２回／ヨーロッパの人びとの余暇とスポーツ文化
生活時間調査などの統計的社会調査をもとに、ヨーロッパ各地のスポーツ受容について検討します。
3:
第３回／女性とヨーロッパ・スポーツ文化
社会調査資料や啓発キャンペーンの事例を取り上げながら、ジェンダー（女性）の観点から、ヨーロッパのスポーツ文化受容を検討します。
4:
第４回／ヨーロッパのスポーツ・クラブ文化
ヨーロッパのスポーツ文化の特色として挙げられることの多いクラブ型スポーツについて検討します。
5:
第５回／ギャンブルとヨーロッパ・スポーツ文化
イギリスの事例を中心に、ヨーロッパ・スポーツ文化の重要な構成要素であるある賭けの歴史をふりかえります。
6:
第６回／EUとスポーツ文化
EUのスポーツ政策を手掛かりに、EUがスポーツ文化をどのように位置付けているのかについて検討します。また、ヨーロッパのスポーツ文化の成立に、非ヨーロッパ世界がどのように関わっているのかについても検討してみます。
7:
第７回／理解度確認テスト
これまでの講義内容の理解度をはかる確認テストをおこないます。",教科書に代わるテキストは授業で提示します。,参考文献も授業で提示します。,"割合
評価基準
試験:
60％
授業の到達目標に達しているかどうかを評価するテストです。持ち込みは一切不可。
平常点評価:
40％
毎回の授業内容に関する問いに回答、あるいはコメントしてもらうミニテストをします。",,HSSC101L,健康／スポーツ科学,スポーツ文化,スポーツ文化,初級レベル（入門・導入）,コース選択科目,２年以上,1,日本語,【対面】
2026,HSSC101L,スポーツ・ジェンダー論,稲葉　佳奈子,スポーツ,秋学期,木３時限,79-301講義室,本講義では、ジェンダーの視点からスポーツの文化的特質や現代的課題について......,2000004280012026200000428020,,"本講義では、ジェンダーの視点からスポーツの文化的特質や現代的課題について概説する。
19
世紀のイギリスで生まれた近代スポーツでは卓越や競争などが重視され、「男らしさの文化」として発展してきた。ほとんどの種目が性別によらず開かれているように見える現在でも、男性優位の身体観やアスリートを取り巻く経済的、規範的なジェンダー格差が存在している。また、多様なジェンダーやセクシュアリティが可視化されつつあるただなかで、スポーツにも変化が求められている。こうした現状について理解し、今後のスポーツ文化のあるべき姿について考える。","①ジェンダーに関わる諸概念についての基本的な知識を身につけることができる、
②ジェンダーに関わるスポーツ特有の課題とその背景を論理的に理解することができる。","各回の予習・復習には約60分～90分かかると想定されます。
授業スライドはPDFファイルにしてMoodle上で配布するので授業中のメモ作成や事後学習に活用してください。","1:
第１回／ オリエンテーション（本講義の目的と概要）
本講義の目的と概要、評価基準の確認
2:
第２回／性別二元論とジェンダー概念（１）
性別二元論をめぐる理論と社会的課題
3:
第３回／性別二元論とジェンダー概念（２）
スポーツがもつ性別二元論文化としての諸相
4:
第４回／男性性（１）
男性性をめぐる理論と社会的課題
5:
第５回／男性性（２）
スポーツにおける男性性の諸相
6:
第６回／男性性（３）
ホモソーシャル文化としてのスポーツ
7:
第７回／女性スポーツ（１）
女性スポーツの歴史と社会的背景
8:
第８回／女性スポーツ（２）
女性スポーツの現代的課題とスポーツ界の取り組み
9:
第９回／女性スポーツ（３）
女性スポーツのプロモーションにおける文化的特質
10:
第１０回／セクシュアル・マイノリティ（１）
セクシュアル・マイノリティをめぐる差別と排除の歴史およびその背景
11:
第１１回／セクシュアル・マイノリティ（２）
スポーツ界のホモフォビア、LGBTQ+アクティビズムとスポーツ
12:
第１２回／スポーツとジェンダーのこれから
変革に向けて声を上げるアスリート
13:
第１３回／到達度確認の課題
前回までの講義内容および主旨にかんする理解度および目標到達度を確認する課題に取り組む
14:
第１４回／講義全体のまとめ
前回の課題に関するフィードバックと全体のまとめ",岡田桂・山口理恵子・稲葉佳奈子『スポーツとLGBTQ＋　シスジェンダー男性優位文化の周縁』晃洋書房、2022年,"飯田貴子・熊安貴美江、來田享子編『よくわかるスポーツとジェンダー』ミネルヴァ書房、2018年
石岡丈昇編『スポーツで社会学する』有斐閣、2025年","割合
評価基準
試験:
70％
第13回目の授業時間内におこなう到達度確認テストの結果。
レポート:
0％
実施しない
平常点評価:
30％
授業内で指示する課題への取り組み状況。
その他:
0％
なし",,HSSC101L,健康／スポーツ科学,スポーツ文化,スポーツ文化,初級レベル（入門・導入）,コース選択科目,２年以上,2,日本語,【対面】
2026,HSSC201L,スポーツ国際開発学,岡田　千あき,スポーツ,秋学期,火２時限,79-302講義室,「スポーツには世界を変える力がある」――皆さんも一度は聞いたことがある言葉で......,2000004281012026200000428120,,"「スポーツには世界を変える力がある」――皆さんも一度は聞いたことがある言葉ではないでしょうか。でも、それは本当でしょうか？
この授業では、スポーツを「遊び」や「競技」としてのみでなく、貧困、紛争、格差といった複雑な社会解決するための「手段（tool）」として捉え直します。
これを「開発と平和のためのスポーツ（Sport for Development and Peace: SDP）」と呼び、スポーツ国際開発学は、SDPの事例を中心に扱います。
講義の中では、事例の紹介や検証に留まらず、それらを通じてスポーツの価値や弊害、SDPの背後にある様々な概念を学びます。
授業は対面を基本とし、各国の現場の映像を見たり、「自分ならどう考える？」「自分ならどうする？」を話し合ったりします。一部の講義については、オンラインで行うことがあります。",1.【知識・理解】 SDPの基本概念、歴史的背景、および「スポーツの発展（Development of Sport）」との違いを正しく理解する。,"事前学習: 次回のテーマに関する参考資料に目を通し、関連する用語や社会情勢を確認してください（目安：90分）。
事後学習: 授業内のリフレクションやグループワークでの議論を振り返り、自身の考えを深めてください。期末レポートに向けた文献収集も適宜進めてください（目安：120分）。","1:
第１回
SDPへの招待
2:
第２回
開発と平和のためのスポーツ
3:
第３回
開発・国際協力・スポーツ
4:
第４回
スポーツと社会開発
5:
第５回
スポーツとHIV/AIDS
6:
第６回
貧困削減①
7:
第７回
貧困削減②
8:
第８回
平和構築①
9:
第９回
平和構築②
10:
第１０回
民族融和
11:
第１１回
ジェンダー公正
12:
第１２回
ユニバーサルスポーツ
13:
第１３回
社会的包摂
14:
第１４回
スポーツの可能性と限界",,「サッカーボールひとつで社会を変える－スポーツを通じた社会開発の現場から－」岡田千あき著、大阪大学出版会、2014年,"割合
評価基準
レポート:
60％
自分が選んだテーマについて深く考察してもらいます。「感想」ではなく、論理的な「分析」を評価対象とします。
平常点評価:
40％
リアクションペーパー提出（出席確認を含む）と、グループワークへの積極的な参加を評価します。","生成
AI
の利用について
:
自身の思考を深めるためのツールとしての利用は妨げませんが、
AI
の生成物をそのままレポートとして提出することは剽窃とみなし、厳正に対処します。利用した場合はレポート作成のどの部分に利用したかを明記してください。",HSSC201L,健康／スポーツ科学,スポーツ文化,スポーツ文化,中級レベル（発展・応用）,コース基礎科目,２年以上,2,日本語,【対面】
2026,HSSB253L,スポーツマーケティング・リサーチ,松岡　宏高,スポーツ,秋クォーター,水３-４,01:79-401講義室 01:79-406PC教室,「リサーチなくしてマーケティングはありえない」といっても過言ではない。プロ......,2000004313012026200000431320,,「リサーチなくしてマーケティングはありえない」といっても過言ではない。プロスポーツクラブ・球団やフィットネスクラブなどのスポーツ組織には、その市場に含まれるスポーツ消費者の心理や行動を理解するための調査を実施し、そこで得られたデータをもとに的確なマーケティング戦略を立てることが求められる。この講義では、（１）リサーチの基本概念、（２）市場調査の方法（質問紙の作成とデータ収集を含む）、そして（３）統計解析について学ぶ。,この授業での到達目標は、スポーツマーケティングリサーチの企画、集計、分析、そして報告までができる知識と技法を身につけることとする。また、この授業で学んだことを整理しておき、卒業研究作成時に活用することができるようにすること。,各回の予習・復習には約90～120分かかると想定されます。前半は授業ノートやテキストの内容の確認が必要で、後半は毎回提示される課題に取り組み、Waseda Moodleで提出する。,"1:
第１回
オリエンテーション／スポーツ市場の理解とリサーチの必要性
2:
第２回
リサーチの基礎１：サンプリングと外部妥当性
3:
第３回
リサーチの基礎２：リサーチデザインと内部妥当性
4:
第４回
リサーチの基礎３：信頼性・リサーチの倫理的問題
5:
第５回
質問紙調査：質問項目、測定尺度と予備調査
6:
第６回
調査票の作成（オンライン調査設計）
7:
第７回
データの準備（変数・値ラベル・欠損値の設定、値の再割り当て）
8:
第８回
SPSSでの作業１（値の再割当）
9:
第９回
単純集計（代表値・標準偏差）・比率の比較（カイ二乗検定）
10:
第10回
SPSSでの作業２（単純集計・カイ二乗検定）
11:
第11回
平均値の比較・変数間の関係
12:
第12回
SPSSでの作業３（T検定・分散分析・相関分析）
13:
第13回
多変量解析の紹介
14:
第14回
結果の報告と活用（期末レポートの作成）",酒井隆　「図解アンケート調査と統計解析がわかる本」　日本能率協会マネジメントセンター、2012年,原田宗彦、藤本淳也、松岡宏高「スポーツマーケティング」　大修館書店、2018年,"割合
評価基準
レポート:
40％
データを用いて複数の分析を行った最終レポート
平常点評価:
60％
出席・参加・小レポート（5点×4回）
オンライン調査設計（10点）
SPSS課題（5点×6課題）",履修条件は、スポーツマーケティング論を履修済みであること。,HSSB253L,健康／スポーツ科学,スポーツビジネス,スポーツマーケティング,中級レベル（発展・応用）,コース選択科目,３年以上,2,日本語,【対面】
2026,HSSB272L,スポーツファシリティマネジメント,高橋　義雄／岡田　明／武藤　亮／薬師寺　智之,スポーツ,秋学期,水３時限,79-301講義室,日本のスポーツ施設（ファシリティ）の約60%は学校関係のスポーツ施設であり......,2000004325012026200000432520,スポーツ施設の合理的なマネジメント手法について,"日本のスポーツ施設（ファシリティ）の約60%は学校関係のスポーツ施設であり、次に公共等のスポーツ施設が約30
%を占めている。
残りは、民間のスポーツクラブ等のスポーツ施設であり、それらは約10%程度に
過ぎない。このため、公共スポーツ施設を民間スポーツ施設のように多目的かつ合理的に管理運営するという概念である
「指定管理者制度」が、
地方自治法の一部改正により
2003年に全国的に施行されことにより、全国の約３割を占める公共スポーツ
施設はの運営の「民営化」 が進んだ。
しかしながら、全国のスポーツ施設は老朽化が進んでいる。本科目では、改築・新設についてライフサイクルコストを再試算したうえで、
どのような「運営システムを活用」してファシリティマネジメントを行けば良いのかを学習する。
さらに、
2021
年の東京オリンピック・パラリンピック大会の大規模な新規恒久スポーツ施設等の「スタジアム・アリーナ」をどのようにマネジメントするのが良いか、今日の全国のプロスポーツ化「スタジアム・アリーナ」について調査して、
さまざまなスポーツ施設のマネジメント事例を含めて学習し、各学生自らが起業する会社・団体において「事業計画書案」をレポートとして作成する。",スポーツ施設のハード（物理的設備）とソフト（管理運営）の世界的な潮流を知る。そのうえで、スポーツ施設のライフサイクルコストについて理解し、各種スポーツ施設の合理的なマネジメント手法として、「指定管理者制度」、「PFI手法」、「コンセッション方式」の概要を理解できるようにする。また、興行が成立する施設だけではなく、地域住民のスポーツを「する」権利を確保するための施設の重要性も理解する。最終レポートでは、公設公営から民設民営までスポーツ施設の運営における具体的な「事業計画書」を構築し企画提案書の作成ができるようにする。,"受講する学生の出身地・地方公共団体の管理する 「公共のスポーツ施設・体育館等」 について事前に調べておく、
スポーツ施設の規模・利用時間・料金等・団体貸切等についても事前に確認しておくことが必要である。","1:
第１回
オリエンテーション（担当者　高橋義雄）
本講義の目的と概要／本講義の目的と概要について説明します。
※アンケート用紙の提出
2:
第２回
我が国のスポーツファシリティの歴史（担当者　岡田明）
戦前、戦後、21世紀の我が国のスポーツファシリティの変遷について説明します。
3:
第３回
海外のスポーツファシリティの歴史（担当者　岡田明）
戦前、戦後、21世紀の海外のスポーツファシリティの変遷について説明します。
4:
第４回
我が国のスポーツファシリティとスポーツ政策①（担当者　岡田明）
戦後のスポーツ施設に関わる政策から近年のスタジアム・アリーナ改革について説明します。
5:
第５回
我が国のスポーツファシリティとスポーツ政策②（担当者　岡田明）
スポーツコンプレックスの概念とこれからの日本のスポーツファシリティについて説明します。
6:
第６回
プロスポーツクラブとスポーツファシリティ①（担当者　薬師寺智之）
プロ野球とJリーグとスタジアム、Bリーグとアリーナ、その他の競技大会と競技施設について課題とその解決への取り組みを説明します。
7:
第７回
プロスポーツクラブとスポーツファシリティ②（担当者　薬師寺智之）
プロスポーツクラブと指定管理者制度やPPPについて説明します。
8:
第８回
プロスポーツクラブとスポーツファシリティ③（担当者　薬師寺智之）
世界のプロスポーツクラブとスポーツファシリティ経営について説明します。
9:
第９回
プロスポーツクラブとスポーツファシリティ④（担当者　薬師寺智之）
スポーツファシリティの経営としての音楽・その他の興行との関係について説明します。
10:
第10回
スポーツファシリティの「危機管理」について（担当者　武藤亮）
スポーツファシリティにおける事故とその予防、危機管理について説明します。
11:
第11回
スポーツファシリティと「予算管理」について（担当者　武藤亮）
スポーツファシリティ運営における予算管理について説明します。
12:
第12回
スポーツファシリティと　「人材管理」について（担当者　武藤亮）
スポーツファシリティ運営における人事管理について説明します。
13:
第13回
スポーツファシリティの指定管理者の役割（担当者　武藤亮）
我が国の指定管理者の具体的役割について説明します。
14:
第14回
スポーツファシリティマネジメンの実践（担当者　高橋義雄）
「事業計画書」について学ぶ。",,"「スマート・ベニュー研究会報告書」日本政策投資銀行、2013
「指定管理者制度」　体育施設出版　2007
「指定管理者制度運用のツボ」ぎょうせい 2012
「指定管理者制度　問題解決ハンドブック」東洋経済、2021","割合
評価基準
レポート:
60％
学期末のレポート「事業計画書レポート集」で評価する。
平常点評価:
40％
単元ごとのレポート内容で評価する。",※　学生アンケートによる、　定期的な小レポートの実施、フィードバックの実施等,HSSB272L,健康／スポーツ科学,スポーツビジネス,スポーツクラブマネジメント,中級レベル（発展・応用）,コース選択科目,２年以上,2,日本語,【対面】
2026,HSSP212L,コミュニティスポーツ論,作野　誠一,スポーツ,秋学期,金２時限,79-205大教室,コミュニティスポーツ論では、地域社会において展開されているスポーツの諸問題......,2000004405012026200000440520,,コミュニティスポーツ論では、地域社会において展開されているスポーツの諸問題について取り上げる。コミュニティを基盤としたスポーツ活動は、生活に根ざしたスポーツのあり方を考えるうえで欠くことのできないものである。本講義では、まずその変遷を主に政策的な観点から説きおこし、現状および問題点の多面的な検討を通じて、これからのコミュニティスポーツのあり方を展望することにしたい。,わが国におけるコミュニティスポーツの変遷について政策的な観点から理解することができる。またコミュニティスポーツの現状および問題点に関する多面的な理解をもとに、これからのコミュニティスポーツのあり方について考えることができる。,各回の予習・復習には約90分～120分かかると想定されます。,"1:
第１回
授業ガイダンス
コミュニティとスポーツ
2:
第２回
コミュニティスポーツ政策とその変遷（１）
3:
第３回
コミュニティスポーツ政策とその変遷（２）
4:
第４回
海外のコミュニティスポーツ
5:
第５回
コミュニティスポーツの現状と問題点
6:
第６回
コミュニティスポーツと学校施設開放
7:
第７回
コミュニティにおけるスポーツプログラムの開発
8:
第８回
コミュニティスポーツにおける人材育成
9:
第９回
コミュニティにおける子どものスポーツ環境
10:
第10回
コミュニティスポーツの現場から特別講義（招へい講師を予定）
11:
第11回
コミュニティスポーツと総合型地域スポーツクラブ
12:
第12回
コミュニティスポーツ政策とその変遷（３）
13:
第13回
コミュニティスポーツとは何か
14:
第14回
理解度の確認",,日本体育・スポーツ経営学会編（２００４）テキスト総合型地域スポーツクラブ｛改訂版｝，大修館書店．,"割合
評価基準
試験:
50％
講義内容について理解しているか
レポート:
20％
レポート課題について的確に答えているか
平常点評価:
30％
出席点",,HSSP212L,健康／スポーツ科学,スポーツ教育,スポーツ教育学,中級レベル（発展・応用）,コース選択科目,２年以上,2,日本語,【対面】
2026,HSSP223L,スポーツ指導論,深見　英一郎,スポーツ,秋学期,木３時限,１００-４１０,本授業では、新しい時代にふさわしい優れたスポーツ指導者を育成するために必......,2000004410012026200000441020,,"本授業では、新しい時代にふさわしい優れたスポーツ指導者を育成するために必要な知識と技術を学ぶ。多様な体育・スポーツの世界で活躍する優れたスポーツ指導者の指導理論や指導方法に学びながら、
「どのような指導者が求められているのか」「どのような指導者でありたいか」について共に考え、
自身の理想的な指導者像を創造することを目指す。",本講義では、体育・スポーツの指導実践に必要な基礎的知識や効果的な指導技術、さらには評価のしかたについて理解を深めることを目的とする。,各回の予習・復習には約90分～120分かかると想定されます。,"1:
第１回　オリエンテーション　スポーツ指導者とは
本講義の目的と概要
2:
第２回　スポーツ指導者に求められる役割
スポーツの意義と価値、スポーツ指導者の役割、
学び続ける
スポーツ指導者、
スポーツ指導者の資質能力
3:
第３回　スポーツ指導者に求められる知識とスキル（１）
対自己力、多様な思考法、指導者のセルフコントロール、指導者のキャリアデザイン
4:
第４回　スポーツ指導者に求められる知識とスキル（２）
対他者力、コミュニケーションスキル、人的環境（関係者との信頼関係）の構築、プレーヤーのキャリアデザイン
5:
第５回　スポーツの意義と価値
スポーツ宣言日本、自発的な運動の楽しみを基調とする人類共通の文化、21世紀におけるスポーツの使命
6:
第６回　スポーツの自治
ガバナンスとコンプライアンス
7:
第７回　中間レポート
第1回〜6回の講義内容に関する振り返り
8:
第８回　スポーツのインテグリティ
スポーツの高潔さ・健全性、選手の品格、人間力なくして競技力向上なし
9:
第９回　スポーツ指導における医科学的知識
体力トレーニング、技術トレーニング、メンタルトレーニング、外傷・障害の予防、救急処置、スポーツと栄養
10:
第10回　スポーツ事故のリスクマネジメント
スポーツ指導者が負う注意義務と法的責任
11:
第11回　ジュニア期のスポーツ指導
子供の体力・運動能力、子供のスポーツライフ、ジュニア期におけるスポーツ指導の留意点と課題
12:
第12回　女性のスポーツ指導
女性アスリートの体、ジェンダー、スポーツ界における女性指導者の現状
13:
第13回　障がい者のスポーツ指導
障がい者の健康とスポーツ、体育や特別支援学級等における運動・スポーツのあり方、アダプテッドスポーツの現状と課題
14:
第14回　まとめ
総括ならびにレポート課題",必要に応じて資料等を配布します。,公認スポーツ指導者養成講習会テキスト「Reference Book」　公益財団法人　日本スポーツ協会、2019年,"割合
評価基準
レポート:
35％
・課題は、中間レポート（第7回）15％、期末レポート（第14回）20％の2回。
・講義内容の視点と絡めて深く理解し考察しているかどうかを評価する。
平常点評価:
65％
・授業の理解度及び授業を通して考えたことを確認するために、毎時間リアクションペーパーを評価する（5%×12回）。
・ディスカッションを含めた授業の中での積極性や勤勉性といった履修態度を評価する（5%）。","-------------------------------------------------------------
本科目はスポーツ科学部の「オリンピック・パラリンピック関連推奨科目」です。
授業内容の一部でオリンピックあるいはパラリンピックに関するテーマを扱います。
-------------------------------------------------------------",HSSP223L,健康／スポーツ科学,スポーツ教育,スポーツ教授学,中級レベル（発展・応用）,学部指定科目・コース指定科目以外のスポーツ科学部教職関連科目,２年以上,2,日本語,【対面】
2026,HSSA201S,測定評価演習,渡辺　英次,スポーツ,秋学期,金２時限,01:１００-２１１ 01:所沢陸上競技場 01:スポーツホール実習室１A 01:スポーツホール実習室１B 01:トレーニング室,本演習は、教員免許状取得希望者向けに設置されたものである。学校教育の現場......,2000004425012026200000442520,,"本演習は、教員免許状取得希望者向けに設置されたものである。学校教育の現場では、体力に関わる各種の測定とそれに基づく客観的な評価が求められる。本演習は、そうしたニーズに対応するため、主として保健体育の教科で必要な測定と評価を、（１）運動能力等に関わる領域、（２）体力に関わる領域、（３）身体計測、テスト開発に関わる領域の３群に分け、それぞれの群の実習を行う。また、測定機器も日々進化し、測定項目も多岐に渡っていることから、機器を使用した測定や競技種目特有の測定項目についても実習を行う。測定を通じて自身の体の変化に気づき、ライフスタイルを見つめ直し、改善の方向性を探求する姿勢を体得する。
授業計画は以下の通りであるが、履修者数や当日の天候等により柔軟に対応する。
※この科目は主として実践的な教育が行われる科目です。",・本演習では学校教育の現場で求められる体力に関わる各種の測定とそれに基づく客観的な評価について、正確にできるようになることを目指す。,次回授業で実施する測定方法を予習し、授業終了後は測定結果と正しい測定が行えたかどうかを検証すること。各回の予習・復習には約90分～120分かかると想定される。,"1:
第１回
オリエンテーション（授業の概要と進め方について説明）
【事前学習】シラバスを確認すること。
【事後学習】学修内容、取り組みを省察し、各自使用する用具、環境を確認すること。
2:
第２回
運動能力テスト種目の実施方法の説明および実技（歩行テスト）
【事前学習】歩行テストについて調べること。
【事後学習】学修内容、取り組みを省察し、自身がマネジメントする際にどのように行ったら良いか考察すること。
3:
第３回
運動能力テスト種目の実施方法の説明および実技（持久走、走り幅跳び、50ｍ走）
【事前学習】持久走、走り幅跳び、50ｍ走の測定方法について調べること。
【事後学習】学修内容、取り組みを省察し、自身がマネジメントする際にどのように行ったら良いか考察すること。
4:
第４回
運動能力テスト種目の実施方法の説明および実技（FR、全身反応時間、ハンドボール投げ）
【事前学習】
FR、全身反応時間、ハンドボール投げ
の測定方法について調べること。
【事後学習】学修内容、取り組みを省察し、自身がマネジメントする際にどのように行ったら良いか考察すること。
5:
第５回
レポート作成のための手順と統計処理について説明（レポート課題の提示および作成作業）
【事前学習】これまでの自身のデータを入力すること。
【事後学習】学修内容、取り組みを省察し、評価するポイントについて考察すること。
6:
第６回
レポート作成のための手順と統計処理について説明（
測定値の入力および作表作業）
【事前学習】クラスのデータを入力すること。
【事後学習】学修内容、取り組みを省察し、より良いフィードバックについて考察すること。
7:
第７回
新体力テストの実施方法の説明および実技（筋力・筋持久力・柔軟性・敏捷性）
【事前学習】新体力テストの実施方法について確認すること。
【事後学習】学修内容、取り組みを省察し、より準備、片付け、測定を効率よく行うためにはどのようにしたら良いのかを考察すること。
8:
第８回
新体力テストの説明及び実技（20ｍシャトルラン）
【事前学習】新体力テストの実施方法について確認すること。
【事後学習】学修内容、取り組みを省察し、測定を正確に行うためにするべきことを考察すること。
9:
第９回
レポート作成のための統計処理、分析および表とグラフの作成
（レポート課題の提示および作成作業）
【事前学習】新体力テストの評価基準について確認すること。
【事後学習】学修内容、取り組みを省察し、より良いフィードバックについて考察すること。
10:
第10回
体格・運動能力測定実習（スポーツ選手を対象とした測定）
【事前学習】いろいろな運動能力測定について調べること。
【事後学習】学修内容、取り組みを省察し、より良いフィードバックについて考察すること。
11:
第11回
体脂肪率を推定する（
キャリパー法、インピーダンス法）
【事前学習】体脂肪率の測定方法について調べること。
【事後学習】学修内容、取り組みを省察し、測定方法の長所と短所について考察すること。
12:
第12回
ソマトチャートを作成する（
マルチン式計測器による基本的な身体計測の手法を実践する）
【事前学習】ソマトチャートについて調べること。
【事後学習】学修内容、取り組みを省察し、自身のソマトチャートが正しいか考察すること。
13:
第13回
競技種目特有の測定や運動能力の測定におけるさまざまな評価方法について体験する
【事前学習】各自行っている競技の測定について調べること。
【事後学習】学修内容、取り組みを省察し、競技力向上のために必要な測定について考察すること。
14:
第14回
理解度チェック、
総復習（到達度の確認を含む）
【事前学習】これまで行ってきた取り組みについて復習すること。
【事後学習】これまでの学修内容、取り組みを省察し、理解度を確認すること。",,,"割合
評価基準
試験:
20％
Waseda Moodle上で理解度チェックを実施する。
レポート:
40％
３課題については、各領域にて提示する。５段階評価、Tスコアなどの統計処理やレーダーチャートなどの作図やフィードバックする際のコメントについて、正しく行えているかどうか、測定者としての視座を評価する。
平常点評価:
40％
各領域の測定に関して、準備から片付けまで、自発的かつ積極的に行動しているかを評価する。","・教育実習・就職活動・試合等の予定が入っており、証明書等が出ている場合は必ず本人が届け出ること。
・
WasedaMoodle
を使用します。
・大学の授業方針に従って、対面
-
オンライン等変更する可能性があります。
・出席を重視するが、単に参加するのではなく、積極的に授業に関わりを持つこと。
・競争のためのテストではないが、それぞれの実施において自己のベストを毎回出すことを心がけるとともに、周囲の状況を頭に入れて行動すること。",HSSA201S,健康／スポーツ科学,トレーナー,トレーナー,中級レベル（発展・応用）,コース基礎科目,２年以上,2,日本語,【対面】
2026,HSST346W,スポーツコーチング理論・実習I（サッカーC級）,堀野　博幸,スポーツ,秋学期,金１-２,01:東伏見サッカ―場 01:79-304講義室,スポーツ方法実習Ⅰ・Ⅱやこれまでのサッカー活動で習得した基本的な技術と戦術......,2000004436012026200000443620,,"スポーツ方法実習Ⅰ・Ⅱやこれまでのサッカー活動で習得した基本的な技術と戦術をもとに、サッカーのコーチング法を習得することを目的とする。
授業では、学校や地域クラブでサッカー指導に携わることを想定し、受講生が交代に指導者の立場となり、サッカーのコーチング法について理解を深めていく。サッカーのコーチング法については、日本サッカー協会の実施する指導者養成講習会（C級コーチ）とリンクして同ライセンスの取得を可能にしている（授業への全出席が必須条件）。本授業では、指導者の意識と立場を自覚し、真摯な取り組みが必要不可欠となる（これらを理解し実践できない場合は、到達基準に達しないと考えられることに留意ください）。
また本授業では、コーチング法の習得に止まらず、コーチとして必要な能力の開発を目指す。そのため、地域の指導者講習会への見学（実技参加）と分析により、実際に現場で指導されているコーチの皆さんとの協働経験が必須となる。",サッカーのコーチングに関する知識を習得し、実践的コーチング能力を確立する。,各回の予習・復習は、シラバスを参照のうえ各自で行うととする。,"1:
テーマ１
ガイダンス
2:
テーマ２
実技：ゲーム
3:
テーマ３
振り返り
4:
テーマ４
分析①
5:
テーマ５
実技：テクニック①
6:
テーマ６
振り返り
7:
テーマ７
分析②
8:
テーマ８
実技：テクニック②
9:
テーマ９
振り返り
10:
テーマ１０
戦術①
11:
テーマ１１
実技：戦術①
12:
テーマ１２
地域の指導者講習会への参加と分析①
13:
テーマ１３
戦術②
14:
テーマ１４
実技：戦術②
15:
テーマ１５
地域の指導者講習会への参加と分析②
16:
テーマ１６
プランニング
17:
テーマ１７
実技：プランニング
18:
テーマ１８
実践ガイダンス
19:
テーマ１９
グループワーク
20:
テーマ２０
コーチング
21:
テーマ２１
実技：コーチング
22:
テーマ２２
地域の指導者講習会への参加と分析③
23:
テーマ２３
指導実践
24:
テーマ２４
指導実践
25:
テーマ２５
指導現場の見学と分析
26:
テーマ２６
指導現場の見学と分析
27:
テーマ２７
テスト
28:
テーマ２８
コーチングに関わる諸問題（招聘講師予定）",日本サッカー協会公認C級コーチ指導教本（日本サッカー協会）,トップパフォーマンスへの挑戦（スポーツ科学学術院編監修、2007、ベースボールマガジン社）,"割合
評価基準
試験:
30％
筆記テストを評価する
レポート:
20％
課題レポートを評価する
平常点評価:
50％
授業への取り組みと指導実践を評価する。指導者の意識と立場を自覚し、真摯な取り組みが必要不可欠となる（これらを理解し実践できない場合は、到達基準に達しないと考えられることに留意ください）。","本授業は、公認資格取得の前提条件となっているため、全ての授業に出席することを原則とします。また受講生としてではなく、スポーツコーチとしての心構えや行動が必要となります。「授業時のプレーや課題への主体的・積極的取り組み」が必須となります。それらの心構えが持てない場合は、授業の到達目標に達しないと判断される場合がありますので留意ください。地域の指導者講習会の見学は、12月から1月の週末になる予定です（詳細は授業時に共有します）。
授業に関する連絡は、Waseda Moodleを通じて行いますので、定期的にWaseda Moodleを確認してください。またスポーツコーチングコース選択科目の「スポーツコーチング論（サッカーC級）」を同時履修することが必要となるため、本授業単独での履修はできません。
スポーツ方法実習Ⅰ・Ⅱ（サッカー）の未履修者で本授業受講を希望する場合は、必ず担当教員に相談し、承諾を受けたうえで科目登録を行ってください。",HSST346W,健康／スポーツ科学,スポーツコーチング,トップスポーツコーチング,上級レベル,コース選択科目,２年以上,4,日本語,【対面】
2026,HSSP101L,学校体育経営学,朝倉　雅史,スポーツ,秋学期,無フルOD,-,体育・スポーツ経営についての理解をもとにして，その理論が実際に生かされる学......,2000004479012026200000447920,,体育・スポーツ経営についての理解をもとにして，その理論が実際に生かされる学校体育経営の実践について講義する．特に，「学校体育」の特徴と課題を調査データなどからつかみ，体育授業や運動部活動といった具体的な体育事業の運営方法について学ぶ．,学校体育がかかえている課題について学ぶ中で，学校体育の在り方を「経営」の視点から検討していく必要性を理解する．すなわち、学校体育が抱えている課題について述べられること，さらに教科体育と運動部活動の経営を営むための目標と計画を立てられるようになることを目指す。,各回の予習・復習には約90分～120分かかると想定している。,"1:
第１回
オリエンテーション：授業の進め方，講義内容，評価方法，受講上の注意
2:
第２回
体育経営についての基本的な理論
3:
第３回
体育・スポーツに関わる経営学的視点の有効性
4:
第４回
体育経営の構造と各種体育事業
5:
第５回
現代社会と学校体育
6:
第６回
学校体育経営の目標・方針
7:
第７回
学校体育における全体計画
8:
第８回
学校経営組織と学校体育経営組織
9:
第９回
学校体育経営における体育科教員の役割
10:
第10回
学校体育経営組織における諸問題
11:
第11回
教科体育経営における年間計画の意義
12:
第12回
教科体育の年間計画作成
13:
第13回
運動部活動の計画と運営
14:
第14回
運動部活動に関する経営計画の必要性",テキストは指定せず、毎回配付する資料（講義ノート）をもとに授業を進めていく。,"柳沢和雄・木村和彦・清水紀宏編著『テキスト体育・スポーツ経営学講義』（大修館書店、2017年）
そのほかの参考文献は、適宜、講義内で紹介する",①講義を踏まえてコメントを記入する課題を各回の授業で出題します（コメント課題）。②授業内で学んだ内容を理解しているかどうかを確認する課題を授業期間中に３回程度出します（理解度確認課題）。全授業終了後、③最終課題を出題します。①～③を加算した点数をもとに評価をします。それぞれの配分は①30点 ②30点、③40点の計100点です。60点以上を合格とします（ただし、③最終レポートを提出しない場合は評価の対象とせず「不可」とします。,,HSSP101L,健康／スポーツ科学,スポーツ教育,スポーツ教育,初級レベル（入門・導入）,学部指定科目・コース指定科目以外のスポーツ科学部教職関連科目,２年以上,2,日本語,【オンライン】フルオンデマンド
2026,HSSP101L,保健科授業研究,岡崎　勝博,スポーツ,秋学期,金４時限,１００-１１６,中学校及び高等学校の「保健授業づくり」について学びます。特に保健授業を構......,2000004489012026200000448920,,"中学校及び高等学校の「保健授業づくり」について学びます。特に保健授業を構成する教育目標論、内容論、教材論、教授行為論などを考慮した授業づくりとその実践（模擬授業）により、保健科教育学の基礎的概念について理解を深めます。
中学校及び高等学校での実務経験を生かして教科の理解及び授業づくりの方法、生徒理解について指導します。",保健の授業づくりと模擬授業を通して、保健科の目標論、内容論、教材論、教授行為論の必要性について理解し、授業づくりにおける基礎的な知識・技能、能力の習得をめざします。,各回の予習・復習には約90分～120分かかると想定されます。,"1:
第１回
優れた保健授業とは－保健科の目標論、内容論、教材論、教授行為論
2:
第２回
授業づくりの問題領域　教材概念についての理解(1)
3:
第３回
教材概念についての理解(2)
4:
第４回
初級編授業づくり(1) 教科書内容の整理
5:
第５回
初級編授業づくり(2) 内容の具体化作業
6:
第６回
初級編授業づくり(3) 生徒理解、重点内容（教師の願い）、内容展開
7:
第７回
初級編授業づくり(4) 指導案の作成　内容の教材化と教授行為
8:
第８回
模擬授業とその分析（ワークショップ）
9:
第９回
模擬授業とその分析（ワークショップ）
10:
第10回
模擬授業とその分析（ワークショップ）
11:
第11回
模擬授業とその分析（ワークショップ）
12:
第12回
模擬授業の分析とステップ・アップの方法
13:
第13回
中級編授業づくりの方法　教材づくりのステップ・アップ
14:
第14回
上級編授業づくりの方法　保健科の学力論「生活と科学の結合」",保健科教育学会編：「保健科教育法入門」大修館書店、2017,"「中学校学習指導要領（平成29年告示）解説：保健体育編」、東山書房、2018年
「高等学校学習指導要領（平成30年告示）解説　保健体育編」、東山書房、2019年","割合
評価基準
レポート:
60％
模擬授業指導案と模擬授業実施後のリフレクション提出。修正指導案（1時間分）の提出
平常点評価:
20％
授業時の学習課題により授業の理解度を確認します。
その他:
20％
模擬授業への取り組み、実施態度について評価します。",本授業は、保健体育の教職をめざしている受講生を対象に行います。,HSSP101L,健康／スポーツ科学,スポーツ教育,スポーツ教育,初級レベル（入門・導入）,学部指定科目・コース指定科目以外のスポーツ科学部教職関連科目,２年以上,2,日本語,【対面】
2026,HSST242L,トップスポーツコーチング論,奥野　景介／礒　繁雄／射手矢　岬／太田　章／欠畑　岳／倉石　平／藤田　善也,スポーツ,秋学期,火３時限,１００-２０５,トップスポーツを構成する中のコーチングに視点をおき、 コーチングの機能や......,2000004505012026200000450520,,"トップスポーツを構成する中のコーチングに視点をおき、 コーチングの機能やコーチングシステム等に関して理解を深める。
特に、競技力向上のためのコーチングや選手育成のための環境の中のコーチング等を事例をもとに展開する。
授業方法は、対面式とするが、受講者数および社会情勢によってオンライン（ライブまたはオンデマンド）の実施になる可能性もある。",コーチングにおける、技術・プラン・効果等を理解し、スポーツ場面で展開できる能力を高める。,各回の予習・復習には約90分～120分かかると想定されます。,"1:
第１回
オリエンテーション（礒、倉石、奥野）
2:
第２回
トレーニングの計画と分離（奥野）
3:
第３回
実践で用いられるトレーニングの課題とパフォーマンス向上（奥野）
4:
第４回
技術トレーニングとコーチング（藤田）
5:
第５回
体力トレーニングとコーチング（射手矢）
6:
第６回
技術体力の強化プラン（礒）
7:
第７回
技術導入の事例報告（礒）
8:
第８回
トップアスリートを対象としているコーチの実践報告（奥野、招聘講師予定）
9:
第９回
戦術トレーニングとコーチング（欠畑）
10:
第10回
戦略及びゲームプランの立案（太田）
11:
第11回
スポーツ情報（倉石）
12:
第12回
チームマネジメント（倉石）
13:
第13回
ハイパフォーマンススポーツにおける今日的コーチング（奥野）
14:
第14回
到達度の講評（礒、倉石、奥野）",・トップパフォーマンスへの挑戦（ベースボールマガジン社）,随時指示します,"割合
評価基準
平常点評価:
40％
出席及びレビューシートの記述
その他:
60％
到達度の確認とリポート",,HSST242L,健康／スポーツ科学,スポーツコーチング,トップスポーツコーチング,中級レベル（発展・応用）,コース選択科目,２年以上,2,日本語,【対面】
2026,HSST253S,アスリート実習II（インターナショナル）,堀野　博幸,スポーツ,秋学期,無フルOD,-,アスリートにとって、日本代表強化合宿（国内・外）、ユニバーシアード大会、......,2000004560012026200000456020,,"アスリートにとって、日本代表強化合宿（国内・外）、ユニバーシアード大会、アジア大会、世界選手権大会、オリンピック大会などへの参加は、まさに心技体を総合的に高める「トップパフォーマンス構築」の場といえる。また国際大会での活動を通して、「日本代表としての誇り」や「海外で闘うために何が必要か」を率直に感じとることだろう。
本授業では、学内授業では得難いこれら「国際大会」への出場機会や日本代表としての活動を積極的に評価し、自己の競技力向上に向けての方向性を見出すことを目的とする。また、同様の経験を持つトップアスリート達と交流し、ディスカッションを行うことにより、新たな視点を開発することを目指す。",ディスカッションを通じたロジカルコミュニケーション能力の開発と、トップパフォーマンス構築へのロードマップの作成。,各自の活動においては、事前にプランニング（「目標設定と目標達成に向けたロードマップ作り」）、事後の振り返り（プラン検証と次のステップへの戦略作り）を、各自で行いプレゼンの資料蓄積をしてください。またプレゼンの資料作成の際には、あらかじめ各自の活動における指導者とディスカッションを行い、その結果を内容に加えてください。,"1:
第１回
ガイダンス：Waseda Moodleによるオンデマンド授業
2:
第２回
アスリート実習（各自フィールドでの活動）
3:
第３回
アスリート実習（各自フィールドでの活動）
4:
第４回
アスリート実習（各自フィールドでの活動）
5:
第５回
アスリート実習（各自フィールドでの活動）
6:
第６回
アスリート実習（各自フィールドでの活動）
7:
第７回
アスリート実習（各自フィールドでの活動）
8:
第８回
アスリート実習（各自フィールドでの活動）
9:
第９回
アスリート実習（各自フィールドでの活動）
10:
第10回
アスリート実習（各自フィールドでの活動）
11:
第11回
アスリート実習（各自フィールドでの活動）
12:
第12回
プレゼン＆ディスカッション（集合ディスカッションもしくは個別ディスカッション）
13:
第13回
プレゼン＆ディスカッション、レポート提出（集合ディスカッションもしくは個別ディスカッション）
14:
第14回
コーチングに関わる諸問題（招聘講師予定）",,トップパフォーマンスへの挑戦（スポーツ科学学術院編監修、2007、ベースボールマガジン社）,"割合
評価基準
レポート:
50％
レポートによる評価
平常点評価:
50％
平常点による評価","「履修要件」
日本代表選手・候補選手及びそれに準ずる者で、国際大会への参加者（履修要件の事前確認あり：この条件を満たさない場合は、履修できません）。
授業はオンデマンド講義の中で、履修者がプレゼンとディスカッションを行う。
積極的かつ有意義なディスカッションを実現するため、国際経験を持つトップアスリートの積極的参加を求めたい。　また授業に関する連絡は、Waseda Moodleを通じて行いますので、定期的にWaseda Moodleを確認してください。
シラバスと授業動画の内容に差異がある場合は、すべてシラバスが優先となりますので、シラバスを熟読ください。
＊「履修要件の事前確認の手続きを熟読ください。",HSST253S,健康／スポーツ科学,スポーツコーチング,エリートコーチング,中級レベル（発展・応用）,コース選択科目,２年以上,1,日本語,【オンライン】フルオンデマンド
2026,HSST281L,コーチング心理学,堀野　博幸,スポーツ,秋学期,無フルOD,-,スポーツパフォーマンスは、技術・体力・戦術要因から構成される。そして、心......,2000004565012026200000456520,,スポーツパフォーマンスは、技術・体力・戦術要因から構成される。そして、心理要因が、それら３つの要素を総合的に支えている。本講義では、アスリートとコーチを中心として、コーチングプロセスに関与する人間の心理的課題を考察する。スポーツフィールドで発生する様々な心理的問題を取り上げ、その問題の本質を精査し、その問題解決の方向性について、受講生のフィールドワーク・プレゼンテーション＆ディスカッションを通して検討する。,コーチングフィールドにおける諸課題の理解と改善アプローチへの理論的接近。,各回の予習・復習は、シラバスの内容を参照のうえ、各自で行うこととします。,"1:
テーマ１：ガイダンス・コーチングに必要な心理学
コーチングに必要な「心理学」とは？
2:
テーマ２：コーチとして必要な「こころ」と「スキル」
コーチとして必要な「こころ」と「スキル」とは？
3:
テーマ３：コーチングと心理学の背景理論
経験を「実践知」に高めるためには？
4:
テーマ４：コーチングの技法：「学習理論」と「自己決定理論」を手掛かりに
コーチングの「具体的技法」とは？
5:
テーマ５：モチベーション・マネジメント：動機づけを高めるコーチング
「モチベーションを高める」ためには？
6:
テーマ６：実力発揮に必要な「こころの力」：動機づけ・覚醒水準・パーソナリティ・自己効力感を手掛かりに
大切な場面で「実力を発揮」するには？
7:
テーマ７：折れないこころ：「ハーディネス」と「レジリエンス」を手掛かりに
「逆境」とともに成長するには？
8:
テーマ８：スポーツを通じたキャリア形成：「デュアル・キャリア」
アスリートとコーチが「やりがいのある人生」を送るためには？
9:
テーマ９：アスリート、そして社会人として活躍するために：「ライフスキル」
スポーツを「意味あるもの」にするためには？
10:
テーマ１０：コーチング・フィロソフィー：指導哲学・理念と指導観
「コーチとして最も大切なもの」とは？
11:
テーマ１１：現場で活躍する指導者の分析と考察①：ガイダンス
テーマ説明と質的データ分析の手法
12:
テーマ１２：現場で活躍する指導者の分析と考察②：「文献」からの分析
書籍からの分析＆レポート作成準備
13:
テーマ１３：現場で活躍する指導者の分析と考察②：「語り」からの分析 、まとめ、レポート作成と提出
インタビューからの分析＆レポート作成と提出、まとめ
14:
テーマ１４：特別講義
コーチングに関わる諸問題（招聘講師予定）",特になし,スポーツ心理学ハンドブック,"割合
評価基準
レポート:
50％
課題レポートを評価する
平常点評価:
50％
プレゼンテーションと授業への取り組みを評価する","本講義は、フルオンデマンド形式となります。各回（テーマ）講義の視聴期間は原則として１週間です。視聴期間の延長は行いませんので、設定期限に留意し計画的にWaseda Moodleにて受講してください。出席（レビューシート含む）が2/3に満たない場合は、成績評価の対象となりません（F判定となります）ので留意ください。またレポートの提出状況や出席状況の確認、成績評価の変更要望に関する個人的な問い合わせメッセージには対応できません。
シラバスと授業動画の内容に差異がある場合は、すべてシラバスが優先となりますので、シラバスを熟読ください。",HSST281L,健康／スポーツ科学,スポーツコーチング,コーチング心理学,中級レベル（発展・応用）,コース選択科目,２年以上,2,日本語,【オンライン】フルオンデマンド
2026,HSST261L,スポーツ技術・戦術論（陸上競技）,礒　繁雄,スポーツ,秋学期,月１時限,１００-４０３,陸上競技種目は、多くの種目により構成されている。そのため、個々の種目に対......,2000004580012026200000458020,,"陸上競技種目は、多くの種目により構成されている。そのため、個々の種目に対するルールは共通性を持ちつつ、相違点は存在する。
この講義は、各種目の研究成果から技術導入の視点や計画及び勝敗のための戦術について着目し科学と現状との構成で講義する。
また、陸上競技以外の種目でも共通する技術視点等も導入する。",陸上競技は、身体移動または物体移動に対する記録や距離で評価を得る。当然、各種目の技術の理解やトレーニング法、また勝敗に対する戦術の理解を深めることは重要であるが、これらの視点を個々のスポーツ種目に応用できる思考を育成することを目指している。,教材によって、映像やルールブック、専門書等の事前・事後学習を必要とする場合はある。,"1:
第１回
授業概要の説明及び評価等を講義し個々の質問に対応する
2:
第２回
陸上競技・走、跳、投種目のルール説明と技術の共通または特徴を示す
3:
第３回
重力による身体移動と物体投射の原理と力の伝達を明らかにする
4:
第４回
力伝達の視点から「歩き」「走る」「跳ぶ」を科学する
5:
第５回
競争による「協応動作」の原理と戦術的な活用を示す
6:
第６回
「跳ぶ」種目と「走る」・「投げる」の技術の類似点を探る
7:
第７回
シューズの違いによる技術の変化を力曲線とｹｶﾞから明らかにする
8:
第８回
走・跳・投の運動学的分類を考える。身体移動か物体移動の戦略を示す
9:
第９回
跳躍種目・投擲種目の技術視点と身体負荷増大の局面を科学で明らかにする
10:
第10回
競歩技術を生活の中の急歩に取り入れる戦術を示す
11:
第11回
箱根駅伝の歴史と戦術
12:
第12回
招聘講師・身体移動とトレーニング視点等
13:
第13回
陸上競技等の技術・戦術等の提供や組織構成をグロｰバルな視点で示し今後の日本を推測する
14:
第14回
陸上競技障がい者種目と一般種目の現状を示す。半期のまとめ",随時指示します,随時指示します,"割合
評価基準
試験:
授業内評価
レポート:
50％
課題設定
平常点評価:
50％
出席等",,HSST261L,健康／スポーツ科学,スポーツコーチング,スポーツ技術・戦術,中級レベル（発展・応用）,コース選択科目,２年以上,2,日本語,【対面】
2026,HSST261L,スポーツ技術・戦術論（体操競技）,土屋　純,スポーツ,秋学期,無フルOD,-,日本が国際舞台で活躍できるスポーツはそれほど多くはないが、体操競技はその......,2000004592012026200000459220,,"日本が国際舞台で活躍できるスポーツはそれほど多くはないが、体操競技はその代表的な種目である。
本講義では、国際的な体操競技の歴史、日本における体操競技の歴史、体操競技の競技力向上策における技術・戦術・戦略の内容、現在の体操競技のトレーニング方法、体操競技の審判方法、学校体育の器械運動の教材の指導方法について取り上げる。
本講義はオンデマンドでおこなう。",体操競技の体操競技の歴史、体操競技の競技力向上策における技術・戦術・戦略の内容、現在の体操競技のトレーニング方法、体操競技の審判方法、学校体育の器械運動の教材の指導方法を理解し、適切な指導ができるようになる。,各回の予習・復習には約90分～120分かかると想定されます。,"1:
第１回
ガイダンス
2:
第２回
国際的な体操競技の歴史
3:
第３回
日本における体操競技の歴史
4:
第４回
競技規則と採点規則
5:
第５回
採点の実際
6:
第６回
体操競技の競技特性と技術の発展
7:
第７回
器械運動の教材とその指導－マット運動①
8:
第８回
器械運動の教材とその指導－マット運動②
9:
第９回
器械運動の教材とその指導－跳び箱運動－
10:
第10回
器械運動の教材とその指導－鉄棒運動－
11:
第11回
体操競技のバイオメカニクス
12:
第12回
体操競技の体力トレーニング
13:
第13回
体操競技の一貫指導
14:
第14回
到達度の確認",なし,なし,"割合
評価基準
レポート:
70％
第14回授業時にレポート課題を提示する。
平常点評価:
30％
コンテンツの視聴状況を評価する。各授業回のすべてのコンテンツの95%以上視聴を必須とし、それ以下の場合には欠席として扱う。14回の講義のうち、欠席が4回以上の場合には単位の認定はなされない。","本授業が対象とするのは以下のいずれかに当てはまるような学生諸君である。
・体操競技のトレーニングを実際に行っている者
・体操競技のトレーニングを過去に行ったことがある者
・将来体操競技の指導者を目指す者
・教員として器械運動を適切に指導できることを目指す者",HSST261L,健康／スポーツ科学,スポーツコーチング,スポーツ技術・戦術,中級レベル（発展・応用）,コース選択科目,２年以上,2,日本語,【オンライン】フルオンデマンド
2026,HSST261L,スポーツ技術・戦術論（レスリング）,太田　章,スポーツ,秋学期,火２時限,１００-２０１,世界のレスリング競技における日本の競技力パフォーマンスは、トップレベルと......,2000004596012026200000459620,競技としてのレスリングを理解しよう？！,世界のレスリング競技における日本の競技力パフォーマンスは、トップレベルといえる。それは、近年の女子選手の五輪、世界選手権などの試合結果からも容易に判断できるし、男子選手においては歴代の五輪の金メダル総数20個以上がそれを示している。しかし近年のレスリング方法には技術、戦術的能力の分析研究が不可欠である。本授業では、レスリング競技の技術、戦術について、歴史的変遷を検証しながら、選手に必要とされる、技術、戦術について分析し、様々な角度からレスリングを考察する。さらに、世界の最新のレスリングの戦術を取り上げ検証することで、今後のレスリングの戦術、戦略の進化を考察し、日本のレスリングが進むべき方向性を考察したい。,競技としてのレスリングが理解できるようになる。レスリングの歴史も、わかるようになる。,各回の予習・復習には約90分～120分かかると想定されます。,"1:
第１回
授業方法のガイダンス、様々なレスリングの試合の説明する。
2:
第２回
世界のトップレスラーの研究１、1970年代
3:
第３回
世界のトップレスラーの研究２、1980年代
4:
第４回
世界のトップレスラーの研究３、1990年代
5:
第５回
世界のトップレスラーの研究４、2000年代
6:
第６回
全日本選手権研究１、チャンピオン研究
7:
第７回
全日本選手権研究２、チャンピオン研究
8:
第８回
全日本選手権研究３、チャンピオン研究
9:
第９回
今年の欧州選手権研究
10:
第10回
今年の全米選手権研究
11:
第11回
今年の世界選手権展望１
12:
第12回
今年の世界選手権展望２
13:
第13回
今年の世界選手権展望３
14:
第14回
分析研究、まとめ、いろいろなレスリングの動画を見てみる。",,コピーで配布予定。,"割合
評価基準
レポート:
50％
毎回レポート提出。
平常点評価:
50％
出席点重視。",,HSST261L,健康／スポーツ科学,スポーツコーチング,スポーツ技術・戦術,中級レベル（発展・応用）,コース選択科目,２年以上,2,日本語,【対面】
2026,HSST261L,スポーツ技術・戦術論（ダンス）,杉山　千鶴,スポーツ,秋学期,水３時限,１００-２０５,本講義では、ダンス作品ならびにこれを担うダンサーにまつわる問題として、技術......,2000004598012026200000459820,,"本講義では、ダンス作品ならびにこれを担うダンサーにまつわる問題として、技術、リスク、表現、美術について、具体的事例（映像・画像）を活用しながら講義する。
このうち技術に関しては、確立した技法と様式による長い歴史を有し、洋舞の多くのジャンルにおいてトレーニングの基礎と位置づけられているバレエに特化するが、必要に応じて様々なジャンル（モダンダンス、民俗芸能）についても触れる。
身体への意識、そして身体操作がいかに行われるのかを理解するとともに、翻っては自身の身体活動を改めて見つめる。",①自身の身体への理解の深化,"事前学習：ダンサーの身体や身体操作に関する動画の視聴（10分以内のものが多いので、複数の視聴が望ましい。30分程度）
事後学習：授業内で紹介した参考文献や動画に触れる（60分～90分程度）","1:
第１回：ガイダンス
ガイダンス
2:
第２回：技術の変遷
宮廷バレエ、ロマンティック・バレエ、クラシック・バレエを対象に、「踊る」から「見せる」へ、そしてそれぞれにおける技術の特性と形式の確立について、そしてこれらが時代状況を反映していることについて講義する。
3:
第３回：レッスン①
バレエのレッスンとはどのようなものか。
その目的、頻度、開始時期等について、またこのレッスンを通して身体に刷り込まれる「見せる」ための三大原則についても講義する。
またダンサーは「レッスン」「稽古」をいかに語っているのか、バレエに限らず歌舞伎や日本舞踊等にも対象を広げて紹介する。
4:
第４回：レッスン②
バレエのレッスンで行われる各動作について詳細にみていく。
これらの動作を通して、身体という素材がいかに作り上げられるのかを考える。
5:
第５回：立つ
バレエやこれを基本に用いる洋舞において、最も基本的であり、なおかつその獲得の容易ではない立位姿勢について、これがいかに作られるのか（アラインメント）について講義する。
6:
第６回：軸と重心
立位姿勢を作る時にはもちろん、あらゆる動作において有することと保持が不可欠となる「軸」と「重心」について、その必要性と効用について講義する。これらはバレエに限らず、モダンダンスや民俗芸能においても重視されるため、バレエ以外にも具体的事例を求める。
7:
第７回：まわる
バレエにおける回転動作について、そのメカニズムを講義する。具体的事例としてピルエット・アン・デオールpirouette en dehors、フェッテ・アン・トゥールナンfouette en tournantを取り上げて検討する。
8:
第８回：とぶ
バレエにおける跳躍動作について、そのメカニズムを講義する。具体的事例としてシソンヌsissonne、トゥール・アン・レールtour en l'aitを取り上げて、検討する。
9:
第９回：下肢の挙上にみるバランス
前方、後方、側方へのそれぞれの方向への下肢の挙上におけるメカニズムについて講義する。具体的事例としてアラベスク、アティテュードを取り上げて、検討する。またバランスを保つ時のみならず全ての動作において関連する呼吸についても触れる。
10:
第10回：ダンサーのリスク①
ダンサーはアーティストかつアスリートであるという二面性を有する。ここではアスリートとしての側面に注目し、ダンサーの置かれている状況、身体特性、怪我の特性について講義する。
11:
第11回：ダンサーのリスク②
ダンサーと指導者双方にとってのリスク・マネジメントについて講義する。
12:
第12回：表現を考える
ダンサーの2つの側面のうち、アーティストとしての側面に注目する。
表現とは何か、表現を創出する感性について、また加齢について講義する。
また広く表現についての語りを紹介し、ダンサー等演者にとって表現とは何かを考える。
13:
第13回：美術と空間
舞台という空間上で、舞踊作品の世界を創る要素として、舞台装置、小道具、衣装、照明などの美術効果や映像やライブ演奏とのコラボレーションについて、具体的事例を取り上げながら講義する。
14:
第14回：理解度の確認
本講義の内容に対する理解度を確認するため、教場で試験を行う。",特になし,海野敏『バレエの世界史－美を追求する舞踊の600年』（中央公論新社、2023年）,"割合
評価基準
試験:
35％
第14回目に実施する、理解度を確認するための試験による。
レポート:
15％
随時のリアクションペーパー
平常点評価:
50％
毎回の授業における参加状況と取り組み姿勢
その他:
0％
特になし","１．本講義はダンスに特化した技術・戦術論であるが、こと身体操作に関しては、多様な身体活動と共通する部分が多い。各自の携わるジャンルを問わず、本講義の内容を自らの活動に活用することを強く望む。
２．初回授業時（ガイダンス）に欠席した者は、Waseda Moodleからガイダンス資料をダウンロードし、熟読すること。
事情により、授業計画に変更の生じることがある。その際は、Waseda Moodleを通じて周知する。",HSST261L,健康／スポーツ科学,スポーツコーチング,スポーツ技術・戦術,中級レベル（発展・応用）,コース選択科目,２年以上,2,日本語,【対面】
2026,HSST245L,パラスポーツ指導論・実習（パラスポーツ指導員）,礒　繁雄,スポーツ,秋学期,水２時限,01:１００-１１２ 01:所沢陸上競技場,健常者のスポーツ参加から障がい者に至るスポーツ参加の実践的学習を行う。 ......,2000004605012026200000460520,,"健常者のスポーツ参加から障がい者に至るスポーツ参加の実践的学習を行う。
特に、初めてスポーツに参加する障がい者に対し、スポーツの喜びや楽しさを重視したスポーツの導入を支援できる技能と知識を深める。
また、単位取得者は希望により「初級パラスポーツ指導員」の資格取得申請が可能である。
なお、この科目は講義と実践を複合的に構成しているため、オンライン映像配信による予習復習が行う場合がある。",健常者が出来る障がい者への支援方法や視点を理解するとともに実践出来る技能を高める。,実技・講義内容によっては、映像や文献・本の事前・事後学習が必要な場合がある。,"1:
第１回
オリエンテーション・パラスポーツの意義と理念
2:
第２回
パラアスリートに対する安全管理と指導員の資質視点を伝える
3:
第３回
各障がいのスポーツ指導上の留意点と工夫・障がい分類と指導視点
4:
第４回
視覚障がい者の体験と補助法を実践する
5:
第５回
車いす操作と補助方法の取得を導く
6:
第６回
全国障がい者スポーツ大会の概要と参加者の分類、コミニュケーションスキルの基礎
7:
第７回
車いすバスケットボールのルール説明と実践①
8:
第８回
車いすバスケットボールのルール説明と実践及び補助方法と試合実施
9:
第９回
各障がいの理解・身体や知的障がいと精神障がいへの現状
10:
第10回
ボッチャのルール説明と実践
11:
第11回
障がい者スポーツに関する諸施策、スポーツ参加推進への取り組み
12:
第12回
招聘講師：パラアスリートの現
13:
第13回
様々なパラ種目の説明と可能な範囲での実践
14:
第14回
半期のまとめ、初級パラスポーツ指導者申請の説明",障がい者スポーツ指導教本　初級・中級（ぎょうせい）　（財）日本障がい者協会　編,随時指示します,"割合
評価基準
試験:
20％
授業内評価
レポート:
20％
課題設定
平常点評価:
60％
出席等",,HSST245L,健康／スポーツ科学,スポーツコーチング,トップスポーツコーチング,中級レベル（発展・応用）,コース選択科目,２年以上,1,日本語,【対面】
2026,HSST254S,アスリートマネジメント実習,堀野　博幸／松藤　貴秋／欠畑　岳／奥野　景介,スポーツ,秋学期,火１時限,01:東伏見ｽﾎﾟｰﾂﾎｰﾙ（1F アリーナ） 01:79-401講義室,「アスリート」が競技活動を行っていく、あるいは「コーチ」や「アナリスト」......,2000004610012026200000461020,,"「アスリート」が競技活動を行っていく、あるいは「コーチ」や「アナリスト」として「アスリート」と協働していくうえで、それぞれには実際に直面する様々な事象に対応することが求められている。競技パフォーマンス向上にとどまらず、「アスリート」・「コーチ」・「アナリスト」の三者が協働の中で成長を遂げ、スポーツの価値を最大化していくためには、スポーツを取り巻く環境に対応する方法とスキルを習得することが重要となる。
本授業では、講義と実習を織り交ぜながら、三者の協働の中やアントラージュ（
競技環境整備やアスリートのパフォーマンス最大化を支援する関係者
）との連携協力体制の構築に必要とされる自他のマネジメント能力の開発を目指す。
なお、授業計画は状況に応じて変更する可能性がある。","授業の到達目標とテーマ
１） 対自分力（セルフマネジメント能力）の習得
２） 対他者力（多様なコミュニケーション能力）の習得
３） チームビルディング（リーダー＆フォロワーシップ）の実践
４） 実践知の言語化",各回の予習・復習には約90分～120分かかると想定されます。,"1:
テーマ１：ガイダンス・アスリートを取り巻く環境
ガイダンス・アスリートを取り巻く環境（堀野・欠畑）
2:
テーマ２：対自分力、多様な思考法
対自分力、多様な思考法（欠畑）
3:
テーマ３：セルフ・コントロール，ファシリテーション
セルフ・コントロール，ファシリテーション（欠畑）
4:
テーマ４：パフォーマンスを高めるためのコミュニケーション
パフォーマンスを高めるためのコミュニケーション（欠畑）
5:
テーマ５：対他者力，コミュニケーションスキル
対他者力，コミュニケーションスキル（奥野）
6:
テーマ６：人的環境（関係者との信頼関係）の構築
人的環境（関係者との信頼関係）の構築（奥野）
7:
テーマ７：ディスカッション，振り返りのスキル
ディスカッション，振り返りのスキル（奥野）
8:
テーマ８：リーダーシップ・フォロワーシップ実習①
リーダーシップ・フォロワーシップ実習①（堀野・松藤）
9:
テーマ９：リーダーシップ・フォロワーシップ実習②
リーダーシップ・フォロワーシップ実習②（松藤）
10:
テーマ１０：チームビルディング実習①
チームビルディング実習①（松藤）
11:
テーマ１１：チームビルディング実習②
チームビルディング実習②（松藤）
12:
テーマ１２：実習振り返り
実習振り返り（松藤）
13:
テーマ１３：アスリートマネジメントの諸問題
アスリートマネジメントの諸問題：招聘講師
（堀野・松藤）
14:
テーマ１４：まとめ・レポート提出
まとめ・レポート提出（欠畑・堀野）",必要に応じて資料等を配布する。,"リファレンスブック（日本スポーツ協会）
トップパフォーマンスへの挑戦（ベースボールマガジン社）
コーチのためのトレーニングの科学（大修館書店）
スポーツ・コーチング学（西村書店）","割合
評価基準
レポート:
50％
課題レポートまたは発表による評価
平常点評価:
50％
出欠とレビューシートを含む授業への取り組み",本授業は、実習形式で進めるため、原則全ての授業に出席をするようにしてください。,HSST254S,健康／スポーツ科学,スポーツコーチング,エリートコーチング,中級レベル（発展・応用）,コース選択科目,２年以上,2,日本語,【対面】
2026,HSST103O,スポーツコーチング論（サッカーC級）,堀野　博幸,スポーツ,秋学期,無フルOD,-,サッカーのコーチング能力の養成を目的とし、日本サッカー協会（JFA）公認C級......,2000004625012026200000462520,,"サッカーのコーチング能力の養成を目的とし、日本サッカー協会（JFA）公認C級コーチ資格取得に際し必要となるサッカーのコーチングに関する理論部分の習得を目指す。スポーツコーチング実習（サッカーC級）と同時履修することで、JFA公認C級コーチ資格取得が可能となる。
授業はフルオンデマンド形態で行い、試験のみ教場にて行う（日時と場所はWaseda Moodleにて連絡します）。「メディカル」と「サッカーの競技精神」は、JFAのオンラインコンつに振り返る予定です。授業時のアナウンスに留意ください。",サッカーのコーチングに関する知識を習得し、実践的コーチング能力を確立する。,各回の予習・復習は、シラバスを参照のうえ各自で行うこととする。,"1:
テーマ１
ガイダンス
2:
テーマ２
分析①
3:
テーマ３
分析②
4:
テーマ４
戦術①
5:
テーマ５
戦術②
6:
テーマ６
GK
7:
テーマ７
プラニング
8:
テーマ８
実践ガイダンス
9:
テーマ９
コーチング
10:
テーマ１０
発育発達と一貫指導
11:
テーマ１１
サッカーの競技精神
12:
テーマ１２
チームマネジメント
13:
テーマ１３
メディカル
14:
テーマ１４
コーチングに関わる諸問題（招聘講師予定）",日本サッカー協会公認C級コーチ指導教本（日本サッカー協会）,トップパフォーマンスへの挑戦（ベースボールマガジン社）,"割合
評価基準
試験:
50％
講義と実技内容
レポート:
30％
設定課題
平常点評価:
20％
取り組み
その他:
0％
なし","本講義は、スポーツコーチングコース選択科目の「スポーツコーチング理論・実習Ⅰ（サッカーＣ級）」を同時履修することが必要となるため、本授業単独での履修はできません。
本講義は、Waseda Moodleによるオンデマンド授業で行い、試験のみ教場（「スポーツコーチング理論・実習Ⅰ（サッカーＣ級）」の時間）で実施します。
この授業では、公認資格取得の前提条件となっているため、全ての授業に出席することを原則とする。各回（テーマ）講義の視聴期間は原則として１週間です。視聴期間の延長は行いませんので、設定期限に留意し計画的にWaseda Moodleにて受講してください。出席（レビューシート含む）が2/3に満たない場合は、成績評価の対象となりません（F判定となります）ので留意ください。またレポートの提出状況や出席状況の確認、成績評価の変更要望に関する個人的な問い合わせメッセージには対応できません。
授業に関する連絡は、Waseda Moodleを通じて行いますので、定期的にWaseda Moodleを確認してください。",HSST103O,健康／スポーツ科学,スポーツコーチング,スポーツコーチング,初級レベル（入門・導入）,コース選択科目,２年以上,2,日本語,【オンライン】フルオンデマンド
2026,HSST346W,スポーツコーチング理論・実習II（陸上競技）,礒　繁雄,スポーツ,集中講義（秋学期）,無その他,-,この科目は、陸上競技種目を指導する際に教育的指導に加えて生涯学習的な広域......,2000004630012026200000463020,,"この科目は、陸上競技種目を指導する際に教育的指導に加えて生涯学習的な広域な年齢や技術の違いを総合的に導ける技術・技能を学習する。さらに、走・跳・投の技術や体力づくりを他の競技種目に応用できる指導力も養う。
特に、陸上競技の専門的な指導力を要求するため、陸上競技経験の中の熟練者を受講の対象としている。",学校体育の領域を超えた年齢や技術・技能を高める視点やその技術導入と科学的背景を実践と集団討議等を実践できることと高度な陸上競技種目の指導能力を養うことを目標とする。,各回の予習・復習には約90分～120分かかると想定されます。,"1:
第１回
小学生や児童に対する走・跳・投の楽しみと安全管理を実践する
2:
第２回
小学生や児童に走りの「ピッチ」「ストライド」を感じさせ、技術向上を目指す
3:
第３回
小学生や児童に身体操作や巧緻性等を個別または集団に伝達する
4:
第４回
中学生以上に、50m走の速度変化と主観的努力度(100%･90%･80%)の違いにより「ピッチ」「ストライド」の変化をデータと共に伝達する
5:
第５回
中学生以上に、上方または前方への助走と跳躍のリズムの違いを伝達し、出来栄えを確認する
6:
第６回
中学生以上に、投擲の回転投げの原理と体幹との連動を分習法を用いて伝達する
7:
第７回
リレー競技のルールを説明し、5人以上のチームでバトン練習を行わせる
8:
第８回
リレー競技会を実施する
9:
第９回
球技種目等に対する短距離走の理論解説と実践方法を伝達する
10:
第10回
球技種目等に対する長距離走の理論解説と実践方法を伝達する
11:
第11回
サッカー、野球、バスケットボールの「投げ」局面の技術を陸上競技種目の視点から伝達する
12:
第12回
パラスポーツの競技場面または視聴にて、補助者視点から競技運営や個々の技術を探りまとめる
13:
第13回
実践した指導法に対して、クラブスポーツへの導入として口頭発表する
14:
第14回
半期のまとめ","トップパフォーマンスへの挑戦
体育会力
障がい者スポーツへの手引き",,"割合
評価基準
試験:
20％
指導方法や実践の上達度を評価する
レポート:
10％
指導実践の内容を報告する
平常点評価:
70％
授業課題に対する実践内容を評価する","「集中講義日程」はスポーツ科学部Webサイトで確認すること。
https://www.waseda.jp/fsps/sps/students-2/registration/",HSST346W,健康／スポーツ科学,スポーツコーチング,トップスポーツコーチング,上級レベル,コース選択科目,２年以上,2,日本語,【対面】
2026,HSST143S,スポーツコーチング理論・実習II（水泳）,奥野　景介,スポーツ,秋学期,水５時限,所沢アクア・アリーナ,本授業は、水泳を通して、基礎的運動能力（平衡性、巧緻性及び全身持久力性）を......,2000004644012026200000464420,,"本授業は、水泳を通して、基礎的運動能力（平衡性、巧緻性及び全身持久力性）を養い、心身の不調（ストレス）に対応できる能力を養い、走・跳・投と並び必要な体力要素である泳力を向上させ、運動原理の理解を深めるようアプローチする。
また、本授業の受講生は、コーチング理論・実習Iで養った指導能力をさらに向上させるために、より専門的な理論を学び、同時に高度な実習を行う。
各種泳法の基礎技術および実践技術のコーチング理論およびトレーニング法についての専門的な知識を付与する。
対象者への指導の状況を知ることによって、指導実習能力を向上させ、講義を通じて水泳のコーチングに関する専門的な知識を深める。
また、１４回の実技のうち１０回程度は所沢市総合型地域スポーツクラブが主催するジュニア水泳教室の指導を補助することによって、指導実習能力を付与する。同教室は、近隣の小学生男女約
20
名を対象とし て、
10
回程度開講する予定であり、同教室における各班の到達目標に応じて指導を展開する。対象種目はクロール、平泳ぎ、背泳ぎ、バタフライの４泳法を中心に行う。本授業の受講生は、それぞれの班に数名の補助指導員としてあたり、指導の補助的な役割を担うとともに、水泳における基本的な技能の指導方法を身につけることが望まれる。
授業計画等の詳細はガイダンス時に説明する。",水泳のコーチングに関する専門的な知識を身につける。,各回の予習・復習には約90分～120分かかると想定されます。,"1:
第１回
ガイダンス　本講義の目的と概要の説明
2:
第２回　後期水泳教室１
クロールのコーチングに関する知識を学ぶ
3:
第３回　後期水泳教室２
クロールの指導法およびトレーニング法を学ぶ
4:
第４回　後期水泳教室３
平泳ぎのコーチングに関する知識を学ぶ
5:
第５回　後期水泳教室４
平泳ぎの指導法およびトレーニング法を学ぶ
6:
第６回　後期水泳教室５
背泳ぎのコーチングに関する知識を学ぶ
7:
第７回　後期水泳教室６
背泳ぎの指導法およびトレーニング法を学ぶ
8:
第８回　後期水泳教室７
バタフライのコーチングに関する知識を学ぶ
9:
第９回　後期水泳教室８
バタフライの指導法およびトレーニング法を学ぶ
10:
第10回　後期水泳教室９
個人メドレーのコーチングに関する知識を学ぶ
11:
第11回　後期水泳教室９
個人メドレーの指導法およびトレーニング法を学ぶ１
12:
第12回　後期水泳教室１０
個人メドレーの指導法およびトレーニング法を学ぶ２
13:
第13回
スタート、ターンの指導法およびトレーニング法を学ぶ
14:
第14回
トレーニング計画の立案、評価に関する知識","水泳コーチ教本（大修館書店）
水泳指導教本（大修館書店）
DVD完全レッスン！水泳４泳法（日本文芸社）
5つのチカラで強くなる 水泳のメザトレ! （高橋書店）
DVDで差がつく！競泳　バタフライ　タイムを縮める50のコツ（メイツ出版）","だれでもどこでも泳げるようになる! 水泳大全 （東洋館出版社）
水泳レベルアップシリーズ　クロール（ベースボールマガジン社）
水泳レベルアップシリーズ　背泳ぎ（ベースボールマガジン社）
水泳レベルアップシリーズ　平泳ぎ（ベースボールマガジン社）
水泳レベルアップシリーズ　バタフライ（ベースボールマガジン社）","割合
評価基準
レポート:
70％
各回のレポート課題の出来によって評価する。
平常点評価:
30％
出席点にて評価する。出席１回につき２点、遅刻・見学は１点、欠席は０点とする。
授業態度について評価する。
コーチング理論およびトレーニング法に関する理解度を評価する。",,HSST143S,健康／スポーツ科学,スポーツコーチング,トップスポーツコーチング,初級レベル（入門・導入）,コース選択科目,２年以上,2,日本語,【対面】
2026,HSST101L,アスリートサポート論,藤田　善也,スポーツ,秋学期,金１時限,１００-１１９,スポーツ競技やスポーツ選手に関する様々なデータを収集して分析することは、選......,2000004660012026200000466020,,"スポーツ競技やスポーツ選手に関する様々なデータを収集して分析することは、選手のトレーニングやコーチングにとって有益な情報となる。本講義では、スポーツアナリストの立場から個人スポーツとチームスポーツで用いられるデータの収集、分析、活用方法について紹介する。
本講義で得られた基本的な知識をもとに、アスリートサポート実習において具体的なデータの収集、分析、活用方法を学ぶ。",スポーツの現場で活用されているデータの収集、分析、活用方法を理解し、トレーニングやコーチングに活かすためのデータの取り扱いに関する基礎的な知識を習得すること,各回の予習・復習は、シラバスの内容を参照のうえ、各自で行うこととします。,"1:
第１回
ガイダンス（藤田）
2:
第２回
アスリートをサポートするための準備（藤田）
3:
第３回
記録系スポーツのサポート①「生理学的視点からのサポート①」（藤田）
4:
第４回
記録系スポーツのサポート②「生理学的視点からのサポート②」（藤田）
5:
第５回
記録系スポーツのサポート③「生理学的視点からのサポート③」（藤田）
6:
第６回
記録系スポーツのサポート③「バイオメカニクス的視点からのサポート①」（藤田）
7:
第７回
記録系スポーツのサポート④「バイオメカニクス的視点からのサポート②」（藤田）
8:
第８回
球技系スポーツのサポート①（松井）
9:
第９回
球技系スポーツのサポート②（松井）
10:
第10回
球技系スポーツのサポート③（松井）
11:
第11回
球技系スポーツのサポート④（松井）
12:
第12回
球技系スポーツのサポート⑤（松井）
13:
第13回
球技系スポーツのサポート⑥（松井）
14:
第14回
到達度の確認（松井）",,必要に応じて資料を配布する。,"割合
評価基準
試験:
50％
授業時に試験を実施し、理解度の確認を行う。
平常点評価:
50％
授業への参加度を評価する。",,HSST101L,健康／スポーツ科学,スポーツコーチング,スポーツコーチング,初級レベル（入門・導入）,コース選択科目,２年以上,2,日本語,【対面】
2026,HSST201W,ジュニアスポーツ指導論・実習（ジュニアスポーツ指導員）,藤田　善也,スポーツ,秋学期,木１時限,01:１００-１１１ 01:スポーツホール実習室１A 01:スポーツホール実習室１B,本授業では、ジュニア期の発育発達に応じた運動遊びやスポーツ指導を行うために......,2000004666012026200000466620,,"本授業では、ジュニア期の発育発達に応じた運動遊びやスポーツ指導を行うために必要な知識と指導方法を習得することを目的とする。授業は、日本スポーツ協会公認ジュニアスポーツ指導員の資格取得をめざし、資格認定に必要な内容で構成され理論と実習の両方が含まれる。
本授業の単位を取得し、検定試験に合格し、所定の手続きを済ませることによって、希望者は日本スポーツ協会公認ジュニアスポーツ指導員資格を取得することができる。",地域スポーツクラブ等において、幼・少期の子どもたちに遊びを通した身体づくり、動きづくりの指導を行うための知識と実践能力を身につける。,各回の予習・復習には約90分～120分かかると想定されます。,"1:
第１回
オリエンテーション、子どもとスポーツ
2:
第２回
子どものスポーツ指導
3:
第３回
ジュニアスポーツのコーチング
4:
第４回
ジュニア期の身体と動きの発達
5:
第５回
女性とスポーツ
6:
第６回
運動遊びの展開例とスポーツ指導
7:
第７回
アイスブレイクと運動遊びのアレンジ
8:
第８回
年齢、体力に応じた指導
9:
第９回
指導プログラムの作成
10:
第１０回
指導実践
11:
第１１回
指導実践
12:
第１２回
指導実践
13:
第１３回
指導内容の評価
14:
第１４回
到達度の確認（検定試験）",（著）公益財団法人日本スポーツ協会「公認ジュニアスポーツ指導員専門科目テキスト紙版」,,"割合
評価基準
試験:
50％
検定試験を評価する。
平常点評価:
50％
授業への取り組みと指導実践を評価する。","・日本スポーツ協会公認ジュニアスポーツ指導員の資格取得希望者は、専門科目検定試験料と検定試験合格後の資格登録料が必要になる。
・試験結果に問わず検定試験受験から1年以内に、共通科目Iの指定3科目の単位取得および免除適応コース共通科目I・専門科目の受講完了申請が必要になる。",HSST201W,健康／スポーツ科学,スポーツコーチング,スポーツコーチング,中級レベル（発展・応用）,コース選択科目,２年以上,2,日本語,【対面】ハイブリッド（対面回数半数以上）
2026,HSSC241L,日本スポーツ文化論,坂上　康博,スポーツ,秋クォーター,金３時限,79-201講義室,この授業では、日本のスポーツ文化に関する専門的な知識の修得よりも、私たち自......,2000004811012026200000481120,日本人のスポーツ観をとらえ直す,"この授業では、日本のスポーツ文化に関する専門的な知識の修得よりも、私たち自身のスポーツ観をとらえ
直すこと、それに必要な
視点や文化の価値や意味を問うクリティカルシンキングを身につける
ことをめざす。そのため、日本人のスポーツ観を、日本の社会や歴史の大きな流れの中から、あるいは外国との比較などによって、今までとちがった角度からとらえ直してみたい。また、
グループワーク等を通して、建設的および探究的な議論をするための受信力、思考力、発信力等を鍛えることをめざす。","目標①：授業に参加し、講義の中で提起された問題について思考し、議論することを通して、自分の抱いているスポーツ観を客観的に見つめることができるようになること。
目標②：レポートの作成により、テーマの設定、方法の模索、資料の収集などを体験するとともに、スポーツ研究の楽しさを知ること。",毎回の授業で提起された問題について、それをめぐってなされた議論や講義内容等を振り返り、自分自身の見解をまとめ直すこと。参考文献を読むこと。,"1:
第１回
オリエンテーション＆母国からみた世界のスポーツと日本
2:
第２回
教科書の中のスポーツ
3:
第３回
スポーツマンガの変化を追う（１）
4:
第４回
スポーツマンガの変化を追う（２）
5:
第５回
海外
か
らみた日本のスポーツ
6:
第６回
変化する日本のスポーツ
7:
第７回
スポーツの感動―その根源を探る",,坂上康博・中房敏朗・石井昌幸・高嶋航編『スポーツの世界史』一色出版、2018年,"割合
評価基準
レポート:
44％
①自分が立てた問いが面白いと思う理由が明確か、、②問いや仮説の裏付けとなる資料や文献等が何で、それらをどうやって探し出したのかが明示されているか、③仮説に説得力があるか、④自分の意見と文献やAIの回答等からの引用、この２つが明確に区別されて書かれているか、⑤Chat GPT等のＡＩを有効かつ批判的に活用しているか。
平常点評価:
56％
授業中に提起された問題について、講義内容やグループワーク等をふまえつつ、指定された字数以上で、自分自身の見解が述べられているか。",,HSSC241L,健康／スポーツ科学,スポーツ文化,舞踊,中級レベル（発展・応用）,コース選択科目,２年以上,1,日本語,【対面】
2026,HSSB244L,スポーツツーリズム論,木村　和彦,スポーツ,秋学期,水２時限,79-205大教室,本授業では、新たなスポーツ産業として台頭し、海外のスポーツマネジメント関......,2000004820012026200000482020,,本授業では、新たなスポーツ産業として台頭し、海外のスポーツマネジメント関連の専門課程やコースにおいてもとりあげられるようになってきている「スポーツツーリズム」について、我が国のデータや事例に基づき再構築しようとする。具体的には、VTRなどの豊富な視聴覚資料を用いながら、ツーリズムの概念、スポーツツーリズムの概念や構成要素、スポーツツーリズムの歴史、スポーツとツーリズムの影響関係、スポーツツーリストの行動、スポーツツーリズムのインパクト、スポーツツーリズムのマーケティング、旅行業とスポーツツーリズム、スポーツツーリズムの現状と今後の展望などについて論じる。,スポーツ・ヘルスツーリズムの概念や構成要素、スポーツ・ヘルス、ツーリズムの歴史、スポーツとツーリズムの影響関係、スポーツ・ヘルスツーリズムの現状と課題について理解し、我が国および国際的なスポーツツーリズムの今後の発展方向について考えることができる。,各回の予習・復習には約90分～120分かかると想定されます。,"1:
第１回
スポーツとツーリズムの関係
2:
第２回
ツーリズムの歴史的発展
3:
第３回
スポーツ・ヘルスツーリズムの概念と現状
4:
第４回
スポーツ・ヘルスツーリズムの対象と事例
5:
第５回
スポーツ・ヘルスツーリズムにおける観光行動
6:
第６回
旅行業とスポーツ・ヘルスツーリズム
7:
第７回
スポーツ・ヘルスツーリズムの影響
8:
第８回
スポーツ・ヘルスツーリズムのマーケティング
9:
第９回
スポーツ・ヘルスツーリズムと地域振興
10:
第10回
スポーツ・ヘルスツーリズムの現状と課題①
11:
第11回
スポーツ・ヘルスツーリズムの現状と課題②
12:
第12回
国際市場におけるスポーツ・ヘルスツーリズム
13:
第13回
スポーツ・ヘルスツーリズムの将来
14:
第14回
スポーツ・ヘルスツーリズムの研究動向",原田宗彦・木村和彦編著「スポーツ・ヘルスツーリズム」（大修館書店）,J. Standeven＆P. Deknop “Sport Tourism”,"割合
評価基準
試験:
70％
試験による評価
平常点評価:
30％
平常点による評価。毎時間に授業に対する質問、意見や感想を書いてもらいます。",,HSSB244L,健康／スポーツ科学,スポーツビジネス,スポーツビジネスマネジメント,中級レベル（発展・応用）,コース選択科目,２年以上,2,日本語,【対面】ハイブリッド（対面回数半数以上）
2026,HSSB243L,スポーツデザインマネジメント論,上林　功,スポーツ,秋学期,月２時限,79-501講義室,本講義は、スポーツを「測る／比べる」という根源的行為から捉え直し、する・み......,2000004824012026200000482420,,"本講義は、スポーツを「測る／比べる」という根源的行為から捉え直し、する・みる・支えるスポーツのすべてを対象に、スポーツを設計・運営するための思考法と実践を学ぶ演習型科目である。
スポーツビジネス、消費者行動、スポーツ政策など既存のスポーツマネジメント領域を、評価軸のデザインという共通視点から再構成し、スポーツを身体性メディア、コミュニティメディア、さらには多主体が価値を共創するプラットフォームとして理解する。観察・分析・演習を通じて、スポーツの新しい捉え方と可能性を探究する。","・スポーツを「測る／比べる」という視点から構造的に説明できる
・する・みる・支えるスポーツに共通する評価軸とその社会的意味を理解できる
・観察や演習を通じて、スポーツの測定・比較の枠組みを再設計できる
・スポーツをコミュニティや社会に実装するための基礎的なデザイン思考を身につける",各回の予習・復習には約90分～120分かかると想定されます。,"1:
第１回（10/05）
ガイダンス：スポーツを「測る／比べる」で捉え直す
2:
第２回（10/12）
スポーツの定義と歴史：測定と比較の制度としてのスポーツ
3:
第３回（10/19）
するスポーツ①：身体は何を測られているのか
4:
第４回（10/26）
するスポーツ②：測り方を変えると競技はどう変わるか
5:
第５回（11/02）
みるスポーツ①：観戦体験は何を比べているのか
6:
第６回（11/09）
みるスポーツ②：データと演出のデザイン
7:
第７回（11/16）
支えるスポーツ①：スポーツマネジメントと評価軸
8:
第８回（11/23）
支えるスポーツ②：測る／比べるをどうマネジメントするか
9:
第９回（11/30）
測定のデザイン：指標は何を生み出すのか
10:
第10回（12/07）
比較のデザイン：勝敗を超える評価軸
11:
第11回（12/14）
スポーツのメディア性：身体性メディアとしてのスポーツ
12:
第12回（12/21）
スポーツのプラットフォーム性：コミュニティを生む仕組み
13:
第13回（1/18）
最終演習：スポーツデザイン・マネジメント案のグループ発表
14:
第14回（1/25）
まとめと振り返り：スポーツを設計する視点の獲得",,"１．スポーツ共創ワークブック（2019）　スポーツ庁HPにて公開されている公表資料
２．トップスポーツビジネスの最前線―早稲田大学講義録〈2003〉　平田 竹男/中村 好男【編著】　友人社","割合
評価基準
平常点評価:
100％
基本的に講義形式なので、出席率とグループワークの内容と貢献度によって評価する。","スポーツ共創ワークブック：
https://www.mext.go.jp/sports/b_menu/sports/mcatetop05/list/detail/1415532.htm
スポつく～スポーツ共創WEBサイト～：
https://spotsuku.jp/about",HSSB243L,健康／スポーツ科学,スポーツビジネス,スポーツビジネスマネジメント,中級レベル（発展・応用）,コース選択科目,２年以上,2,日本語,【オンライン】リアルタイム配信
2026,HSSP241L,精神保健概論　02,福田　一彦,スポーツ,秋学期,無フルOD,-,精神保健について理解するための基礎として脳と神経系についての概説および、......,2000004830022026200000483020,ヒトの精神健康とその背景のメカニズムなどを学ぶ,精神保健について理解するための基礎として脳と神経系についての概説および、遺伝と環境についての概説を行う。その後、教育現場での重要な問題の一つである不登校の問題について、その概念と生体リズムとの関連を中心に講義を行い、精神障害に頻発する睡眠障害を切り口として精神障害についての概説を行う。この授業はオンデマンドとして行うが、評価は、毎回の授業中に行う小テストの結果をもとに行う。小テストには期限があり、それを過ぎた場合には、その回の点数は0点となるので気をつけること。,精神保健の基礎となる脳と神経系についての基礎知識の修得と、遺伝と環境、不登校、精神障害など教育現場で児童・生徒を理解する際の基礎となる知識の修得と理解が達成できているかを授業の達成目標とする。,事前に配布される授業の資料に目を通して授業の概略について把握しておくこと。また、授業中に追加された情報や資料だけでは理解しにくい詳細な点について、授業終了後に復習を行うこと。毎回行う小テストには、授業の資料や授業中に解説した範囲から必ず出題するので、授業を休まず、事前事後学習を行うこと。,"1:
第１回/イントロダクション（本講義の目的、および心という概念についてデータを基に解説する）
イントロダクション/（こころはどこにあるのか。心身二元論と心身一元論。「こころ」という概念を濫用することの危険性について。）
2:
第２回/脳と神経系（１）
脳と神経系（１）/（脳は何を行っているのか。脳の構造について。神経系の発生について。）
3:
第３回/脳と神経系（２）
脳と神経系（２）/（ニューロンの構造と機能。）
4:
第４回/遺伝と環境（１）
遺伝と環境（１）/（知能とはなにか。構成概念の問題点。）
5:
第５回/遺伝と環境（２）
遺伝と環境（２）/（双生児研究法について。双生児とは。分離双生児研究。一卵性双生児と二卵性双生児の比較。）
6:
第６回/遺伝と環境（３）
遺伝と環境（３）/（様々な知的能力。知能は遺伝するか。性格は遺伝するのか。）
7:
第７回/攻撃性と怒り（１）
攻撃性と怒り（１）/（スタンフォード模擬刑務所実験。攻撃性は学習されるのか。）
8:
第８回/攻撃性と怒り（２）（前半のまとめと小テスト）
攻撃性と怒り（２）/（攻撃性の生物学的基礎。フィネアス・ゲイジの事故。衝動性抑制と前頭前野。怒りの体験と怒りの表出。偽の怒り（Sham Rage）。）前半の内容のまとめと小テスト
9:
第９回/不登校（１）
不登校（１）/（不登校とは何か。学校恐怖症。登校拒否。不登校。学校嫌い。概念の混乱の背景。）
10:
第10回/不登校（２）
不登校（２）/（不登校と睡眠。不登校の付随症状と睡眠リズム。不登校の長期化と睡眠リズム。）
11:
第11回/精神健康と眠り（１）
精神健康と眠り（１）/（サーカディアンリズムの基礎。睡眠の長さとリズム。）
12:
第12回/精神健康と眠り（２）
精神健康と眠り（２）/（サーカディアンリズムの障害と健康。サーカディアンリズムと温度と光。）
13:
第13回/精神障害について（１）
精神障害について（１）/（精神障害の治療の歴史。DSMとICDについて。）
14:
第14回/精神障害について（２）
精神障害について（２）/（器質性障害、神経症、精神病などについて）",教科書は特にもちいません。授業で使用した資料はWaseda Moodle経由で配布します。,,"割合
評価基準
試験:
100％
毎回のオンデマンド授業中に行う小テストの結果によって評価する。小テストには約1週間の期限を設けているため、その期限を過ぎた場合、その回の得点は0点となるので気をつけること。",授業の進度・受講者の理解度などによって、各回の内容がシラバスとは多少異なることがありうる。,HSSP241L,健康／スポーツ科学,スポーツ教育,保健,中級レベル（発展・応用）,学部指定科目・コース指定科目以外のスポーツ科学部教職関連科目,２年以上,2,日本語,【オンライン】フルオンデマンド
2026,HSSP242L,学校保健　02,渡邉　正樹,スポーツ,秋学期,水２時限,１０１-３０２,この講義では、子どもの心身の発育・発達を踏まえて、疾病や傷害を防止し、健......,2000004832022026200000483220,,この講義では、子どもの心身の発育・発達を踏まえて、疾病や傷害を防止し、健康の維持・増進のために必要となる学校保健の基礎・基本を学ぶ。,子どもの病気や傷害の基礎を理解することはもちろんのこと、教員として多様な健康問題にいつでも適切に対応できるようになる。,事前・事後学習には60分程度必要とする。毎回の学習内容については授業時に指示する。,"1:
第１回
学校保健の意義、学校保健の法的根拠、学校保健の担当者
2:
第２回
子どもの健康評価、発育・発達
3:
第３回
学校における健康診断
4:
第４回
子どもの疾病：慢性疾患
5:
第５回
子どもの疾病：アレルギー疾患
6:
第６回
子どもの疾病：感染症
7:
第７回
子どもの疾病：新型コロナウイルス感染症
8:
第８回
学校で留意すべき健康問題：思春期と性
9:
第９回
子どもの問題行動と精神疾患、健康相談と健康観察
10:
第10回
学校安全と危機管理
11:
第11回
学校事故対応と応急手当
12:
第12回
学校環境衛生
13:
第13回
保健教育
14:
第14回
学校保健組織活動",,j授業中に随時提示する。,"割合
評価基準
レポート:
70％
最終レポート
平常点評価:
30％
授業内レポート等
その他:
欠席回数が1/3を超えた場合は評価対象としない（公欠は除く）。",連絡事項はWaseda Moodleで知らせるので，授業前には必ず確認すること。,HSSP242L,健康／スポーツ科学,スポーツ教育,保健,中級レベル（発展・応用）,学部指定科目・コース指定科目以外のスポーツ科学部教職関連科目,２年以上,2,日本語,【対面】
2026,HSSA325W,コンディショニング実習　02,土黒　秀則,スポーツ,秋学期,火３時限,スポーツホール実習室２,この科目は当該授業内容に関する実務の経験を有する教員等がその実務経験を活か......,2000004838022026200000483820,,"この科目は当該授業内容に関する実務の経験を有する教員等がその実務経験を活かして講義等を行う科目です。
人は非対称の構造体のため必然的に筋力や可動性などに左右差および拮抗差を有しています。これらの差を改善しないままスクワットやベンチプレスなどの両側性（両脚、両腕）、片側性（片脚、片腕）そして交互でのトレーニングは更に差を広げて、結果ケガのリスクを高めパフォーマンス低下にも繋がります。そのためトレーニング前、練習前に差を改善するコレクティブ（矯正）アプローチが必須となります。
講師はAT（アスレティックトレーナー）資格、治療系国家資格を有していますので、授業内容はコンディショニングの目的である「傷害予防」および「パフォーマンスアップ」に繋がるコレクティブアプローチを中心にコンディショニング実習を行なっていきます。
部活等のスポーツ現場で実践していくことで現状よりもケガのリスクを下げ、パフォーマンスアップが期待できます。","授業を通してコンディショニングの「理論」を理解し、それに基づいた「実技」が行えるようになる。
そして自身のスポーツ活動に活かしてもらいケガの予防、パフォーマンスアップに繋げて欲しい。","事前学習は各授業の後半に次回の授業概要を説明するので、次回の授業までにクラブ活動、サークル活動などを通して事前に実際に実技として行ってもらいたい。時間は30分程度かかると想定されます。
事後学習は授業内容を自身のスポーツ活動である練習、トレーニングに取り入れてもらいたい。時間は30分〜60分かかると想定されます。","1:
第１回
オリエンテーション
（本講義の目的と概要）／
本講義の目的と概要について説明します。
2:
第２回
筋肉のインバランス（左右差および拮抗差）を改善するためのコレクティブ（矯正）アプローチの理論と実践
／コレクティブアプローチ１「インバランス改善①
下肢筋力＜左右差＞」
3:
第３回
コレクティブアプローチ２「インバランス改善②
下肢筋力＜拮抗差＞」
4:
第４回
コレクティブアプローチ３「インバランス改善③
上肢筋力＜左右差＞」
5:
第５回
コレクティブアプローチ４「インバランス改善④
上肢筋力＜拮抗差＞」
6:
第６回
呼吸アプローチの理論と実践（
DNS
理論、
PRI
理論）／呼吸運動の機能解剖学を知り、正しい呼吸運動をマスターして横隔膜および骨盤底筋の機能を改善して体幹力（腹腔内圧）アップを行いことでケガの予防（特に腰痛）、パフォーマンスアップに繋げていきます。
7:
第７回
体幹トレーニングの理論と実践／ケガの予防（特に腰痛）、パフォーマンスアップに繋げる正しい体幹トレーニングの実践
8:
第８回
ウォーミングアップ（動的ストレッチング）の実践を通して「身体の効率の良い動かし方（＝重心操作）」を学びます。
9:
第９回
ジャンプ・トレーニング実技１（下肢のプライオメトリックス：パワートレーニング）
10:
第10回
ジャンプ・トレーニング実技２（下肢のプライオメトリックス：パワートレーニング）
11:
第11回
メディシンボール・トレーニング実技（上肢のプライオメトリックス：パワートレーニング）
12:
第12回
バランストレーニング実技１（スタビリティ・トレーニング）
13:
第13回
バランストレーニング実技１（バランスボール・トレーニング）
14:
第14回
総復習／総合的に復習を行います。",毎回、講師が作成したパワーポイントの配布資料（プリント）配布を行う。,ストレングス＆コンディショニングⅡエクササイズ編（NSCAジャパン編集）　大修館書店,"割合
評価基準
試験:
0％
試験は行いません。実習授業なので毎回の「到達度の確認」で評価します。
レポート:
10％
適宜必要な場合に適応します。
平常点評価:
70％
出席回数、学習意欲（実習への取り組み）などを評価します。
その他:
20％
授業内におけるグループワークでの実技発表の内容について評価します。","最終授業の際に総論としてまとめの授業を行い、全体に対するフィードバックを行う。
授業の出席状況に関して「試合」、「体験実習」等は出席扱いとして考慮します。",HSSA325W,健康／スポーツ科学,トレーナー,コンディショニング,上級レベル,コース選択科目,２年以上,1,日本語,【対面】
2026,HSSA325W,コンディショニング実習　04,土黒　秀則,スポーツ,秋学期,火４時限,スポーツホール実習室２,この科目は当該授業内容に関する実務の経験を有する教員等がその実務経験を活か......,2000004838042026200000483820,,"この科目は当該授業内容に関する実務の経験を有する教員等がその実務経験を活かして講義等を行う科目です。
人は非対称の構造体のため必然的に筋力や可動性などに左右差および拮抗差を有しています。これらの差を改善しないままスクワットやベンチプレスなどの両側性（両脚、両腕）、片側性（片脚、片腕）そして交互でのトレーニングは更に差を広げて、結果ケガのリスクを高めパフォーマンス低下にも繋がります。そのためトレーニング前、練習前に差を改善するコレクティブ（矯正）アプローチが必須となります。
講師はAT（アスレティックトレーナー）資格、治療系国家資格を有していますので、授業内容はコンディショニングの目的である「傷害予防」および「パフォーマンスアップ」に繋がるコレクティブアプローチを中心にコンディショニング実習を行なっていきます。
部活等のスポーツ現場で実践していくことで現状よりもケガのリスクを下げ、パフォーマンスアップが期待できます。","授業を通してコンディショニングの「理論」を理解し、それに基づいた「実技」が行えるようになる。
そして自身のスポーツ活動に活かしてもらいケガの予防、パフォーマンスアップに繋げて欲しい。","事前学習は各授業の後半に次回の授業概要を説明するので、次回の授業までにクラブ活動、サークル活動などを通して事前に実際に実技として行ってもらいたい。時間は30分程度かかると想定されます。
事後学習は授業内容を自身のスポーツ活動である練習、トレーニングに取り入れてもらいたい。時間は30分〜60分かかると想定されます。","1:
第１回
オリエンテーション
（本講義の目的と概要）／
本講義の目的と概要について説明します。
2:
第２回
筋肉のインバランス（左右差および拮抗差）を改善するためのコレクティブ（矯正）アプローチの理論と実践
／コレクティブアプローチ１「インバランス改善①
下肢筋力＜左右差＞」
3:
第３回
コレクティブアプローチ２「インバランス改善②
下肢筋力＜拮抗差＞」
4:
第４回
コレクティブアプローチ３「インバランス改善③
上肢筋力＜左右差＞」
5:
第５回
コレクティブアプローチ４「インバランス改善④
上肢筋力＜拮抗差＞」
6:
第６回
呼吸アプローチの理論と実践（
DNS
理論、
PRI
理論）／呼吸運動の機能解剖学を知り、正しい呼吸運動をマスターして横隔膜および骨盤底筋の機能を改善して体幹力（腹腔内圧）アップを行いことでケガの予防（特に腰痛）、パフォーマンスアップに繋げていきます。
7:
第７回
体幹トレーニングの理論と実践／ケガの予防（特に腰痛）、パフォーマンスアップに繋げる正しい体幹トレーニングの実践
8:
第８回
ウォーミングアップ（動的ストレッチング）の実践を通して「身体の効率の良い動かし方（＝重心操作）」を学びます。
9:
第９回
ジャンプ・トレーニング実技１（下肢のプライオメトリックス：パワートレーニング）
10:
第10回
ジャンプ・トレーニング実技２（下肢のプライオメトリックス：パワートレーニング）
11:
第11回
メディシンボール・トレーニング実技（上肢のプライオメトリックス：パワートレーニング）
12:
第12回
バランストレーニング実技１（スタビリティ・トレーニング）
13:
第13回
バランストレーニング実技１（バランスボール・トレーニング）
14:
第14回
総復習／総合的に復習を行います。",毎回、講師が作成したパワーポイントの配布資料（プリント）配布を行う。,ストレングス＆コンディショニングⅡエクササイズ編（NSCAジャパン編集）　大修館書店,"割合
評価基準
試験:
0％
試験は行いません。実習授業なので毎回の「到達度の確認」で評価します。
レポート:
10％
適宜必要な場合に適応します。
平常点評価:
70％
出席回数、学習意欲（実習への取り組み）などを評価します。
その他:
20％
授業内におけるグループワークでの実技発表の内容について評価します。","最終授業の際に総論としてまとめの授業を行い、全体に対するフィードバックを行う。
授業の出席状況に関して「試合」、「体験実習」等は出席扱いとして考慮します。",HSSA325W,健康／スポーツ科学,トレーナー,コンディショニング,上級レベル,コース選択科目,２年以上,1,日本語,【対面】
2026,HSSA223L,アスレティックコンディショニング実習　01,佐々部　孝紀,スポーツ,秋学期,水２時限,01:１００-２０３ 01:スポーツホール実習室１A 01:スポーツホール実習室１B 01:トレーニング室,本科目は、原則として以下の資格の受験予定の者を対象とします。 ・「日本スポ......,2000004839012026200000483920,,"本科目は、原則として以下の資格の受験予定の者を対象とします。
・「日本スポーツ協会公認アスレティックトレーナー（JSPO-AT）」を新カリキュラム（2023年度以降入学者）で受験する者
・「NSCA認定ストレングス＆コンディショニングスペシャリスト（CSCS）」を新カリキュラム（2024年度以降入学者）で受験する者
本講義では、器具を使ったウエイトトレーニング以外の様々なコンディショニング（自体重、柔軟性、スピード、プライオメトリクス、アジリティなど）を中心に基本的な実習を行い、各エクササイズのデモンストレーション能力を養います。また、プログラムデザインにおけるエクササイズ選択やアレンジができるようになることも目指しています。
※この科目は当該授業内容に関する実務の経験を有する教員等がその実務経験を活かして講義等を行う科目です。
※この科目は主として実践的な教育が行われる科目です。",①自体重、柔軟性、スピード、プライオメトリクス、アジリティの各エクササイズを理解し、デモンストレーションができるようになる。,各回の予習・復習には約90分～120分かかると想定されます。,"1:
第１回
オリエンテーション（本講義の概要）とコンディショニングの基礎理論（講義）
2:
第２回
柔軟性エクササイズ１（静的・動的・バリスティックストレッチング）
3:
第３回
柔軟性エクササイズ２（アライメントの修正）
4:
第４回
実技試験１
5:
第５回
自体重エクササイズ１（体幹・上肢）
6:
第６回
自体重エクササイズ２（下肢）
7:
第７回
実技試験２
8:
第８回
プライオメトリックエクササイズ１（体幹・上肢）
9:
第９回
プライオメトリックエクササイズ２（下肢）
10:
第１０回
実技試験３
11:
第１１回
プライオメトリックエクササイズ３（片脚）とスピードエクササイズ
12:
第１２回
方向転換エクササイズ
13:
第１３回
アジリティエクササイズ
14:
第１４回
実技試験４",,,"割合
評価基準
試験:
60％
授業内で扱ったエクササイズについて適切に実施できるようになっているか実技試験を4回に分けて実施します。
平常点評価:
40％
毎回の授業態度を評価します。",,HSSA223L,健康／スポーツ科学,トレーナー,コンディショニング,中級レベル（発展・応用）,コース選択科目,２年以上,1,日本語,【対面】
2026,HSSA223L,アスレティックコンディショニング実習　02,佐々部　孝紀,スポーツ,秋学期,水３時限,01:１００-２０３ 01:スポーツホール実習室１A 01:スポーツホール実習室１B 01:トレーニング室,本科目は、原則として以下の資格の受験予定の者を対象とします。 ・「日本スポ......,2000004839022026200000483920,,"本科目は、原則として以下の資格の受験予定の者を対象とします。
・「日本スポーツ協会公認アスレティックトレーナー（JSPO-AT）」を新カリキュラム（2023年度以降入学者）で受験する者
・「NSCA認定ストレングス＆コンディショニングスペシャリスト（CSCS）」を新カリキュラム（2024年度以降入学者）で受験する者
本講義では、器具を使ったウエイトトレーニング以外の様々なコンディショニング（自体重、柔軟性、スピード、プライオメトリクス、アジリティなど）を中心に基本的な実習を行い、各エクササイズのデモンストレーション能力を養います。また、プログラムデザインにおけるエクササイズ選択やアレンジができるようになることも目指しています。
※この科目は当該授業内容に関する実務の経験を有する教員等がその実務経験を活かして講義等を行う科目です。
※この科目は主として実践的な教育が行われる科目です。",①自体重、柔軟性、スピード、プライオメトリクス、アジリティの各エクササイズを理解し、デモンストレーションができるようになる。,各回の予習・復習には約90分～120分かかると想定されます。,"1:
第１回
オリエンテーション（本講義の概要）とコンディショニングの基礎理論（講義）
2:
第２回
柔軟性エクササイズ１（静的・動的・バリスティックストレッチング）
3:
第３回
柔軟性エクササイズ２（アライメントの修正）
4:
第４回
実技試験１
5:
第５回
自体重エクササイズ１（体幹・上肢）
6:
第６回
自体重エクササイズ２（下肢）
7:
第７回
実技試験２
8:
第８回
プライオメトリックエクササイズ１（体幹・上肢）
9:
第９回
プライオメトリックエクササイズ２（下肢）
10:
第１０回
実技試験３
11:
第１１回
プライオメトリックエクササイズ３（片脚）とスピードエクササイズ
12:
第１２回
方向転換エクササイズ
13:
第１３回
アジリティエクササイズ
14:
第１４回
実技試験４",,,"割合
評価基準
試験:
60％
授業内で扱ったエクササイズについて適切に実施できるようになっているか実技試験を4回に分けて実施します。
平常点評価:
40％
毎回の授業態度を評価します。",,HSSA223L,健康／スポーツ科学,トレーナー,コンディショニング,中級レベル（発展・応用）,コース選択科目,２年以上,1,日本語,【対面】
2026,HSSB151L,マーケティング論,菅原　尚子,スポーツ,秋学期,月５時限,79-201講義室,私たちは日頃から、消費者・ユーザーとして、様々な製品やサービスの消費行動を......,2000004842012026200000484220,,"私たちは日頃から、消費者・ユーザーとして、様々な製品やサービスの消費行動を行なっている。その行動の背景には、商品特性や価格、購買時の心理や世の中のトレンドなどを踏まえた消費者の選択があり、企業はこれらの「選択」を捉えるために、マーケティング活動を行っている。
本講義では、マーケティングの基本的な概念やフレームワークについて特徴や限界を学び、日常生活で接している商品・サービスなどの具体的な事例に適用し、「なぜ、この商品・サービスはヒットしたのか」「なぜ、企業はこのようなプロモーションを行ったのか」といった観点で、思考の整理を行なう。
上記を通して、変化していく環境の中で、事象を俯瞰的・客観的に捉える視点の感覚をつかむことを目的とする。","・マーケティングの基本概念やフレームワークを習得すること
・世の中で日々行われている消費活動の事例に対し、習得したマーケティングフレームワークを適用し、思考できるようになること",各回の配布資料の予習・復習として90分程度かけることを想定しています。,"1:
第１回：イントロダクション(本講義の目的と概要)
・本講義の目的
・本講義の進め方
2:
第２回：市場の選択とリサーチ
・マーケティングコンセプトの変遷
・事業機会や領域の選択
・マーケティングリサーチ
3:
第３回：消費者行動分析
・ニーズ分析
・消費者行動モデル
・イノベーションの普及過程
4:
第４回：マーケティングミックス（Product・製品）
・製品特性
・製品ライフサイクル
・新製品開発
5:
第５回：マーケティングミックス（Price：価格）
・損益分岐点分析
・価格戦略
6:
第６回：マーケティングミックス（Place：流通）
・流通の基本構造と変遷
・チャネル戦略（選択と管理）
7:
第７回：マーケティングミックス（Promotion・プロモーション①）
・消費者購買プロセスプロモーションの役割
・コミュニケーション手段
8:
第８回：マーケティングミックス（Promotion・プロモーション②）
・メディアミックスとクロスメディア
・広告媒体の選択
・リスク管理
9:
第９回：競争戦略①基本構造
・競争構造
・定石とされる競争戦略
10:
第10回：サービス商材のマーケティング
・サービス商材の分類と特性
・サービス商材の3つのマーケティング
・評価指標
11:
第11回：ブランド
・ブランドアイデンティティ
・ブランドマネジメント
・フィジカルアベイラビリティとメンタルアベイラビリティ
12:
第12回：競争戦略②変化する競争構造
・競争しない競争戦略
・リレーションシップマーケティングの意義とリスク対策
13:
第13回：マーケティングフレームワークの変化
・トレンドワードの概観
14:
第14回：まとめ＋到達度確認試験
・筆記試験による到達度確認を実施（予定）",パワーポイントのオリジナル講義資料(PDFにて配布)に沿って講義を行います。,"和田允夫、恩蔵直人、三浦俊彦著　「マーケティング戦略」第６版
酒井光雄、武田雅之著「全史×成功事例で読む「マーケティング」大全」
Dan Ariely著「予想通りに不合理」
※その他参考文献は必要に応じて、都度、授業中に紹介します。","割合
評価基準
試験:
70％
第14回目の授業時間中に試験を実施し、到達度の確認を行い、評価をします。
レポート:
内訳には含みませんが、加点対象として評価をします。
その他:
30％
講義への出席状況",,HSSB151L,健康／スポーツ科学,スポーツビジネス,スポーツマーケティング,初級レベル（入門・導入）,基礎科目,１年以上,2,日本語,【対面】
2026,HSSA131L,救急処置法実習（プール・ライフガード）,奥野　景介／石井　英一,スポーツ,秋学期,水２時限,所沢アクア・アリーナ,プールでの事故防止に携わるにあたり、自らの安全を確保し、監視・救助・救護等......,2000004843012026200000484320,,"プールでの事故防止に携わるにあたり、自らの安全を確保し、監視・救助・救護等の安全管理に適切に対応できる基礎的な知識と技能を身につけた者を養成する。
前提としては、一次救命処置（心肺蘇生、AEDを含む）のための基礎的な知識と技能を身につけ、突然に意識を失った人に対して適切に対応し、社会復帰率の向上に貢献できる方を養成する。およびウォーター・セーフティー（WS,水辺における活動の中で自らの安全を確保し、ライフセービングの最も基礎となる知識と技能を備え、事故防止に積極的に貢献できる者を養成する）を踏まえて履修する。
また、この授業により、水泳に関わる指導者的な立場（教員、各種インストラクターなど）に関わる方が、参加者の安全・安心な活動を支えることに貢献する。
水辺における活動の中で自らの安全を確保し、ライフセービングの最も基礎となる知識と技能を備えるため、CPRおよびAEDに関する知識と技術、応急手当を習得する。
またPLGでは水辺の事故防止や水難事故に対して適切に対応でき、より専門的で実践的な知識と技能を身につけた者を養成することを目標とする。","水辺における活動の中で自らの安全を確保し、ライフセービングの最も基礎となる知識と技能を備えるため、CPRおよびAEDに関する知識と技術、応急手当を習得する。
またPLGでは水辺の事故防止や水難事故に対して適切に対応でき、より専門的で実践的な知識と技能を身につけた者を養成することを目標とする。
（公財）日本ライフセービング協会の心肺蘇生（BLS【CPR＋AED】）資格とウォーターセーフティ(WS)資格、プールライフガーディング（PLG）資格を取得する。","各回の予習・復習には約90-120分かかると予想されます。
また、資格取得のための講習に6時間を必要とされます。","1:
第１回
ガイダンス、BLSとWSの意義
2:
第２回
水辺の事故の原因と防止、心肺蘇生の理論
3:
第３回
実技1 水辺の活動に伴う心肺蘇生の実際
4:
第４回
実技2 水辺の活動に伴うAEDの使用方法
5:
第５回
実技3 水辺の活動に伴う小児・乳児への心肺蘇生
6:
第６回
実技4　水辺の活動に伴う 気道異物除去
7:
第７回
実技5 溺水事故での心肺蘇生
8:
第８回
BLS　実技・筆記試験
9:
第９回
実技6 水の特性と事故要因
10:
第１０回
実技7 WSプログラムの実際
11:
第１１回
実技8 安全管理、学校教育とWS
12:
第１２回
実技9 水辺の活動に伴うファーストエイド１
13:
第１３回
実技10 水辺の活動に伴うファーストエイド２
14:
第１４回
WS PLG 実技・筆記試験",心肺蘇生教本、ウィーターセーフティ教本、プールライフガーディング教本 大修館書店,必要に応じて配布する。,"割合
評価基準
試験:
30％
実技試験及び筆記試験
平常点評価:
70％
授業への参加・貢献度","https://ls.jla-lifesaving.or.jp/academy/water-safety/
1.受講に必要な泳力：25メートル泳げる健康な方（泳法は自由）
2.資格取得に必要な費用
ベーシック・ライフ・セービング（BLS）4,730円
ウォーターセーフティ（WS）2,420円
プール・ライフ・ガーディング（PLG）22,000円
合計26,000円（資格取得希望者のみ）
資格取得の場合には、出席90%以上及び試験合格を要件とする。
3.その他
PLG
取得が主たる目標になりますが、
WS
及び
BLS
の２つのみの取得も認めます。",HSSA131L,健康／スポーツ科学,トレーナー,救急処置,初級レベル（入門・導入）,基礎科目,２年以上,1,日本語,【対面】
2026,HSSB242L,スポーツビジネス論（プロスポーツ）,町田　光,スポーツ,秋学期,木２時限,79-205大教室,「プロスポーツ」はスポーツをエンターテイメントとして広く社会（消費者、企......,2000004844012026200000484420,,"「プロスポーツ」はスポーツをエンターテイメントとして広く社会（消費者、企業、メディアなど）に提供し、収益の最大化を図ることで、リーグやチーム、そして選手が継続的に存在することができるシステムを構築しなければなりません。そこでは最高品質のスポーツの創造を行うのはもちろんですが、ブランディングやマーケティング、PR・コミュニケーション、社会貢献活動などの高度なビジネスを展開することが必要です。この授業では主にその点に主眼を置いて展開します。
消費財などを扱う多くの一般のビジネスは（例えば冷蔵庫）、その消費者への提供価値は「機能性」「利便性」「コストパフォーマンス」「損得」など、定量的で、数値化が容易なものです。つまりビジネスとしての取り組みが比較的容易です。それに対してスポーツの場合、人々に提供する価値は「感動」「喜び」「楽しい」「美しい」などの情緒的、感情的、感覚的価値であり、それは「数値化」「他との比較」「わかりやすい説明」には困難を要するものです。またもとよりスポーツは生活必需品ではないのです。そのようなものを扱うスポーツビジネスは実は高付加価値・高収益、高いブランド価値を生み出すビジネスとして、欧米では他のビジネス領域からも注目を浴びている存在なのです。
このような特質を持つスポーツビジネスの本質とそのリアルな姿を学ぶため、「スポーツビジネスとは何か」という根源をまずはしっかりと学びます。次いで、日本のJリーグや海外のNFLなど、多くの実例を挙げ、現状を知り、その成果や課題を明らかにしてゆきます。しかし常に「ビジネスとは何か、スポーツの価値とは何か」という本質的な問いかけを繰り返し行うことで、日本社会やスポーツそのものについて、その理解を深化させてゆきたいと思います。
なおこの科目は当確授業内容に関する実務の経験を有する教員等が、その実務経験を生かして講義を行う科目です。",まずプロスポーツを成立させる現代社会におけるスポーツの存在価値という点について、その社会背景と人々の心理や欲望の在り方について学びます。続いてプロスポーツ経営の基本的構造を学び、その後マーケティングやブランディングなどの各論に入ります。これらを通じて、プロスポーツのみならずスポーツ経営全般、更には「ビジネスとは何か」という基本的な事柄について、その本質を学びたいと思います。,各回の予習・復習には約90分～120分かかると想定されます。,"1:
第１回
はじめに、この授業の狙い、自己紹介
2:
第２回
日本のスポーツの過去と現在を俯瞰する　　日本のプロスポーツの経営規模と海外との比較、その「差異」の本質にあるもの
3:
第３回
今後の日本社会の行方とスポーツの存在価値を考える
4:
第４回
スポーツビジネスの基本的構造　１　（スポーツの「する」「見る」「関わる」を考える）
5:
第５回
スポーツビジネスの基本的構造　２　（スポーツの「生産」と「消費」を考える）
6:
第６回
スポーツマーケティング　１　（マーケティングとは何か）
7:
第７回
スポーツマーケティング　２　（スポーツマーケティングの具体的展開）
8:
第８回
スポーツにおける「ブランド」とは何か、その重要性と基本的構造
9:
第９回
スポーツにおけるブランド展開の成功例（海外）
10:
第10回
スポーツにおけるブランド展開（ブランディングの実際）
11:
第11回
スポーツにおけるブランド展開の新たな展開例（国内）
12:
第12回
スポーツビジネスを構成する主要素　　（リーグ、選手、チーム、ゲーム、スタジアム、メディア、広告代理店等）
13:
第13回
日本のスポーツビジネスの歴史と課題　プロ経営者育成の必要性　その方法
14:
第14回
スポーツビジネス論の振り返り　日本のスポーツビジネスの将来像",特に定めません,「スポーツを考える」（ちくま新書　多木浩二）、「ロックフェスの社会学（ミネルヴァ書房　永井純一）、「世界のエリートはなぜ美意識を鍛えるのか」（光文社　山口　周）,"割合
評価基準
試験:
0％
この授業では試験は行いません
レポート:
60％
与えられた課題を、講義を通じて学んだことと、添付の参考文献、そして自身の世界観、スポーツ観を絡めて自由に考察・記述していただきます。
平常点評価:
20％
毎回の講義に対する感想、意見、質問、疑問などを記入し、提出してもらいます。授業への積極性を評価します。
その他:
20％
出席を採ります",,HSSB242L,健康／スポーツ科学,スポーツビジネス,スポーツビジネスマネジメント,中級レベル（発展・応用）,コース選択科目,２年以上,2,日本語,【対面】
2026,HSSB225L,会計実務論,秋山　茂盛,スポーツ,秋学期,木１時限,79-401講義室,【この科目は、当該授業内容に関する監査・コンサルティング等実務経験30年以上......,2000004846012026200000484620,,"【この科目は、当該授業内容に関する監査・コンサルティング等実務経験30年以上を有する公認会計士である教員がその実務経験を活かして講義を行います】
●企業の決算書に馴染んでもらい、決算書の利用・読み解き方法を説明します。
●実際の企業において直面する諸取引・企業活動・意思決定のための情報収集/分析方法を説明します。
●企業の活動・取引実績を、正確に決算書に反映する会計手法を説明します。
●受講生は、全くの会計初心者レベルから公認会計士試験受験者レベルまで事前知識の差がありますが、学生の事前知識レベルに幅広く対応した授業を行います。
●学生の理解度・進捗度の把握を重視するため、授業中に数回出題する小テストの回答状況に応じて授業を進め、小テストや課題の回答結果を数値化し、公平に評価します。",,"簿記を勉強した経験がなくても、多くの学生は、講義内容を集中して聞いて確認用の小テストを受ければ、課題問題を解けるレベルに達しますが、
授業中の聴講だけでは理解が難しい場合は、授業中提示資料や会計関連の参考資料等を使って予習復習して下さい。","1:
第１回／オリエンテーション・財政状態開示の実務
会計実務の概要、経理知識の必要性、授業の進め方、成績評価方法等について説明します。
企業における財政状態開示の実務について説明します。
2:
第２回／損益状況開示の実務
企業における損益状況開示の実務について説明します。
3:
第３回／収益性・安全性分析実務
ステークホルダーによる企業の収益性・安全性分析実務について説明します。
4:
第４回／財務状況・資金効率・株価分析実務
ステークホルダーによる企業の財務状況・資金効率・株価分析実務について説明します。
5:
第５回／損益分岐点分析の実務
企業における損益分岐点分析の実務について説明します。
6:
第６回／簿記の予備知識
簿記の勉強を始めるにあたり理解が必要な「棚卸資産の入出庫管理」や「費用の期間帰属」等について説明します。
7:
第７回／簿記入門　簿記一巡
経済事象・取引を決算書に反映させるまでの一連の流れ「簿記一巡」について説明します。
8:
第８回／簿記基礎① 売買の処理
棚卸資産や固定資産の売買等に関する会計処理の実務について説明します。
9:
第９回／簿記基礎② 在庫の評価
棚卸資産の期末在庫の評価に関する会計処理の実務について説明します。
10:
第10回／簿記基礎③ 消費税・期間帰属①
消費税に関する会計処理の実務、時間の経過に伴い発生する費用に関する会計の実務について説明します。
11:
第11回／簿記基礎④ 期間帰属②・減価償却
時間の経過に伴い発生する費用に関する会計の実務、固定資産の減価償却に関する会計処理の実務について説明します。
12:
第12回／DCF・資産評価
企業・ステークホルダーにおけるDCF・資産評価に関する会計実務について説明します。
13:
第13回／税務
企業における税務に関する会計実務について説明します。
14:
第14回／外貨建て取引
企業における外貨建て取引に関する会計実務について説明します。",特に予定はしていません。,特に予定はしていません。,"割合
評価基準
平常点評価:
100％
●出席状況を基に単位付与の可否を評価します。
●毎授業における小テスト・課題の回答結果・所要時間等を基に成績評価を行います。","●授業での出欠確認・アンケート・小テスト・課題は、waseda moodle利用のため、PCを必ず持参して下さい。出題にはEXCEL等を使用します。
●公平を期すため、出席確認は厳正に行い、学年・要取得単位等は勘案せず成績評価します。
●授業毎の課題は、授業後半に出題し、回答所要時間を確保しますが、解ききれない場合は授業後の提出も可能です。",HSSB225L,健康／スポーツ科学,スポーツビジネス,スポーツ経営学,中級レベル（発展・応用）,コース選択科目,２年以上,2,日本語,【対面】
2026,HSSB253L,Theory and Practice of Global Sport Management,松岡　宏高,スポーツ,集中講義（秋学期）,無その他,教室未定,Through lectures by business experts (Lecturers of Georgetown University) ......,2000004847012026200000484720,,"Through lectures by business experts (Lecturers of Georgetown University) and inspection of sport business sites in the United States, the course provides a comprehensive understanding of the management functions needed for international sport business. Management functions include marketing, organizational strategy, finance, accounting, and facility and event management.","The course objectives are as follows:
1. To understand theories in management of global sport business,and
2. To understand practical management in glibal sport business.
In addition to the above, for graduate students,
3. to acquire the advanced ability to create business plans suitable for actual cases of sport business.","Students are required to attend several guidance sessions in advance and to learn about the subject in advance. After each lecture at Georgetown University, students will need to review themselves.","1:
第１回
Guidance and Pre-paper assignment
2:
第2回
Global sport management 1 (Lecture)
3:
第３回
Global sport management 2 (Lecture)
4:
第４回
Field experience in sport business 1
5:
第５回
Global
sport management 3 (Lecture)
6:
第６回
Global
sport management 4 (Lecture)
7:
第７回
Field experience in sport business 2
8:
第8回
Global
sport management 5 (Lecture)
9:
第9回
Global
sport management 6 (Lecture)
10:
第１０回
Field experience in sport business 3
11:
第１１回
Fieldexperience in sport business 4
12:
第１２回
Global
sport management 7 (Lecture)
13:
第１３回
Global
sport management 8 (Lecture)
14:
第14回
Presentation and discussion",,,"割合
評価基準
レポート:
20％
Pre-paper assignment, Final paper-assignment.
平常点評価:
60％
Active participation in classes.
Graduate students are required to moderate discussions.
その他:
20％
Creating and presenting a business plan.
Graduate students are required to be leaders of projects.","* GTU: Georgetown University
* All the lectures will be provided in English.
* Field experience may include watching Major League Baseball, Major League Soccer, College sports, etc.
* If there are less than 20 students, the class may be canceled.
Tentative Schedule
Day 1 (9/23): Departure from Tokyo by flight, Arrival to Washington DC, Field experience: visiting sport facilities
Day 2 (9/24): Lectures by experts, Field experience: visiting sport organizations and facilities
Day 3 (9/25): Lectures by experts, Field experience: visiting sport organizations and facilities
Day 4 (9/26): Field experience: visiting sport organizations and facilities
Day 5 (9/27): Departure from Washington DC, In-flight
Day 6 (9/28): In-flight, Arrival to Tokyo
「集中講義日程」はスポーツ科学部Webサイトで確認すること。
https://www.waseda.jp/fsps/sps/students-2/registration/",HSSB253L,健康／スポーツ科学,スポーツビジネス,スポーツマーケティング,中級レベル（発展・応用）,コース選択科目,２年以上,2,英語,【対面】
2026,HSSC215L,Sport and Culture in American Society,川島　浩平／深見　英一郎,スポーツ,春季集中,無その他,-,2026年度集中授業Sportand Culture in American Societyは、米国ワシントン州シ......,2000004848012026200000484820,現地滞在型スポーツ文化集中授業（春季）,"2026
年度集中授業
Sportand Culture in American Society
は、米国ワシントン州シアトル市のワシントン大学で、
2027
年
2
月
26
日（金）〜
3
月
7
日（日）におこないます。シアトルは、米国西海岸におけるアメリカンスポーツの拠点で日本人がよく知る中規模都市、ワシントン大学は早稲田の提携大学で、全米かつ国際的に評判の高い名門です。","本授業の到達目標は8つ（学部は7つ）、
１．ホームスティを通してアメリカの家庭生活と日常文化を学ぶ、
２．ハイスクールスポーツの文化と実践に関する理解を深める、
３．大学スポーツ（部活、同好会、授業）の文化と実践に関する理解を深める、
４．プロフェッショナルスポーツの文化と実践に関する理解を深める、
５．地域社会スポーツの文化と実践に関する理解を深める、
６．現地の大学生との交流を通じてキャンパス文化に関する理解を深める、
７．参加型の活動と視察、および講義・講演を通じて英語コミュニケーション能力を高める、
そして8．（大学院のみ）学部での到達目標7点に加えて、フィールドワーク（インタビュー調査、参与観察）をおこない、その成果を提出する、
です。",事前準備（現地情報の入手、滞在中のホストファミリー、アンバサダー交流のための通信等）、そして（大学院のみ）フィールドワーク実践のための準備学習です。,"1:
第１回（2月26日）（2024年度の実績を記します。学生アンケートを反映させ調整、修正あり）
第1日：成田発
/
シアトル着　チャーターバス
/
車両でワシントン大学キャンパスの
FIUTS
オフィスへ（眠気とたたかいながら）食事、プログラムオリエンテーション、ウェルカムディナー
2:
第２回
第2日：
モーニングミーティング（プログラム担当者紹介、質疑応答）アイススケート場視察　ランチ（ランチ代は給付される）
3:
第３回
第3日：
モーニングミーティングアメフトスタジアム（
Lumen Field
）ツアー
/
スタジアムショップでの買い物
4:
第４回
第4日：
ホストファミリーとの自由時間（週末）
5:
第５回
第5日：
ホストファミリーとの自由時間（午前中）ホテルへの荷物搬入（午後）
6:
第６回
第6日：
ホームスティ振り返りハイスクール（
Chief Sealth High School
）訪問・視察
7:
第７回
第7日：
アクロバットスクール（
SANCA
：
Schoolof Acrobatics and Circus Arts
）訪問・視察シアトルダウンタウン視察（
Wingsover WA
、パイクプレイスマーケット）
8:
第８回
第8日：
ボルダリングジム（
Momentum Climbing Gym
）訪問・視察スターバックス本社でのランチ（ランチ代は給付される）、修了式　フェアウェルディナー
9:
第９回
シアトル発（翌日）成田着
10:
第１０回
8
泊
10
日（
1
機内泊）のため、事前活動での代替、事後活動を予定
11:
第１１回
8
泊
10
日（
1
機内泊）のため、事前活動での代替、事後活動を予定
12:
第１２回
8
泊
10
日（
1
機内泊）のため、事前活動での代替、事後活動を予定
13:
第１３回
8
泊
10
日（
1
機内泊）のため、事前活動での代替、事後活動を予定
14:
第１４回
8
泊
10
日（
1
機内泊）のため、事前活動での代替、事後活動を予定",参加者人数を確認後、FIUTSと調整して決定,参加者人数を確認後、FIUTSと調整して決定,"割合
評価基準
レポート:
50％
出発前に提出
平常点評価:
50％
集中授業中の活動、提出物で評価","●
授業の実施にあたって
FIUTS
（
Foundation for International Understanding ThroughStudents,
https://www.fiuts.org/
）という、ワシントン大学を拠点とする非営利団体（
NPO
）の協力を得る
●
2024
年度参加費用（参考）
プログラムフィー（食費・宿泊費・含む）：2600ドル（10人以上参加の場合）
これに加え、往復航空券・ビザ取得費用・海外旅行保険料・滞在中費用等が発生します。
※
為替レートの変動、米国物価の動向により金額は変動しますので、あくまでも参考としてください。
集中講義日程はこちら：
https://www.waseda.jp/fsps/sps/students-2/registration/",HSSC215L,健康／スポーツ科学,スポーツ文化,スポーツ人類学,中級レベル（発展・応用）,コース選択科目,２年以上,2,英語,【対面】
2026,HSSC156L,アジア・スポーツ文化論,高嶋　航,スポーツ,秋学期,月２時限,79-201講義室,アジアのスポーツ、とくに我々にとって身近な東アジアのスポーツを歴史的視点か......,2000004849012026200000484920,歴史の視点から考える,アジアのスポーツ、とくに我々にとって身近な東アジアのスポーツを歴史的視点から考えてみたい。とくに、スポーツと社会、スポーツと政治の関わり、およびその変化を概説する。現在、アジア諸国の間には政治、経済、外交などさまざまな側面で数多くの対立、矛盾を抱えている。アジアの一員として、その歴史的背景を知っておくことは、現在のアジアのスポーツを理解するためにはもちろんのこと、スポーツを通じた友好親善を実践するためにも、必須の条件であろう。,我々にとって身近なアジアのスポーツ、とりわけ東アジアのスポーツについて、歴史的視点から理解するとともに、歴史学の研究法について学ぶ。,各回の予習・復習は約90分かかると想定されます。,"1:
第１回
イントロダクション　アジアのスポーツと歴史
2:
第２回
西洋との出会い
弓術と近代
3:
第３回
水泳から見た土着と近代
4:
第４回
海水浴と水着の社会史
5:
第５回
登山の社会史
6:
第６回
柔道・女性・東アジア
7:
第７回
軟式庭球：文明と文化の視点から
8:
第８回
野球と東アジア
9:
第９回
女子野球の歴史
10:
第１０回
サッカーの東アジア史
11:
第１１回
明治神宮競技大会と国民体育大会
12:
第１２回
アジアと国際競技会
13:
第１３回
スポーツの日中交流
14:
第１４回
総括",なし,"坂上康博、中房敏朗、石井昌幸、高嶋航編『スポーツの世界史』一色出版、2018年
高嶋航『スポーツからみる東アジア史』岩波書店、2021年","割合
評価基準
レポート:
30％
学期末に課すレポートによって評価します。
平常点評価:
70％
授業への出席、および授業中に実施するクイズによって評価します。",,HSSC156L,健康／スポーツ科学,スポーツ文化,スポーツ社会学,初級レベル（入門・導入）,コース基礎科目,２年以上,2,日本語,【対面】
2026,HSSC156L,スポーツ文化研究入門,川島　浩平／工藤　龍太／佐々木　陸摩／星野　映／劉　暢,スポーツ,秋学期,月４時限,79-401講義室,この授業は、スポーツ文化研究の入門として、歴史的文脈、地理的背景、方法論の......,2000004850012026200000485020,スポーツ文化の多様性と越境・交流の可能性,この授業は、スポーツ文化研究の入門として、歴史的文脈、地理的背景、方法論の多様性を視野にいれながら、スポーツ文化研究とはなにかを具体的に、最新の情報を盛り込みながら、初学者にもわかりやすく紹介・解説します。,受講者は、スポーツ文化研究の基礎となる概念や方法論を、異なる歴史的文脈や、異なる地理的背景にあてはめながら学習し、これらの概念や方法論について理解することができます。そして、演習I～IVおよび卒業研究において、本授業での学習内容を、応用し、分析し、評価し、自立的な解釈や主張を創造するための基礎を構築することができます。,各回の予習・復習には90分程度かかると想定されます。各担当教員の授業資料を復習しつつ、紹介された文献についても意欲があれば読んでみて下さい。,"1:
第１回 ／ 第１回：オリエンテーション（本講義の目的と概要）
オリエンテーション（本講義の目的と概要） ／ 本講義の目的と概要について説明します。
2:
第２回　殺人術から健康法へ：中国武術の3000年の「進化」（劉）
キーワード：古代中国、軍事史、文化変容、グローバリゼーション、競技化
3:
第3回　「より遅く、より弱く、より調和的」：中国哲学とスポーツの関わり（劉）
キーワード：東洋思想、道教、文化帝国主義、ポストコロニアリズム、オリンピック、太極拳、気功
4:
第4回　中国の「百年の夢」：オリンピックへの期待と影響（劉）
キーワード：近代中国、オリンピック、メディア、国家、政治、ナショナリズム
5:
第5回　世紀転換期のフランス社会とスポーツ：（星野）
キーワード：イギリス・スポーツ、体操、メディア、ピエール・ド・クーベルタン、近代オリンピック
6:
第6回　第一次世界大戦～戦間期のフランス社会とスポーツ：（星野）
キーワード：ナショナリズム、民主化、観るスポーツ、
FIFA
ワールドカップ、世界恐慌、ファシズム、レジャー
7:
第7回　第二次世界大戦～戦後のフランス社会とスポーツ：（星野）
キーワード：スポーツと戦争、スポーツ政策、スポーツの伝播、大衆化
8:
第８回　日本スポーツの黎明：体育・スポーツの系譜（佐々木）
キーワード：明治・大正期、学校、軍隊、衛生、体操、運動
9:
第９回　日本スポーツの発展：スポーツと医学の交錯（佐々木）
キーワード：大正・昭和戦前期、オリンピック、極東大会、体育政策、アマチュア・スポーツマン
10:
第10回 日本スポーツの展開：スポーツ医学の興隆と転回（佐々木）
キーワード：昭和戦前・戦後期、幻の東京オリンピック、体力政策、体育学
11:
第１１回　スポーツ文化研究における武道研究
キーワード：近代スポーツ、スポーツの起源論、スポーツの社会調査方法
12:
第１２回　日本と海外における柔術の展開
キーワード：柔術、柔道、近代武道、スポーツの伝播論
13:
第１３回　武道ツーリズムとは何か
キーワード：ツーリズム、スポーツ政策、文化資本
14:
第１４回　まとめ
全体を振り返り、学習内容の再確認をおこないます。",授業時に適宜紹介する。,授業時に適宜紹介する。,"割合
評価基準
平常点評価:
100％
毎回の授業で提出する授業感想レポートまたは他の形式の課題をもとに評価をする。",,HSSC156L,健康／スポーツ科学,スポーツ文化,スポーツ社会学,初級レベル（入門・導入）,コース基礎科目,２年以上,2,日本語,【対面】
